category,clasificacion,code8,description
Hostelería y restauración,Suministros,03000000,"Productos de la agricultura, ganadería, pesca, silvicultura y productos afines"
Hostelería y restauración,Suministros,03100000,Productos de la agricultura y horticultura
Hostelería y restauración,Suministros,03110000,"Cultivos, productos comerciales de jardinería y horticultura"
Hostelería y restauración,Suministros,03111000,Semillas
Hostelería y restauración,Suministros,03111100,Soja
Hostelería y restauración,Suministros,03111200,Cacahuetes
Hostelería y restauración,Suministros,03111300,Semillas de girasol
Hostelería y restauración,Suministros,03111400,Semillas de algodón
Hostelería y restauración,Suministros,03111500,Semillas de sésamo
Hostelería y restauración,Suministros,03111600,Semillas de mostaza
Hostelería y restauración,Suministros,03111700,Semillas de hortalizas
Hostelería y restauración,Suministros,03111800,Semillas de frutos
Hostelería y restauración,Suministros,03111900,Semillas de flores
Hostelería y restauración,Suministros,03112000,Tabaco sin elaborar
Hostelería y restauración,Suministros,03113000,Plantas utilizadas para la fabricación de azúcar
Hostelería y restauración,Suministros,03113100,Remolacha azucarera
Hostelería y restauración,Suministros,03113200,Caña de azúcar
Hostelería y restauración,Suministros,03114000,Paja y plantas forrajeras
Hostelería y restauración,Suministros,03114100,Paja
Hostelería y restauración,Suministros,03114200,Plantas forrajeras
Hostelería y restauración,Suministros,03115000,Materias vegetales en bruto
Hostelería y restauración,Suministros,03115100,Materias vegetales en bruto utilizadas en la fabricación de textiles
Hostelería y restauración,Suministros,03115110,Algodón
Hostelería y restauración,Suministros,03115120,Yute
Hostelería y restauración,Suministros,03115130,Lino
Hostelería y restauración,Suministros,03116000,Caucho y látex naturales y productos afines
Hostelería y restauración,Suministros,03116100,Caucho natural
Hostelería y restauración,Suministros,03116200,Látex natural
Hostelería y restauración,Suministros,03116300,Productos de látex
Hostelería y restauración,Suministros,03117000,Plantas utilizadas para usos específicos
Hostelería y restauración,Suministros,03117100,"Plantas utilizadas en perfumería o farmacia, o en la elaboración de insecticidas o con fines análogos"
Hostelería y restauración,Suministros,03117110,Plantas utilizadas en perfumería
Hostelería y restauración,Suministros,03117120,Plantas utilizadas en farmacia
Hostelería y restauración,Suministros,03117130,Plantas utilizadas en la elaboración de insecticidas
Hostelería y restauración,Suministros,03117140,Plantas utilizadas en la elaboración de pesticidas o fungicidas o con fines análogos
Hostelería y restauración,Suministros,03117200,Semillas de plantas utilizadas para usos específicos
Hostelería y restauración,Suministros,03120000,Productos de horticultura y viveros
Hostelería y restauración,Suministros,03121000,Productos de horticultura
Hostelería y restauración,Suministros,03121100,"Plantas vivas, bulbos, raíces y esquejes"
Hostelería y restauración,Suministros,03121200,Flores cortadas
Hostelería y restauración,Suministros,03121210,Arreglos florales
Hostelería y restauración,Suministros,03130000,Cultivos de especias y de plantas para bebidas
Hostelería y restauración,Suministros,03131000,Cultivos de plantas para bebidas
Hostelería y restauración,Suministros,03131100,Café en grano
Hostelería y restauración,Suministros,03131200,Plantas de té
Hostelería y restauración,Suministros,03131300,Mate
Hostelería y restauración,Suministros,03131400,Cacao en grano
Hostelería y restauración,Suministros,03132000,Especias no manufacturadas
Hostelería y restauración,Suministros,03140000,Productos de origen animal y productos afines
Hostelería y restauración,Suministros,03141000,Semen de toro
Hostelería y restauración,Suministros,03142000,Productos de origen animal
Hostelería y restauración,Suministros,03142100,Miel natural
Hostelería y restauración,Suministros,03142200,Caracoles
Hostelería y restauración,Suministros,03142300,Productos comestibles de origen animal
Hostelería y restauración,Suministros,03142400,Ceras
Hostelería y restauración,Suministros,03142500,Huevos
Hostelería y restauración,Suministros,03143000,Productos de cultivo mixto
Hostelería y restauración,Suministros,03144000,Productos para la agricultura
Hostelería y restauración,Suministros,03200000,"Cereales, patatas, hortalizas, frutas y frutos de cáscara"
Hostelería y restauración,Suministros,03210000,Cereales y patatas
Hostelería y restauración,Suministros,03211000,Cereales
Hostelería y restauración,Suministros,03211100,Trigo
Hostelería y restauración,Suministros,03211110,Trigo duro
Hostelería y restauración,Suministros,03211120,Trigo blando
Hostelería y restauración,Suministros,03211200,Maíz
Hostelería y restauración,Suministros,03211300,Arroz
Hostelería y restauración,Suministros,03211400,Cebada
Hostelería y restauración,Suministros,03211500,Centeno
Hostelería y restauración,Suministros,03211600,Avena
Hostelería y restauración,Suministros,03211700,Malta
Hostelería y restauración,Suministros,03211900,Productos de granos
Hostelería y restauración,Suministros,03212000,Patatas y legumbres secas
Hostelería y restauración,Suministros,03212100,Patatas
Hostelería y restauración,Suministros,03212200,Legumbres y hortalizas leguminosas secas
Hostelería y restauración,Suministros,03212210,Leguminosas secas
Hostelería y restauración,Suministros,03212211,Lentejas
Hostelería y restauración,Suministros,03212212,Garbanzos
Hostelería y restauración,Suministros,03212213,Guisantes secos
Hostelería y restauración,Suministros,03212220,Legumbres
Hostelería y restauración,Suministros,03220000,"Hortalizas, frutas y frutos de cáscara"
Hostelería y restauración,Suministros,03221000,Hortalizas
Hostelería y restauración,Suministros,03221100,Hortalizas de raíz y tubérculo
Hostelería y restauración,Suministros,03221110,Hortalizas de raíz
Hostelería y restauración,Suministros,03221111,Remolachas
Hostelería y restauración,Suministros,03221112,Zanahorias
Hostelería y restauración,Suministros,03221113,Cebollas
Hostelería y restauración,Suministros,03221114,Nabos
Hostelería y restauración,Suministros,03221120,Hortalizas de tubérculo
Hostelería y restauración,Suministros,03221200,Frutos hortícolas
Hostelería y restauración,Suministros,03221210,Judías
Hostelería y restauración,Suministros,03221211,Habas
Hostelería y restauración,Suministros,03221212,Judías verdes
Hostelería y restauración,Suministros,03221213,Judías pintas
Hostelería y restauración,Suministros,03221220,Guisantes
Hostelería y restauración,Suministros,03221221,Guisantes de huerta
Hostelería y restauración,Suministros,03221222,Guisantes mollares
Hostelería y restauración,Suministros,03221230,Pimientos
Hostelería y restauración,Suministros,03221240,Tomates
Hostelería y restauración,Suministros,03221250,Calabacines
Hostelería y restauración,Suministros,03221260,Champiñones
Hostelería y restauración,Suministros,03221270,Pepinos
Hostelería y restauración,Suministros,03221300,Hortalizas de hoja
Hostelería y restauración,Suministros,03221310,Lechuga
Hostelería y restauración,Suministros,03221320,Hojas para ensalada
Hostelería y restauración,Suministros,03221330,Alcachofas
Hostelería y restauración,Suministros,03221340,Espinacas
Hostelería y restauración,Suministros,03221400,Coles
Hostelería y restauración,Suministros,03221410,Repollos
Hostelería y restauración,Suministros,03221420,Coliflores
Hostelería y restauración,Suministros,03221430,Brécoles
Hostelería y restauración,Suministros,03221440,Coles de Bruselas
Hostelería y restauración,Suministros,03222000,Frutas y frutos de cáscara
Hostelería y restauración,Suministros,03222100,Frutas y frutos de cáscara tropicales
Hostelería y restauración,Suministros,03222110,Frutas tropicales
Hostelería y restauración,Suministros,03222111,Plátanos
Hostelería y restauración,Suministros,03222112,Piñas
Hostelería y restauración,Suministros,03222113,Mangos
Hostelería y restauración,Suministros,03222114,Dátiles
Hostelería y restauración,Suministros,03222115,Pasas
Hostelería y restauración,Suministros,03222116,Higos
Hostelería y restauración,Suministros,03222117,Aguacates
Hostelería y restauración,Suministros,03222118,Kiwis
Hostelería y restauración,Suministros,03222120,Cocos
Hostelería y restauración,Suministros,03222200,Cítricos
Hostelería y restauración,Suministros,03222210,Limones
Hostelería y restauración,Suministros,03222220,Naranjas
Hostelería y restauración,Suministros,03222230,Pomelos
Hostelería y restauración,Suministros,03222240,Naranjas tangerinas
Hostelería y restauración,Suministros,03222250,Limas
Hostelería y restauración,Suministros,03222300,Frutas no tropicales
Hostelería y restauración,Suministros,03222310,Bayas
Hostelería y restauración,Suministros,03222311,Pasas de Corinto
Hostelería y restauración,Suministros,03222312,Grosellas silvestres
Hostelería y restauración,Suministros,03222313,Fresas
Hostelería y restauración,Suministros,03222314,Frambuesas
Hostelería y restauración,Suministros,03222315,Arándanos
Hostelería y restauración,Suministros,03222320,"Manzanas, peras y membrillos"
Hostelería y restauración,Suministros,03222321,Manzanas
Hostelería y restauración,Suministros,03222322,Peras
Hostelería y restauración,Suministros,03222323,Membrillos
Hostelería y restauración,Suministros,03222330,Frutas de hueso
Hostelería y restauración,Suministros,03222331,Albaricoques
Hostelería y restauración,Suministros,03222332,Melocotones
Hostelería y restauración,Suministros,03222333,Cerezas
Hostelería y restauración,Suministros,03222334,Ciruelas
Hostelería y restauración,Suministros,03222340,Uvas
Hostelería y restauración,Suministros,03222341,Uvas de mesa
Hostelería y restauración,Suministros,03222342,Uvas de vino
Hostelería y restauración,Suministros,03222400,Aceitunas
Hostelería y restauración,Suministros,03300000,"Productos de la ganadería, la caza y la pesca"
Hostelería y restauración,Suministros,03310000,"Pescado, crustáceos y productos acuáticos"
Hostelería y restauración,Suministros,03311000,Pescado
Hostelería y restauración,Suministros,03311100,Pescado plano
Hostelería y restauración,Suministros,03311110,Lenguado
Hostelería y restauración,Suministros,03311120,Solla
Hostelería y restauración,Suministros,03311200,Pescados de la familia del bacalao
Hostelería y restauración,Suministros,03311210,Bacalao
Hostelería y restauración,Suministros,03311220,Abadejo
Hostelería y restauración,Suministros,03311230,Merluza
Hostelería y restauración,Suministros,03311240,Eglefino
Hostelería y restauración,Suministros,03311300,Arenque
Hostelería y restauración,Suministros,03311400,Atún
Hostelería y restauración,Suministros,03311500,Merlán
Hostelería y restauración,Suministros,03311600,Morralla
Hostelería y restauración,Suministros,03311700,Salmón
Hostelería y restauración,Suministros,03312000,Crustáceos
Hostelería y restauración,Suministros,03312100,Ostras
Hostelería y restauración,Suministros,03312200,Moluscos
Hostelería y restauración,Suministros,03312300,Invertebrados acuáticos
Hostelería y restauración,Suministros,03313000,Productos acuáticos
Hostelería y restauración,Suministros,03313100,Corales o productos similares
Hostelería y restauración,Suministros,03313200,Esponjas naturales
Hostelería y restauración,Suministros,03313300,Algas marinas
Hostelería y restauración,Suministros,03313310,Algas
Hostelería y restauración,Suministros,03320000,Ganado y animales pequeños
Hostelería y restauración,Suministros,03321000,Ganado bovino
Hostelería y restauración,Suministros,03321100,Bovinos adultos
Hostelería y restauración,Suministros,03321200,Terneros
Hostelería y restauración,Suministros,03322000,Ganado no bovino
Hostelería y restauración,Suministros,03322100,Ovejas
Hostelería y restauración,Suministros,03322200,Cabras
Hostelería y restauración,Suministros,03322300,Caballos
Hostelería y restauración,Suministros,03323000,Cerdos
Hostelería y restauración,Suministros,03324000,Aves de corral vivas
Hostelería y restauración,Suministros,03325000,Animales pequeños
Hostelería y restauración,Suministros,03325100,Conejos
Hostelería y restauración,Suministros,03325200,Liebres
Hostelería y restauración,Suministros,03330000,Productos de animales de granja
Hostelería y restauración,Suministros,03331000,Leche fresca de oveja y de cabra
Hostelería y restauración,Suministros,03331100,Leche de oveja
Hostelería y restauración,Suministros,03331200,Leche de cabra
Hostelería y restauración,Suministros,03332000,Lana y pelo de animales
Hostelería y restauración,Suministros,03332100,Lana de esquila
Hostelería y restauración,Suministros,03332200,Pelo de animal
Hostelería y restauración,Suministros,03333000,Leche fresca de vaca
Hostelería y restauración,Suministros,03340000,Marcas auriculares para animales
Hostelería y restauración,Suministros,03341000,Marcas auriculares para ganado bovino
Hostelería y restauración,Suministros,03400000,Productos de la silvicultura y de la explotación forestal
Hostelería y restauración,Suministros,03410000,Madera
Hostelería y restauración,Suministros,03411000,Madera de coníferas
Hostelería y restauración,Suministros,03412000,Madera de especies tropicales
Hostelería y restauración,Suministros,03413000,Madera para calefacción
Hostelería y restauración,Suministros,03414000,Madera en bruto
Hostelería y restauración,Suministros,03415000,Madera blanda
Hostelería y restauración,Suministros,03416000,Residuos de madera
Hostelería y restauración,Suministros,03417000,Madera de desecho
Hostelería y restauración,Suministros,03417100,Serrín
Hostelería y restauración,Suministros,03418000,Troncos
Hostelería y restauración,Suministros,03418100,Madera dura
Hostelería y restauración,Suministros,03419000,Madera de construcción
Hostelería y restauración,Suministros,03419100,Productos de madera
Hostelería y restauración,Suministros,03419200,Madera de mina
Hostelería y restauración,Suministros,03420000,Gomas
Hostelería y restauración,Suministros,03421000,Bálsamos
Hostelería y restauración,Suministros,03422000,Laca
Hostelería y restauración,Suministros,03430000,Corcho
Hostelería y restauración,Suministros,03431000,Corcho natural
Hostelería y restauración,Suministros,03432000,Artículos de cestería
Hostelería y restauración,Suministros,03432100,Artículos de espartería
Hostelería y restauración,Suministros,03440000,Productos de la silvicultura
Hostelería y restauración,Suministros,03441000,"Plantas, hierbas, musgos o líquenes para uso ornamental"
Hostelería y restauración,Suministros,03450000,Productos de vivero
Hostelería y restauración,Suministros,03451000,Plantas
Hostelería y restauración,Suministros,03451100,Plantas para trasplantar
Hostelería y restauración,Suministros,03451200,Bulbos florales
Hostelería y restauración,Suministros,03451300,Arbustos
Hostelería y restauración,Suministros,03452000,Árboles
Hostelería y restauración,Suministros,03460000,Pasta de celulosa
Hostelería y restauración,Suministros,03461000,Pasta de madera
Hostelería y restauración,Suministros,03461100,Pasta química de madera
Energía,Suministros,09000000,"Derivados del petróleo, combustibles, electricidad y otras fuentes de energía"
Energía,Suministros,09100000,Combustibles
Energía,Suministros,09110000,Combustibles sólidos
Energía,Suministros,09111000,Carbón y combustibles derivados del carbón
Energía,Suministros,09111100,Carbón
Energía,Suministros,09111200,Combustibles derivados del carbón
Energía,Suministros,09111210,Antracita
Energía,Suministros,09111220,Briquetas
Energía,Suministros,09111300,Combustibles fósiles
Energía,Suministros,09111400,Combustibles de madera
Energía,Suministros,09112000,Lignito y turba
Energía,Suministros,09112100,Lignito
Energía,Suministros,09112200,Turba
Energía,Suministros,09113000,Coque
Energía,Suministros,09120000,Combustibles gaseosos
Energía,Suministros,09121000,"Gas de hulla, gas de red o gases similares"
Energía,Suministros,09121100,Gas de hulla o gases similares
Energía,Suministros,09121200,Gas de red
Energía,Suministros,09122000,Propano y butano
Energía,Suministros,09122100,Gas propano
Energía,Suministros,09122110,Gas propano licuado
Energía,Suministros,09122200,Gas butano
Energía,Suministros,09122210,Gas butano licuado
Energía,Suministros,09123000,Gas natural
Energía,Suministros,09130000,Petróleo y destilados
Energía,Suministros,09131000,Queroseno de aviación
Energía,Suministros,09131100,Combustibles tipo queroseno para reactores
Energía,Suministros,09132000,Gasolina
Energía,Suministros,09132100,Gasolina sin plomo
Energía,Suministros,09132200,Gasolina con plomo
Energía,Suministros,09132300,Gasolina con etanol
Energía,Suministros,09133000,Gas licuado del petróleo (GLP)
Energía,Suministros,09134000,Gasóleos
Energía,Suministros,09134100,Gasoil
Energía,Suministros,09134200,Combustible para motores diésel
Energía,Suministros,09134210,Combustible para motores diésel (0.2)
Energía,Suministros,09134220,Combustible para motores diésel (EN 590)
Energía,Suministros,09134230,Biodiésel
Energía,Suministros,09134231,Biodiésel (B20)
Energía,Suministros,09134232,Biodiésel (B100)
Energía,Suministros,09135000,Aceites combustibles
Energía,Suministros,09135100,Petróleo para calefacción
Energía,Suministros,09135110,Aceites combustibles con bajo contenido de azufre
Energía,Suministros,09200000,"Productos del petróleo, del carbón y de aceites minerales"
Energía,Suministros,09210000,Preparados lubricantes
Energía,Suministros,09211000,Aceites lubricantes y agentes lubricantes
Energía,Suministros,09211100,Aceites para motores
Energía,Suministros,09211200,Aceites para compresores
Energía,Suministros,09211300,Aceites para turbinas
Energía,Suministros,09211400,Aceites para engranajes
Energía,Suministros,09211500,Aceites para reductores
Energía,Suministros,09211600,Aceites para sistemas hidráulicos y otros usos
Energía,Suministros,09211610,Líquidos para uso hidráulico
Energía,Suministros,09211620,Aceites de desmoldado
Energía,Suministros,09211630,Aceites anticorrosión
Energía,Suministros,09211640,Aceites para aislamiento eléctrico
Energía,Suministros,09211650,Líquidos de frenos
Energía,Suministros,09211700,Aceites blancos y parafinas líquidas
Energía,Suministros,09211710,Aceites blancos
Energía,Suministros,09211720,Parafinas líquidas
Energía,Suministros,09211800,Aceites de petróleo y preparados
Energía,Suministros,09211810,Aceites ligeros
Energía,Suministros,09211820,Aceites de petróleo
Energía,Suministros,09211900,Aceites lubricantes para motores de tracción
Energía,Suministros,09220000,"Vaselina, ceras de petróleo y gasolinas especiales"
Energía,Suministros,09221000,Vaselina y ceras de petróleo
Energía,Suministros,09221100,Vaselina
Energía,Suministros,09221200,Parafina
Energía,Suministros,09221300,Cera de petróleo
Energía,Suministros,09221400,Residuos de petróleo
Energía,Suministros,09222000,Gasolinas especiales
Energía,Suministros,09222100,Trementina mineral
Energía,Suministros,09230000,Petróleo (crudo)
Energía,Suministros,09240000,Productos derivados del carbón o de aceites minerales
Energía,Suministros,09241000,Esquistos bituminosos o petrolíferos
Energía,Suministros,09242000,Productos derivados del carbón
Energía,Suministros,09242100,Aceite de alquitrán
Energía,Suministros,09300000,"Electricidad, calefacción, energías solar y nuclear"
Energía,Suministros,09310000,Electricidad
Energía,Suministros,09320000,"Vapor, agua caliente y productos afines"
Energía,Suministros,09321000,Agua caliente
Energía,Suministros,09322000,Vapor
Energía,Suministros,09323000,Calefacción urbana
Energía,Suministros,09324000,Calefacción a larga distancia
Energía,Suministros,09330000,Energía solar
Energía,Suministros,09331000,Placas solares
Energía,Suministros,09331100,Captadores solares para la producción de calor
Energía,Suministros,09331200,Módulos solares fotovoltaicos
Energía,Suministros,09332000,Instalación solar
Energía,Suministros,09340000,Combustibles nucleares
Energía,Suministros,09341000,Uranio
Energía,Suministros,09342000,Plutonio
Energía,Suministros,09343000,Materiales radiactivos
Energía,Suministros,09344000,Radioisótopos
Industria y maquinaria,Suministros,14000000,"Productos de la minería, de metales de base y productos afines"
Industria y maquinaria,Suministros,14200000,Arena y arcilla
Industria y maquinaria,Suministros,14210000,"Grava, arena, piedras machacadas y agregados"
Industria y maquinaria,Suministros,14211000,Arena
Industria y maquinaria,Suministros,14211100,Arena natural
Industria y maquinaria,Suministros,14212000,"Gránulos, gravilla, polvo de piedra, guijarros, grava, piedras partidas y machacadas, mezclas de piedra, mezclas arena-grava y demás agregados"
Industria y maquinaria,Suministros,14212100,Guijarros y grava
Industria y maquinaria,Suministros,14212110,Grava
Industria y maquinaria,Suministros,14212120,Guijarros
Industria y maquinaria,Suministros,14212200,Agregados
Industria y maquinaria,Suministros,14212210,Mezcla arena-grava
Industria y maquinaria,Suministros,14212300,Piedra partida y machacada
Industria y maquinaria,Suministros,14212310,Balasto
Industria y maquinaria,Suministros,14212320,Granito machacado
Industria y maquinaria,Suministros,14212330,Basalto machacado
Industria y maquinaria,Suministros,14212400,Suelo
Industria y maquinaria,Suministros,14212410,Tierra vegetal
Industria y maquinaria,Suministros,14212420,Subsuelo
Industria y maquinaria,Suministros,14212430,Gravilla
Industria y maquinaria,Suministros,14213000,"Macadán, macadán bituminoso y arenas bituminosas"
Industria y maquinaria,Suministros,14213100,Macadán
Industria y maquinaria,Suministros,14213200,Macadán bituminoso
Industria y maquinaria,Suministros,14213300,Arenas bituminosas
Industria y maquinaria,Suministros,14220000,Arcilla y caolín
Industria y maquinaria,Suministros,14221000,Arcilla
Industria y maquinaria,Suministros,14222000,Caolín
Industria y maquinaria,Suministros,14300000,Minerales químicos y abonos minerales
Industria y maquinaria,Suministros,14310000,Abonos minerales
Industria y maquinaria,Suministros,14311000,"Calcio natural, fosfato aluminocálcico y sales de potasio natural en bruto"
Industria y maquinaria,Suministros,14311100,Calcio natural
Industria y maquinaria,Suministros,14311200,Fosfatos aluminocálcicos
Industria y maquinaria,Suministros,14311300,Sales de potasio natural en bruto
Industria y maquinaria,Suministros,14312000,Piritas de hierro
Industria y maquinaria,Suministros,14312100,Piritas de hierro sin tostar
Industria y maquinaria,Suministros,14320000,Minerales químicos
Industria y maquinaria,Suministros,14400000,Sal y cloruro de sodio puro
Industria y maquinaria,Suministros,14410000,Sal gema
Industria y maquinaria,Suministros,14420000,Sal marina
Industria y maquinaria,Suministros,14430000,Sal evaporada y cloruro de sodio puro
Industria y maquinaria,Suministros,14450000,Salmuera
Industria y maquinaria,Suministros,14500000,Productos relacionados con la explotación de minas y canteras
Industria y maquinaria,Suministros,14520000,Piedras preciosas y semipreciosas; piedra pómez; esmeril; abrasivos naturales; otros minerales y metales preciosos
Industria y maquinaria,Suministros,14521000,Piedras preciosas y semipreciosas
Industria y maquinaria,Suministros,14521100,Piedras preciosas
Industria y maquinaria,Suministros,14521140,Polvillo o polvo de piedras preciosas
Industria y maquinaria,Suministros,14521200,Piedras semipreciosas
Industria y maquinaria,Suministros,14521210,Polvillo o polvo de piedras semipreciosas
Industria y maquinaria,Suministros,14522000,Diamantes industriales; piedra pómez; esmeril y otros abrasivos naturales
Industria y maquinaria,Suministros,14522100,Piedra pómez
Industria y maquinaria,Suministros,14522200,Diamantes industriales
Industria y maquinaria,Suministros,14522300,Esmeril
Industria y maquinaria,Suministros,14522400,Abrasivos naturales
Industria y maquinaria,Suministros,14523000,"Minerales conexos, metales preciosos y productos afines"
Industria y maquinaria,Suministros,14523100,Minerales
Industria y maquinaria,Suministros,14523200,Oro
Industria y maquinaria,Suministros,14523300,Plata
Industria y maquinaria,Suministros,14523400,Platino
Industria y maquinaria,Suministros,14600000,Minerales metálicos y aleaciones
Industria y maquinaria,Suministros,14610000,Minerales metálicos
Industria y maquinaria,Suministros,14611000,Minerales de hierro
Industria y maquinaria,Suministros,14612000,Minerales metálicos no ferrosos
Industria y maquinaria,Suministros,14612100,Minerales de cobre
Industria y maquinaria,Suministros,14612200,Minerales de níquel
Industria y maquinaria,Suministros,14612300,Minerales de aluminio
Industria y maquinaria,Suministros,14612400,Minerales de metales preciosos
Industria y maquinaria,Suministros,14612500,Minerales de plomo
Industria y maquinaria,Suministros,14612600,Minerales de zinc
Industria y maquinaria,Suministros,14612700,Minerales de estaño
Industria y maquinaria,Suministros,14613000,Minerales de uranio y torio
Industria y maquinaria,Suministros,14613100,Minerales de uranio
Industria y maquinaria,Suministros,14613200,Minerales de torio
Industria y maquinaria,Suministros,14614000,Minerales diversos
Industria y maquinaria,Suministros,14620000,Aleaciones
Industria y maquinaria,Suministros,14621000,Ferroaleaciones
Industria y maquinaria,Suministros,14621100,Ferroaleaciones distintas de las de la CECA
Industria y maquinaria,Suministros,14621110,Ferromanganeso
Industria y maquinaria,Suministros,14621120,Ferrocromo
Industria y maquinaria,Suministros,14621130,Ferroníquel
Industria y maquinaria,Suministros,14622000,Acero
Industria y maquinaria,Suministros,14630000,"Escoria y batiduras, desperdicios y desechos ferrosos"
Industria y maquinaria,Suministros,14700000,Metales comunes
Industria y maquinaria,Suministros,14710000,"Hierro, plomo, zinc, estaño y cobre"
Industria y maquinaria,Suministros,14711000,Hierro
Industria y maquinaria,Suministros,14711100,Fundición en bruto
Industria y maquinaria,Suministros,14712000,Plomo
Industria y maquinaria,Suministros,14713000,Zinc
Industria y maquinaria,Suministros,14714000,Estaño
Industria y maquinaria,Suministros,14715000,Cobre
Industria y maquinaria,Suministros,14720000,"Aluminio, níquel, escandio, titanio y vanadio"
Industria y maquinaria,Suministros,14721000,Aluminio
Industria y maquinaria,Suministros,14721100,Óxido de aluminio
Industria y maquinaria,Suministros,14722000,Níquel
Industria y maquinaria,Suministros,14723000,Escandio
Industria y maquinaria,Suministros,14724000,Titanio
Industria y maquinaria,Suministros,14725000,Vanadio
Industria y maquinaria,Suministros,14730000,"Cromo, manganeso, cobalto, itrio y circonio"
Industria y maquinaria,Suministros,14731000,Cromo
Industria y maquinaria,Suministros,14732000,Manganeso
Industria y maquinaria,Suministros,14733000,Cobalto
Industria y maquinaria,Suministros,14734000,Itrio
Industria y maquinaria,Suministros,14735000,Circonio
Industria y maquinaria,Suministros,14740000,"Molibdeno, tecnecio, rutenio y rodio"
Industria y maquinaria,Suministros,14741000,Molibdeno
Industria y maquinaria,Suministros,14742000,Tecnecio
Industria y maquinaria,Suministros,14743000,Rutenio
Industria y maquinaria,Suministros,14744000,Rodio
Industria y maquinaria,Suministros,14750000,"Cadmio, lutecio, hafnio, tantalio y wolframio"
Industria y maquinaria,Suministros,14751000,Cadmio
Industria y maquinaria,Suministros,14752000,Lutecio
Industria y maquinaria,Suministros,14753000,Hafnio
Industria y maquinaria,Suministros,14754000,Tantalio
Industria y maquinaria,Suministros,14755000,Wolframio
Industria y maquinaria,Suministros,14760000,"Iridio, galio, indio, talio y bario"
Industria y maquinaria,Suministros,14761000,Iridio
Industria y maquinaria,Suministros,14762000,Galio
Industria y maquinaria,Suministros,14763000,Indio
Industria y maquinaria,Suministros,14764000,Talio
Industria y maquinaria,Suministros,14765000,Bario
Industria y maquinaria,Suministros,14770000,"Cesio, estroncio, rubidio y calcio"
Industria y maquinaria,Suministros,14771000,Cesio
Industria y maquinaria,Suministros,14772000,Estroncio
Industria y maquinaria,Suministros,14773000,Rubidio
Industria y maquinaria,Suministros,14774000,Calcio
Industria y maquinaria,Suministros,14780000,"Potasio, magnesio, sodio y litio"
Industria y maquinaria,Suministros,14781000,Potasio
Industria y maquinaria,Suministros,14782000,Magnesio
Industria y maquinaria,Suministros,14783000,Sodio
Industria y maquinaria,Suministros,14784000,Litio
Industria y maquinaria,Suministros,14790000,"Niobio, osmio, renio y paladio"
Industria y maquinaria,Suministros,14791000,Niobio
Industria y maquinaria,Suministros,14792000,Osmio
Industria y maquinaria,Suministros,14793000,Renio
Industria y maquinaria,Suministros,14794000,Paladio
Industria y maquinaria,Suministros,14800000,Productos minerales no metálicos diversos
Industria y maquinaria,Suministros,14810000,Productos abrasivos
Industria y maquinaria,Suministros,14811000,"Muelas, piedras y ruedas de amolar"
Industria y maquinaria,Suministros,14811100,Muelas
Industria y maquinaria,Suministros,14811200,Piedras de amolar
Industria y maquinaria,Suministros,14811300,Ruedas de amolar
Industria y maquinaria,Suministros,14812000,Abrasivos en polvo o en grano
Industria y maquinaria,Suministros,14813000,Corindón artificial
Industria y maquinaria,Suministros,14814000,Grafito artificial
Industria y maquinaria,Suministros,14820000,Vidrio
Industria y maquinaria,Suministros,14830000,Fibras de vidrio
Industria y maquinaria,Suministros,14900000,Materias primas secundarias de recuperación
Industria y maquinaria,Suministros,14910000,Materias primas metálicas secundarias de recuperación
Industria y maquinaria,Suministros,14920000,Materias primas no metálicas secundarias de recuperación
Industria y maquinaria,Suministros,14930000,Cenizas y residuos que contengan metales
Hostelería y restauración,Suministros,15000000,"Alimentos, bebidas, tabaco y productos afines"
Hostelería y restauración,Suministros,15100000,"Productos de origen animal, carne y productos cárnicos"
Hostelería y restauración,Suministros,15110000,Carne
Hostelería y restauración,Suministros,15111000,Carne de bovino
Hostelería y restauración,Suministros,15111100,Carne de vaca
Hostelería y restauración,Suministros,15111200,Carne de ternera
Hostelería y restauración,Suministros,15112000,Aves de corral
Hostelería y restauración,Suministros,15112100,Aves de corral frescas
Hostelería y restauración,Suministros,15112110,Gansos
Hostelería y restauración,Suministros,15112120,Pavos
Hostelería y restauración,Suministros,15112130,Pollos
Hostelería y restauración,Suministros,15112140,Patos
Hostelería y restauración,Suministros,15112300,Hígados de aves de corral
Hostelería y restauración,Suministros,15112310,Foie gras
Hostelería y restauración,Suministros,15113000,Carne de cerdo
Hostelería y restauración,Suministros,15114000,Despojos
Hostelería y restauración,Suministros,15115000,Cordero y carnero
Hostelería y restauración,Suministros,15115100,Cordero
Hostelería y restauración,Suministros,15115200,Carnero
Hostelería y restauración,Suministros,15117000,Carne de cabra
Hostelería y restauración,Suministros,15118000,"Carne de caballo, asno, mulo o burdégano"
Hostelería y restauración,Suministros,15118100,Carne de caballo
Hostelería y restauración,Suministros,15118900,"Carne de asno, mulo o burdégano"
Hostelería y restauración,Suministros,15119000,Carnes diversas
Hostelería y restauración,Suministros,15119100,Carne de conejo
Hostelería y restauración,Suministros,15119200,Carne de liebre
Hostelería y restauración,Suministros,15119300,Caza
Hostelería y restauración,Suministros,15119400,Ancas de rana
Hostelería y restauración,Suministros,15119500,Palomas
Hostelería y restauración,Suministros,15119600,Carne de pescado
Hostelería y restauración,Suministros,15130000,Productos cárnicos
Hostelería y restauración,Suministros,15131000,Conservas y preparaciones cárnicas
Hostelería y restauración,Suministros,15131100,Productos a base de carne para embutidos
Hostelería y restauración,Suministros,15131110,Carne para embutidos
Hostelería y restauración,Suministros,15131120,Productos de charcutería
Hostelería y restauración,Suministros,15131130,Embutidos
Hostelería y restauración,Suministros,15131134,Morcillas y otros embutidos de sangre
Hostelería y restauración,Suministros,15131135,Embutidos de carne de ave
Hostelería y restauración,Suministros,15131200,"Carne seca, salada, ahumada o condimentada"
Hostelería y restauración,Suministros,15131210,Jamón ahumado
Hostelería y restauración,Suministros,15131220,Beicon
Hostelería y restauración,Suministros,15131230,Salami
Hostelería y restauración,Suministros,15131300,Preparaciones a base de hígado
Hostelería y restauración,Suministros,15131310,Paté
Hostelería y restauración,Suministros,15131320,Preparaciones a base de hígado de ganso o de pato
Hostelería y restauración,Suministros,15131400,Productos a base de carne de cerdo
Hostelería y restauración,Suministros,15131410,Jamón
Hostelería y restauración,Suministros,15131420,Albóndigas
Hostelería y restauración,Suministros,15131490,Platos preparados con carne de cerdo
Hostelería y restauración,Suministros,15131500,Productos de volatería
Hostelería y restauración,Suministros,15131600,Productos a base de carne de vaca y de ternera
Hostelería y restauración,Suministros,15131610,Albóndigas de carne de vaca
Hostelería y restauración,Suministros,15131620,Carne picada de vaca
Hostelería y restauración,Suministros,15131640,Hamburguesas de carne de vaca
Hostelería y restauración,Suministros,15131700,Preparaciones a base de carne
Hostelería y restauración,Suministros,15200000,Pescado preparado y en conserva
Hostelería y restauración,Suministros,15210000,"Filetes de pescado, hígados y huevas de pescado"
Hostelería y restauración,Suministros,15211000,Filetes de pescado
Hostelería y restauración,Suministros,15211100,Filetes de pescado fresco
Hostelería y restauración,Suministros,15212000,Huevas
Hostelería y restauración,Suministros,15213000,Hígados de pescado
Hostelería y restauración,Suministros,15220000,"Pescado, filetes de pescado y otros tipos de carne de pescado congelados"
Hostelería y restauración,Suministros,15221000,Pescado congelado
Hostelería y restauración,Suministros,15229000,Productos congelados de pescados
Hostelería y restauración,Suministros,15230000,Pescado seco o salado; en salmuera; ahumado
Hostelería y restauración,Suministros,15231000,Pescado seco
Hostelería y restauración,Suministros,15232000,Pescado salado
Hostelería y restauración,Suministros,15233000,Pescado en salmuera
Hostelería y restauración,Suministros,15234000,Pescado ahumado
Hostelería y restauración,Suministros,15235000,Conservas de pescado
Hostelería y restauración,Suministros,15240000,Pescado en conserva o en lata y otros pescados preparados o en conserva
Hostelería y restauración,Suministros,15241000,"Pescado empanado, en conserva o en lata"
Hostelería y restauración,Suministros,15241100,Salmón en conserva
Hostelería y restauración,Suministros,15241200,Arenques preparados o en conserva
Hostelería y restauración,Suministros,15241300,Sardinas
Hostelería y restauración,Suministros,15241400,Atún en conserva
Hostelería y restauración,Suministros,15241500,Caballa
Hostelería y restauración,Suministros,15241600,Anchoas
Hostelería y restauración,Suministros,15241700,Palitos de pescado
Hostelería y restauración,Suministros,15241800,Preparaciones a base de pescado empanado
Hostelería y restauración,Suministros,15242000,Platos de pescado preparados
Hostelería y restauración,Suministros,15243000,Preparaciones a base de pescado
Hostelería y restauración,Suministros,15244000,Caviar y huevos de peces
Hostelería y restauración,Suministros,15244100,Caviar
Hostelería y restauración,Suministros,15244200,Huevos de peces
Hostelería y restauración,Suministros,15250000,Mariscos
Hostelería y restauración,Suministros,15251000,Crustáceos congelados
Hostelería y restauración,Suministros,15252000,Crustáceos preparados o en conserva
Hostelería y restauración,Suministros,15253000,Productos a base de moluscos
Hostelería y restauración,Suministros,15300000,"Frutas, legumbres y hortalizas y productos conexos"
Hostelería y restauración,Suministros,15310000,Patatas y productos a base de patatas
Hostelería y restauración,Suministros,15311000,Patatas congeladas
Hostelería y restauración,Suministros,15311100,Patatas fritas
Hostelería y restauración,Suministros,15311200,"Patatas en dados, en rodajas y otras, congeladas"
Hostelería y restauración,Suministros,15312000,Productos a base de patatas
Hostelería y restauración,Suministros,15312100,Puré de patatas instantáneo
Hostelería y restauración,Suministros,15312200,Patatas prefritas
Hostelería y restauración,Suministros,15312300,Hojuelas de patatas
Hostelería y restauración,Suministros,15312310,Hojuelas de patatas condimentadas
Hostelería y restauración,Suministros,15312400,Aperitivos a base de patatas
Hostelería y restauración,Suministros,15312500,Croquetas de patatas
Hostelería y restauración,Suministros,15313000,Patatas elaboradas
Hostelería y restauración,Suministros,15320000,Zumos de frutas y hortalizas
Hostelería y restauración,Suministros,15321000,Zumos de frutas
Hostelería y restauración,Suministros,15321100,Zumo de naranja
Hostelería y restauración,Suministros,15321200,Zumo de pomelo
Hostelería y restauración,Suministros,15321300,Zumo de limón
Hostelería y restauración,Suministros,15321400,Zumo de piña
Hostelería y restauración,Suministros,15321500,Zumo de uva
Hostelería y restauración,Suministros,15321600,Zumo de manzana
Hostelería y restauración,Suministros,15321700,Mezclas de zumos no concentrados
Hostelería y restauración,Suministros,15321800,Zumos concentrados
Hostelería y restauración,Suministros,15322000,Zumos de hortalizas
Hostelería y restauración,Suministros,15322100,Zumo de tomate
Hostelería y restauración,Suministros,15330000,Frutas y hortalizas elaboradas
Hostelería y restauración,Suministros,15331000,Legumbres y hortalizas elaboradas
Hostelería y restauración,Suministros,15331100,Legumbres y hortalizas frescas o congeladas
Hostelería y restauración,Suministros,15331110,Hortalizas de raíz elaboradas
Hostelería y restauración,Suministros,15331120,Hortalizas de tubérculo elaboradas
Hostelería y restauración,Suministros,15331130,"Judías, guisantes, pimientos, tomates y las demás legumbres y hortalizas"
Hostelería y restauración,Suministros,15331131,Judías elaboradas
Hostelería y restauración,Suministros,15331132,Guisantes elaborados
Hostelería y restauración,Suministros,15331133,Guisantes partidos
Hostelería y restauración,Suministros,15331134,Tomates elaborados
Hostelería y restauración,Suministros,15331135,Setas elaboradas
Hostelería y restauración,Suministros,15331136,Pimientos elaborados
Hostelería y restauración,Suministros,15331137,Brotes de soja
Hostelería y restauración,Suministros,15331138,Trufas
Hostelería y restauración,Suministros,15331140,Hortalizas de hoja y coles
Hostelería y restauración,Suministros,15331142,Repollos elaborados
Hostelería y restauración,Suministros,15331150,Legumbres elaboradas
Hostelería y restauración,Suministros,15331170,Legumbres y hortalizas congeladas
Hostelería y restauración,Suministros,15331400,Legumbres y hortalizas en conserva y/o enlatadas
Hostelería y restauración,Suministros,15331410,Judías en salsa de tomate
Hostelería y restauración,Suministros,15331411,"Judías blancas cocidas, en salsa de tomate"
Hostelería y restauración,Suministros,15331420,Tomates en conserva
Hostelería y restauración,Suministros,15331423,Tomates enlatados
Hostelería y restauración,Suministros,15331425,Puré de tomate
Hostelería y restauración,Suministros,15331427,Puré de tomate concentrado
Hostelería y restauración,Suministros,15331428,Salsa de tomate
Hostelería y restauración,Suministros,15331430,Champiñones enlatados
Hostelería y restauración,Suministros,15331450,Aceitunas elaboradas
Hostelería y restauración,Suministros,15331460,Legumbres y hortalizas enlatadas
Hostelería y restauración,Suministros,15331461,Coles fermentadas enlatadas
Hostelería y restauración,Suministros,15331462,Guisantes enlatados
Hostelería y restauración,Suministros,15331463,Alubias desvainadas enlatadas
Hostelería y restauración,Suministros,15331464,Judías verdes enteras enlatadas
Hostelería y restauración,Suministros,15331465,Espárragos enlatados
Hostelería y restauración,Suministros,15331466,Aceitunas enlatadas
Hostelería y restauración,Suministros,15331470,Maíz dulce
Hostelería y restauración,Suministros,15331480,Legumbres y hortalizas conservadas provisionalmente
Hostelería y restauración,Suministros,15331500,Hortalizas en vinagre
Hostelería y restauración,Suministros,15332000,Frutas y frutos de cáscara elaborados
Hostelería y restauración,Suministros,15332100,Frutas elaboradas
Hostelería y restauración,Suministros,15332140,Manzanas elaboradas
Hostelería y restauración,Suministros,15332150,Peras elaboradas
Hostelería y restauración,Suministros,15332160,Plátanos elaborados
Hostelería y restauración,Suministros,15332170,Ruibarbo
Hostelería y restauración,Suministros,15332180,Melones
Hostelería y restauración,Suministros,15332200,Compotas y mermeladas; jaleas de fruta; purés y pastas de fruta o de frutos de cáscara
Hostelería y restauración,Suministros,15332230,Mermeladas
Hostelería y restauración,Suministros,15332231,Mermelada de naranja
Hostelería y restauración,Suministros,15332232,Mermelada de limón
Hostelería y restauración,Suministros,15332240,Jaleas de fruta
Hostelería y restauración,Suministros,15332250,Pastas de fruta
Hostelería y restauración,Suministros,15332260,Pasta de frutos de cáscara
Hostelería y restauración,Suministros,15332261,Mantequilla de cacahuete
Hostelería y restauración,Suministros,15332270,Purés de fruta
Hostelería y restauración,Suministros,15332290,Compotas
Hostelería y restauración,Suministros,15332291,Compota de albaricoque
Hostelería y restauración,Suministros,15332292,Compota de zarzamora
Hostelería y restauración,Suministros,15332293,"Compota de grosella negra ""casis"""
Hostelería y restauración,Suministros,15332294,Compota de cereza
Hostelería y restauración,Suministros,15332295,Compota de frambuesa
Hostelería y restauración,Suministros,15332296,Compota de fresa
Hostelería y restauración,Suministros,15332300,Frutos de cáscara elaborados
Hostelería y restauración,Suministros,15332310,Frutos de cáscara tostados o salados
Hostelería y restauración,Suministros,15332400,Conservas de fruta
Hostelería y restauración,Suministros,15332410,Fruta seca
Hostelería y restauración,Suministros,15332411,Pasas de Corinto elaboradas
Hostelería y restauración,Suministros,15332412,Pasas elaboradas
Hostelería y restauración,Suministros,15332419,Sultaninas
Hostelería y restauración,Suministros,15333000,Subproductos de hortalizas
Hostelería y restauración,Suministros,15400000,Aceites y grasas animales o vegetales
Hostelería y restauración,Suministros,15410000,Aceites y grasas animales o vegetales en bruto
Hostelería y restauración,Suministros,15411000,Aceites animales o vegetales
Hostelería y restauración,Suministros,15411100,Aceites vegetales
Hostelería y restauración,Suministros,15411110,Aceite de oliva
Hostelería y restauración,Suministros,15411120,Aceite de sésamo
Hostelería y restauración,Suministros,15411130,Aceite de cacahuete
Hostelería y restauración,Suministros,15411140,Aceite de coco
Hostelería y restauración,Suministros,15411200,Aceite de cocina
Hostelería y restauración,Suministros,15411210,Aceite para freír
Hostelería y restauración,Suministros,15412000,Grasas
Hostelería y restauración,Suministros,15412100,Grasas animales
Hostelería y restauración,Suministros,15412200,Grasas vegetales
Hostelería y restauración,Suministros,15413000,Residuos sólidos de grasas o aceites vegetales
Hostelería y restauración,Suministros,15413100,Torta de oleaginosas
Hostelería y restauración,Suministros,15420000,Aceites y grasas refinados
Hostelería y restauración,Suministros,15421000,Aceites refinados
Hostelería y restauración,Suministros,15422000,Grasas refinadas
Hostelería y restauración,Suministros,15423000,Grasas o aceites hidrogenados o esterificados
Hostelería y restauración,Suministros,15424000,Ceras vegetales
Hostelería y restauración,Suministros,15430000,Grasas comestibles
Hostelería y restauración,Suministros,15431000,Margarina y preparaciones similares
Hostelería y restauración,Suministros,15431100,Margarina
Hostelería y restauración,Suministros,15431110,Margarina líquida
Hostelería y restauración,Suministros,15431200,Productos para untar de contenido graso bajo o reducido
Hostelería y restauración,Suministros,15500000,Productos lácteos
Hostelería y restauración,Suministros,15510000,Leche y nata (crema)
Hostelería y restauración,Suministros,15511000,Leche
Hostelería y restauración,Suministros,15511100,Leche pasteurizada
Hostelería y restauración,Suministros,15511200,Leche esterilizada
Hostelería y restauración,Suministros,15511210,Leche UHT
Hostelería y restauración,Suministros,15511300,Leche descremada
Hostelería y restauración,Suministros,15511400,Leche semidescremada
Hostelería y restauración,Suministros,15511500,Leche entera
Hostelería y restauración,Suministros,15511600,Leche condensada
Hostelería y restauración,Suministros,15511700,Leche en polvo
Hostelería y restauración,Suministros,15512000,Nata (crema)
Hostelería y restauración,Suministros,15512100,"Crema de leche, con un contenido de materias grasas, en peso, superior al 18 %"
Hostelería y restauración,Suministros,15512200,"Crema de leche espesa, con un contenido de materias grasas, en peso, del 48 %"
Hostelería y restauración,Suministros,15512300,"Nata en grumos (""clotted cream""), con un contenido de materias grasas, en peso, igual o superior al 48Â %"
Hostelería y restauración,Suministros,15512900,Nata montada
Hostelería y restauración,Suministros,15530000,Mantequilla
Hostelería y restauración,Suministros,15540000,Queso
Hostelería y restauración,Suministros,15541000,Queso de mesa
Hostelería y restauración,Suministros,15542000,Queso fresco
Hostelería y restauración,Suministros,15542100,Requesón
Hostelería y restauración,Suministros,15542200,Quesos de pasta blanda
Hostelería y restauración,Suministros,15542300,Queso feta
Hostelería y restauración,Suministros,15543000,"Queso rallado, en polvo, de pasta azul y otros quesos"
Hostelería y restauración,Suministros,15543100,Queso de pasta azul
Hostelería y restauración,Suministros,15543200,Queso cheddar
Hostelería y restauración,Suministros,15543300,Queso rallado
Hostelería y restauración,Suministros,15543400,Queso parmesano
Hostelería y restauración,Suministros,15544000,Queso de pasta dura
Hostelería y restauración,Suministros,15545000,Quesos para untar
Hostelería y restauración,Suministros,15550000,Productos lácteos diversos
Hostelería y restauración,Suministros,15551000,Yogur y otros productos lácteos fermentados
Hostelería y restauración,Suministros,15551300,Yogur
Hostelería y restauración,Suministros,15551310,Yogur natural
Hostelería y restauración,Suministros,15551320,Yogur aromatizado
Hostelería y restauración,Suministros,15551500,Suero de mantequilla
Hostelería y restauración,Suministros,15552000,Caseína
Hostelería y restauración,Suministros,15553000,Lactosa o jarabe de lactosa
Hostelería y restauración,Suministros,15554000,Suero de leche
Hostelería y restauración,Suministros,15555000,Helados y productos similares
Hostelería y restauración,Suministros,15555100,Helados
Hostelería y restauración,Suministros,15555200,Sorbetes
Hostelería y restauración,Suministros,15600000,"Productos de molinería, almidones y productos de almidón"
Hostelería y restauración,Suministros,15610000,Productos de molinería
Hostelería y restauración,Suministros,15611000,Arroz descascarillado
Hostelería y restauración,Suministros,15612000,Harina de cereales o legumbres y productos conexos
Hostelería y restauración,Suministros,15612100,Harina de trigo
Hostelería y restauración,Suministros,15612110,Harina integral
Hostelería y restauración,Suministros,15612120,Harina de panificación
Hostelería y restauración,Suministros,15612130,Harina corriente
Hostelería y restauración,Suministros,15612150,Harina para pastelería
Hostelería y restauración,Suministros,15612190,Harina fermentante
Hostelería y restauración,Suministros,15612200,Harina de cereales
Hostelería y restauración,Suministros,15612210,Harina de maíz
Hostelería y restauración,Suministros,15612220,Harina de arroz
Hostelería y restauración,Suministros,15612300,Harinas y sémolas vegetales
Hostelería y restauración,Suministros,15612400,Mezclas para la preparación de productos de panadería
Hostelería y restauración,Suministros,15612410,Mezclas de pastelería
Hostelería y restauración,Suministros,15612420,Mezclas para hornear
Hostelería y restauración,Suministros,15612500,Productos de panadería
Hostelería y restauración,Suministros,15613000,Productos a base de granos de cereales
Hostelería y restauración,Suministros,15613100,Avena molida
Hostelería y restauración,Suministros,15613300,Productos a base de cereales
Hostelería y restauración,Suministros,15613310,Cereales preparados para desayuno
Hostelería y restauración,Suministros,15613311,Copos de maíz
Hostelería y restauración,Suministros,15613313,Muesli o equivalente
Hostelería y restauración,Suministros,15613319,Trigo hinchado
Hostelería y restauración,Suministros,15613380,Granos aplastados de avena
Hostelería y restauración,Suministros,15614000,Arroz elaborado
Hostelería y restauración,Suministros,15614100,Arroz de grano largo
Hostelería y restauración,Suministros,15614200,Arroz molido
Hostelería y restauración,Suministros,15614300,Arroz partido
Hostelería y restauración,Suministros,15615000,Salvado
Hostelería y restauración,Suministros,15620000,Almidones y productos amiláceos
Hostelería y restauración,Suministros,15621000,Aceite de maíz
Hostelería y restauración,Suministros,15622000,Glucosa y productos a base de glucosa; fructosa y productos a base de fructosa
Hostelería y restauración,Suministros,15622100,Glucosa y productos a base de glucosa
Hostelería y restauración,Suministros,15622110,Glucosa
Hostelería y restauración,Suministros,15622120,Jarabe de glucosa
Hostelería y restauración,Suministros,15622300,Fructosa y productos a base de fructosa
Hostelería y restauración,Suministros,15622310,Fructosa
Hostelería y restauración,Suministros,15622320,Preparaciones a base de fructosa
Hostelería y restauración,Suministros,15622321,Soluciones de fructosa
Hostelería y restauración,Suministros,15622322,Jarabe de fructosa
Hostelería y restauración,Suministros,15623000,Almidones y féculas
Hostelería y restauración,Suministros,15624000,Tapioca
Hostelería y restauración,Suministros,15625000,Sémola
Hostelería y restauración,Suministros,15626000,Natillas en polvo
Hostelería y restauración,Suministros,15700000,Alimentos para el ganado
Hostelería y restauración,Suministros,15710000,Alimentos preparados para animales de granja y otros animales
Hostelería y restauración,Suministros,15711000,Alimentos para peces
Hostelería y restauración,Suministros,15712000,Pienso seco
Hostelería y restauración,Suministros,15713000,Alimentos para animales domésticos
Hostelería y restauración,Suministros,15800000,Productos alimenticios diversos
Hostelería y restauración,Suministros,15810000,"Productos de panificación, pasteles y productos de pastelería frescos"
Hostelería y restauración,Suministros,15811000,Productos a base de pan
Hostelería y restauración,Suministros,15811100,Pan
Hostelería y restauración,Suministros,15811200,Panecillos
Hostelería y restauración,Suministros,15811300,Cruasanes
Hostelería y restauración,Suministros,15811400,"Tortitas (""crumpets"")"
Hostelería y restauración,Suministros,15811500,Productos de panificación preparados
Hostelería y restauración,Suministros,15811510,Bocadillos y emparedados
Hostelería y restauración,Suministros,15811511,Bocadillos y emparedados preparados
Hostelería y restauración,Suministros,15812000,Pasteles y productos de pastelería
Hostelería y restauración,Suministros,15812100,Productos de pastelería
Hostelería y restauración,Suministros,15812120,Empanadas
Hostelería y restauración,Suministros,15812121,Empanadas de verduras
Hostelería y restauración,Suministros,15812122,Empanadas dulces
Hostelería y restauración,Suministros,15812200,Pasteles
Hostelería y restauración,Suministros,15813000,Productos para el desayuno
Hostelería y restauración,Suministros,15820000,Biscotes y galletas; pasteles y productos de pastelería conservados
Hostelería y restauración,Suministros,15821000,Productos de pan tostado y de pastelería
Hostelería y restauración,Suministros,15821100,Productos de pan tostado
Hostelería y restauración,Suministros,15821110,Pan tostado
Hostelería y restauración,Suministros,15821130,Galletas crocantes
Hostelería y restauración,Suministros,15821150,Biscotes
Hostelería y restauración,Suministros,15821200,Galletas dulces
Hostelería y restauración,Suministros,15830000,Azúcar y productos conexos
Hostelería y restauración,Suministros,15831000,Azúcar
Hostelería y restauración,Suministros,15831200,Azúcar blanco
Hostelería y restauración,Suministros,15831300,Azúcar y jarabe de arce
Hostelería y restauración,Suministros,15831400,Melazas
Hostelería y restauración,Suministros,15831500,Jarabes de azúcar
Hostelería y restauración,Suministros,15831600,Miel
Hostelería y restauración,Suministros,15832000,Residuos de la industria azucarera
Hostelería y restauración,Suministros,15833000,Productos del azúcar
Hostelería y restauración,Suministros,15833100,Postres
Hostelería y restauración,Suministros,15833110,Fondos de tarta
Hostelería y restauración,Suministros,15840000,Cacao; chocolate y productos de confitería
Hostelería y restauración,Suministros,15841000,Cacao
Hostelería y restauración,Suministros,15841100,Pasta de cacao
Hostelería y restauración,Suministros,15841200,"Manteca, grasa o aceite de cacao"
Hostelería y restauración,Suministros,15841300,Cacao en polvo no azucarado
Hostelería y restauración,Suministros,15841400,Cacao en polvo azucarado
Hostelería y restauración,Suministros,15842000,Chocolate y artículos de confitería
Hostelería y restauración,Suministros,15842100,Chocolate
Hostelería y restauración,Suministros,15842200,Productos a base de chocolate
Hostelería y restauración,Suministros,15842210,Chocolate para beber
Hostelería y restauración,Suministros,15842220,Tabletas de chocolate
Hostelería y restauración,Suministros,15842300,Artículos de confitería
Hostelería y restauración,Suministros,15842310,Caramelos
Hostelería y restauración,Suministros,15842320,Turrón
Hostelería y restauración,Suministros,15842400,"Frutas, frutos de cáscara o cáscaras de fruta conservados con azúcar"
Hostelería y restauración,Suministros,15850000,Pastas alimenticias
Hostelería y restauración,Suministros,15851000,Productos farináceos
Hostelería y restauración,Suministros,15851100,Pastas alimenticias sin cocer
Hostelería y restauración,Suministros,15851200,Pastas alimenticias y cuscús preparados
Hostelería y restauración,Suministros,15851210,Pastas alimenticias preparadas
Hostelería y restauración,Suministros,15851220,Pastas alimenticias rellenas
Hostelería y restauración,Suministros,15851230,Lasañas
Hostelería y restauración,Suministros,15851250,Cuscús
Hostelería y restauración,Suministros,15851290,Pastas alimenticias enlatadas
Hostelería y restauración,Suministros,15860000,"Café, té y productos conexos"
Hostelería y restauración,Suministros,15861000,Café
Hostelería y restauración,Suministros,15861100,Café tostado
Hostelería y restauración,Suministros,15861200,Café descafeinado
Hostelería y restauración,Suministros,15862000,Sucedáneos del café
Hostelería y restauración,Suministros,15863000,Té
Hostelería y restauración,Suministros,15863100,Té verde
Hostelería y restauración,Suministros,15863200,Té negro
Hostelería y restauración,Suministros,15864000,Preparaciones de té o de mate
Hostelería y restauración,Suministros,15864100,Bolsitas de té
Hostelería y restauración,Suministros,15865000,Infusiones de hierbas
Hostelería y restauración,Suministros,15870000,Condimentos y sazonadores
Hostelería y restauración,Suministros,15871000,Vinagre; salsas; condimentos compuestos; harina y polvo de mostaza; mostaza preparada
Hostelería y restauración,Suministros,15871100,Vinagre y sucedáneos del vinagre
Hostelería y restauración,Suministros,15871110,Vinagre o equivalente
Hostelería y restauración,Suministros,15871200,"Salsas, condimentos compuestos y sazonadores compuestos"
Hostelería y restauración,Suministros,15871210,Salsa de soja
Hostelería y restauración,Suministros,15871230,Ketchup
Hostelería y restauración,Suministros,15871250,Mostaza
Hostelería y restauración,Suministros,15871260,Salsas
Hostelería y restauración,Suministros,15871270,Condimentos compuestos
Hostelería y restauración,Suministros,15871273,Mayonesa
Hostelería y restauración,Suministros,15871274,Productos para untar bocadillos
Hostelería y restauración,Suministros,15871279,Chutney
Hostelería y restauración,Suministros,15872000,Hierbas y especias
Hostelería y restauración,Suministros,15872100,Pimienta
Hostelería y restauración,Suministros,15872200,Especias
Hostelería y restauración,Suministros,15872300,Hierbas
Hostelería y restauración,Suministros,15872400,Sal
Hostelería y restauración,Suministros,15872500,Jengibre
Hostelería y restauración,Suministros,15880000,Productos alimenticios especiales
Hostelería y restauración,Suministros,15881000,Preparaciones alimenticias homogeneizadas
Hostelería y restauración,Suministros,15882000,Productos dietéticos
Hostelería y restauración,Suministros,15884000,Alimentos infantiles
Hostelería y restauración,Suministros,15890000,Productos alimenticios diversos y alimentos secos
Hostelería y restauración,Suministros,15891000,Sopas y caldos
Hostelería y restauración,Suministros,15891100,Sopas de carne
Hostelería y restauración,Suministros,15891200,Sopas de pescado
Hostelería y restauración,Suministros,15891300,Sopas compuestas
Hostelería y restauración,Suministros,15891400,Sopas
Hostelería y restauración,Suministros,15891410,Sopas instantáneas
Hostelería y restauración,Suministros,15891500,Caldos
Hostelería y restauración,Suministros,15891600,Concentrados de caldo
Hostelería y restauración,Suministros,15891610,Caldos instantáneos
Hostelería y restauración,Suministros,15891900,Sopas de verduras
Hostelería y restauración,Suministros,15892000,"Jugos y extractos vegetales, sustancias pépticas y espesantes"
Hostelería y restauración,Suministros,15892100,Jugos vegetales
Hostelería y restauración,Suministros,15892200,Extractos vegetales
Hostelería y restauración,Suministros,15892400,Espesantes
Hostelería y restauración,Suministros,15893000,Productos secos
Hostelería y restauración,Suministros,15893100,Mezclas para comidas
Hostelería y restauración,Suministros,15893200,Mezclas para postres
Hostelería y restauración,Suministros,15893300,Mezclas para salsas
Hostelería y restauración,Suministros,15894000,Productos alimenticios elaborados
Hostelería y restauración,Suministros,15894100,Comidas vegetarianas
Hostelería y restauración,Suministros,15894200,Comidas preparadas
Hostelería y restauración,Suministros,15894210,Comidas para colegios
Hostelería y restauración,Suministros,15894220,Comidas para hospitales
Hostelería y restauración,Suministros,15894300,Bandejas de comida preparada
Hostelería y restauración,Suministros,15894400,Aperitivos
Hostelería y restauración,Suministros,15894500,Productos para máquinas automáticas distribuidoras
Hostelería y restauración,Suministros,15894600,Alimentos para bocadillos
Hostelería y restauración,Suministros,15894700,Comestibles finos preparados
Hostelería y restauración,Suministros,15895000,Productos para comida rápida
Hostelería y restauración,Suministros,15895100,Hamburguesas
Hostelería y restauración,Suministros,15896000,Productos congelados
Hostelería y restauración,Suministros,15897000,Productos enlatados y raciones de campaña
Hostelería y restauración,Suministros,15897100,Raciones de campaña
Hostelería y restauración,Suministros,15897200,Productos enlatados
Hostelería y restauración,Suministros,15897300,Paquetes de comida
Hostelería y restauración,Suministros,15898000,Levadura
Hostelería y restauración,Suministros,15899000,Polvos para hornear
Hostelería y restauración,Suministros,15900000,"Bebidas, tabaco y productos relacionados"
Hostelería y restauración,Suministros,15910000,Bebidas alcohólicas destiladas
Hostelería y restauración,Suministros,15911000,Bebidas espirituosas
Hostelería y restauración,Suministros,15911100,Aguardientes
Hostelería y restauración,Suministros,15911200,Licores
Hostelería y restauración,Suministros,15930000,Vinos
Hostelería y restauración,Suministros,15931000,Vinos no aromatizados
Hostelería y restauración,Suministros,15931100,Vino espumoso
Hostelería y restauración,Suministros,15931200,Vino de mesa
Hostelería y restauración,Suministros,15931300,Oporto
Hostelería y restauración,Suministros,15931400,Vino de Madeira
Hostelería y restauración,Suministros,15931500,Mosto de uva
Hostelería y restauración,Suministros,15931600,Jerez
Hostelería y restauración,Suministros,15932000,Heces de vino
Hostelería y restauración,Suministros,15940000,Sidra y otros vinos a base de fruta
Hostelería y restauración,Suministros,15941000,Sidra
Hostelería y restauración,Suministros,15942000,Vinos a base de fruta
Hostelería y restauración,Suministros,15950000,Bebidas fermentadas no destiladas
Hostelería y restauración,Suministros,15951000,Vermut
Hostelería y restauración,Suministros,15960000,Cerveza de malta
Hostelería y restauración,Suministros,15961000,Cerveza
Hostelería y restauración,Suministros,15961100,"Cerveza ""lager"""
Hostelería y restauración,Suministros,15962000,Heces de cervecería o destilería
Hostelería y restauración,Suministros,15980000,Bebidas sin alcohol
Hostelería y restauración,Suministros,15981000,Agua mineral
Hostelería y restauración,Suministros,15981100,Agua mineral sin gas
Hostelería y restauración,Suministros,15981200,Agua mineral con gas
Hostelería y restauración,Suministros,15981300,Agua en estado sólido
Hostelería y restauración,Suministros,15981310,Hielo
Hostelería y restauración,Suministros,15981320,Nieve
Hostelería y restauración,Suministros,15981400,Aguas minerales aromatizadas
Hostelería y restauración,Suministros,15982000,Refrescos
Hostelería y restauración,Suministros,15982100,Zumos de fruta concentrados
Hostelería y restauración,Suministros,15982200,Leche chocolateada
Hostelería y restauración,Suministros,15990000,"Tabaco, productos de tabaco y artículos afines"
Hostelería y restauración,Suministros,15991000,Productos de tabaco
Hostelería y restauración,Suministros,15991100,Cigarros puros
Hostelería y restauración,Suministros,15991200,Cigarros pequeños
Hostelería y restauración,Suministros,15991300,Cigarrillos
Hostelería y restauración,Suministros,15992000,Tabaco
Hostelería y restauración,Suministros,15992100,Tabaco manufacturado
Hostelería y restauración,Suministros,15993000,Artículos de estanco
Hostelería y restauración,Suministros,15994000,Papel de fumar y papel de filtro
Hostelería y restauración,Suministros,15994100,Papel de fumar
Hostelería y restauración,Suministros,15994200,Papel de filtro
Industria y maquinaria,Suministros,16000000,Maquinaria agrícola
Industria y maquinaria,Suministros,16100000,"Máquinas, aparatos y artefactos agrícolas, hortícolas o silvícolas, para la preparación o el trabajo del suelo o para el cultivo"
Industria y maquinaria,Suministros,16110000,Arados o gradas de disco
Industria y maquinaria,Suministros,16120000,"Gradas, escarificadores, cultivadores, escardadoras o binadoras"
Industria y maquinaria,Suministros,16130000,"Sembradoras, plantadoras o transplantadoras"
Industria y maquinaria,Suministros,16140000,Esparcidores de estiércol
Industria y maquinaria,Suministros,16141000,Distribuidores de abono
Industria y maquinaria,Suministros,16150000,Rodillos para césped o terrenos de deporte
Industria y maquinaria,Suministros,16160000,Equipo diverso para jardinería
Industria y maquinaria,Suministros,16300000,Cosechadoras
Industria y maquinaria,Suministros,16310000,Máquinas segadoras
Industria y maquinaria,Suministros,16311000,Cortadoras de césped
Industria y maquinaria,Suministros,16311100,"Cortadoras de césped para jardines, parques o terrenos de deporte"
Industria y maquinaria,Suministros,16320000,Máquinas para henificar
Industria y maquinaria,Suministros,16330000,Prensas para paja o forraje
Industria y maquinaria,Suministros,16331000,Prensas recogedoras
Industria y maquinaria,Suministros,16340000,Cosechadoras y trilladoras
Industria y maquinaria,Suministros,16400000,Aparatos de pulverizar para la agricultura o la horticultura
Industria y maquinaria,Suministros,16500000,"Remolques y semirremolques, autocargadores o autodescargadores, para usos agrícolas"
Industria y maquinaria,Suministros,16510000,Remolques autocargadores para usos agrícolas
Industria y maquinaria,Suministros,16520000,Remolques autodescargadores para usos agrícolas
Industria y maquinaria,Suministros,16530000,Semirremolques autocargadores para usos agrícolas
Industria y maquinaria,Suministros,16540000,Semirremolques autodescargadores para usos agrícolas
Industria y maquinaria,Suministros,16600000,Maquinaria agrícola o forestal especializada
Industria y maquinaria,Suministros,16610000,"Máquinas para la limpieza o la clasificación de huevos, frutas u otros productos agrícolas"
Industria y maquinaria,Suministros,16611000,Máquinas para lavar productos agrícolas
Industria y maquinaria,Suministros,16611100,Máquinas para lavar huevos
Industria y maquinaria,Suministros,16611200,Máquinas para lavar frutas
Industria y maquinaria,Suministros,16612000,Máquinas para seleccionar o clasificar productos agrícolas
Industria y maquinaria,Suministros,16612100,Máquinas para seleccionar o clasificar huevos
Industria y maquinaria,Suministros,16612200,Máquinas para seleccionar o clasificar fruta
Industria y maquinaria,Suministros,16613000,"Máquinas para la limpieza o la clasificación de semillas, granos o legumbres secas"
Industria y maquinaria,Suministros,16620000,Ordeñadoras
Industria y maquinaria,Suministros,16630000,Máquinas para preparar alimentos para animales
Industria y maquinaria,Suministros,16640000,Máquinas y aparatos para la apicultura
Industria y maquinaria,Suministros,16650000,Máquinas y aparatos para la avicultura
Industria y maquinaria,Suministros,16651000,"Incubadoras y criadoras, para la avicultura"
Industria y maquinaria,Suministros,16700000,Tractores
Industria y maquinaria,Suministros,16710000,Motocultores
Industria y maquinaria,Suministros,16720000,Tractores usados
Industria y maquinaria,Suministros,16730000,Motores de tracción
Industria y maquinaria,Suministros,16800000,Partes de maquinaria agrícola y forestal
Industria y maquinaria,Suministros,16810000,Partes de maquinaria agrícola
Industria y maquinaria,Suministros,16820000,Partes de maquinaria forestal
Ropa y calzado,Suministros,18000000,"Prendas de vestir, calzado, artículos de viaje y accesorios"
Ropa y calzado,Suministros,18100000,"Ropa de trabajo, ropa de trabajo especial y accesorios"
Ropa y calzado,Suministros,18110000,Indumentaria de trabajo
Ropa y calzado,Suministros,18113000,Prendas de vestir para uso industrial
Ropa y calzado,Suministros,18114000,Monos
Ropa y calzado,Suministros,18130000,Ropa para trabajos especiales
Ropa y calzado,Suministros,18132000,Ropa de vuelo
Ropa y calzado,Suministros,18132100,Chaquetas de vuelo
Ropa y calzado,Suministros,18132200,Trajes de vuelo
Ropa y calzado,Suministros,18140000,Accesorios de ropa de trabajo
Ropa y calzado,Suministros,18141000,Guantes de trabajo
Ropa y calzado,Suministros,18142000,Viseras de seguridad
Ropa y calzado,Suministros,18143000,Indumentaria de protección
Ropa y calzado,Suministros,18200000,Ropa exterior
Ropa y calzado,Suministros,18210000,Abrigos
Ropa y calzado,Suministros,18211000,Capas
Ropa y calzado,Suministros,18212000,Capotes
Ropa y calzado,Suministros,18213000,Chaquetones cortavientos
Ropa y calzado,Suministros,18220000,Ropa para la intemperie
Ropa y calzado,Suministros,18221000,Ropa impermeable
Ropa y calzado,Suministros,18221100,Capas impermeables
Ropa y calzado,Suministros,18221200,Anoraks
Ropa y calzado,Suministros,18221300,Impermeables
Ropa y calzado,Suministros,18222000,Indumentaria corporativa
Ropa y calzado,Suministros,18222100,Trajes y vestidos
Ropa y calzado,Suministros,18222200,Conjuntos
Ropa y calzado,Suministros,18223000,Chaquetas y chaquetas deportivas
Ropa y calzado,Suministros,18223100,Chaquetas deportivas
Ropa y calzado,Suministros,18223200,Chaquetas
Ropa y calzado,Suministros,18224000,Prendas de vestir confeccionadas de tejidos impregnados o recubiertos
Ropa y calzado,Suministros,18230000,Ropa exterior diversa
Ropa y calzado,Suministros,18231000,Vestidos
Ropa y calzado,Suministros,18232000,Faldas
Ropa y calzado,Suministros,18233000,Pantalones cortos
Ropa y calzado,Suministros,18234000,Pantalones
Ropa y calzado,Suministros,18235000,"Jerseys, cárdigans y artículos similares"
Ropa y calzado,Suministros,18235100,Pullovers
Ropa y calzado,Suministros,18235200,Cárdigans
Ropa y calzado,Suministros,18235300,Chándales
Ropa y calzado,Suministros,18235400,Chalecos
Ropa y calzado,Suministros,18300000,Prendas de vestir
Ropa y calzado,Suministros,18310000,Ropa interior
Ropa y calzado,Suministros,18311000,Combinaciones
Ropa y calzado,Suministros,18312000,Calzoncillos
Ropa y calzado,Suministros,18313000,Bragas
Ropa y calzado,Suministros,18314000,Albornoces
Ropa y calzado,Suministros,18315000,Medias
Ropa y calzado,Suministros,18316000,Leotardos
Ropa y calzado,Suministros,18317000,Calcetines
Ropa y calzado,Suministros,18318000,Ropa de dormir
Ropa y calzado,Suministros,18318100,Camisas de dormir
Ropa y calzado,Suministros,18318200,Batas
Ropa y calzado,Suministros,18318300,Pijamas
Ropa y calzado,Suministros,18318400,Camisetas de punto
Ropa y calzado,Suministros,18318500,Camisones
Ropa y calzado,Suministros,18320000,"Sostenes, corsés, ligas y prendas similares"
Ropa y calzado,Suministros,18321000,Sostenes
Ropa y calzado,Suministros,18322000,Corsés
Ropa y calzado,Suministros,18323000,Ligas
Ropa y calzado,Suministros,18330000,Camisetas y camisas
Ropa y calzado,Suministros,18331000,Camisetas
Ropa y calzado,Suministros,18332000,Camisas
Ropa y calzado,Suministros,18333000,Polos
Ropa y calzado,Suministros,18400000,Prendas de vestir y accesorios especiales
Ropa y calzado,Suministros,18410000,Prendas de vestir especiales
Ropa y calzado,Suministros,18411000,Prendas para bebés
Ropa y calzado,Suministros,18412000,Ropa deportiva
Ropa y calzado,Suministros,18412100,Prendas para el entrenamiento deportivo
Ropa y calzado,Suministros,18412200,Camisas de deporte
Ropa y calzado,Suministros,18412300,Trajes de esquí
Ropa y calzado,Suministros,18412800,Trajes y pantalones de baño
Ropa y calzado,Suministros,18420000,Complementos de vestir
Ropa y calzado,Suministros,18421000,Pañuelos
Ropa y calzado,Suministros,18422000,Bufandas
Ropa y calzado,Suministros,18423000,Corbatas
Ropa y calzado,Suministros,18424000,Guantes
Ropa y calzado,Suministros,18424300,Guantes desechables
Ropa y calzado,Suministros,18424400,Manoplas
Ropa y calzado,Suministros,18424500,Guanteletes
Ropa y calzado,Suministros,18425000,Cinturones
Ropa y calzado,Suministros,18425100,Bandoleras
Ropa y calzado,Suministros,18440000,Sombreros y tocados
Ropa y calzado,Suministros,18441000,Sombreros
Ropa y calzado,Suministros,18443000,Artículos y complementos de sombrerería
Ropa y calzado,Suministros,18443100,Bandas antisudor
Ropa y calzado,Suministros,18443300,Artículos de sombrerería
Ropa y calzado,Suministros,18443310,Boinas
Ropa y calzado,Suministros,18443320,Gorras de campo
Ropa y calzado,Suministros,18443330,Capuchas
Ropa y calzado,Suministros,18443340,Gorras
Ropa y calzado,Suministros,18443400,Barboquejos para sombrerería
Ropa y calzado,Suministros,18443500,Viseras
Ropa y calzado,Suministros,18444000,Tocados de protección
Ropa y calzado,Suministros,18444100,Tocados de seguridad
Ropa y calzado,Suministros,18444110,Cascos
Ropa y calzado,Suministros,18444111,Cascos de protección
Ropa y calzado,Suministros,18444112,Cascos de ciclista
Ropa y calzado,Suministros,18444200,Cascos de seguridad
Ropa y calzado,Suministros,18450000,Cierres para prendas de vestir
Ropa y calzado,Suministros,18451000,Botones
Ropa y calzado,Suministros,18451100,Partes de botones
Ropa y calzado,Suministros,18452000,Imperdibles
Ropa y calzado,Suministros,18453000,Cremalleras
Ropa y calzado,Suministros,18500000,"Joyas, relojes y artículos conexos"
Ropa y calzado,Suministros,18510000,Joyas y artículos conexos
Ropa y calzado,Suministros,18511000,Piedras preciosas para joyería
Ropa y calzado,Suministros,18511100,Diamantes
Ropa y calzado,Suministros,18511200,Rubíes
Ropa y calzado,Suministros,18511300,Esmeraldas
Ropa y calzado,Suministros,18511400,Ópalos
Ropa y calzado,Suministros,18511500,Cuarzos
Ropa y calzado,Suministros,18511600,Turmalinas
Ropa y calzado,Suministros,18512000,Monedas y medallas
Ropa y calzado,Suministros,18512100,Monedas
Ropa y calzado,Suministros,18512200,Medallas
Ropa y calzado,Suministros,18513000,Artículos de joyería
Ropa y calzado,Suministros,18513100,Perlas
Ropa y calzado,Suministros,18513200,Artículos de orfebrería de oro
Ropa y calzado,Suministros,18513300,Artículos de metales preciosos
Ropa y calzado,Suministros,18513400,Artículos de piedras preciosas o semipreciosas
Ropa y calzado,Suministros,18513500,Artículos de orfebrería de plata
Ropa y calzado,Suministros,18520000,Relojería para uso personal
Ropa y calzado,Suministros,18521000,Relojes de pulsera o de bolsillo
Ropa y calzado,Suministros,18521100,Cristal para relojes de pulsera
Ropa y calzado,Suministros,18522000,Relojes de pulsera
Ropa y calzado,Suministros,18523000,Cronómetros
Ropa y calzado,Suministros,18530000,Regalos y premios
Ropa y calzado,Suministros,18600000,Pieles y artículos de piel
Ropa y calzado,Suministros,18610000,Artículos de piel
Ropa y calzado,Suministros,18611000,Pieles finas
Ropa y calzado,Suministros,18612000,Prendas de vestir de piel
Ropa y calzado,Suministros,18613000,Artículos de piel artificial
Ropa y calzado,Suministros,18620000,Pieles
Ropa y calzado,Suministros,18800000,Calzado
Ropa y calzado,Suministros,18810000,Calzado distinto del calzado deportivo y de protección
Ropa y calzado,Suministros,18811000,Calzado impermeable
Ropa y calzado,Suministros,18812000,Calzado con partes de caucho o de plástico
Ropa y calzado,Suministros,18812100,Sandalias con pala de caucho o de plástico
Ropa y calzado,Suministros,18812200,Botas de caucho
Ropa y calzado,Suministros,18812300,Calzado de vestir con pala de caucho o de plástico
Ropa y calzado,Suministros,18812400,Chancletas
Ropa y calzado,Suministros,18813000,Calzado con pala de cuero
Ropa y calzado,Suministros,18813100,Sandalias
Ropa y calzado,Suministros,18813200,Pantuflas
Ropa y calzado,Suministros,18813300,Calzado de vestir
Ropa y calzado,Suministros,18814000,Calzado con pala de materiales textiles
Ropa y calzado,Suministros,18815000,Botas
Ropa y calzado,Suministros,18815100,Botines
Ropa y calzado,Suministros,18815200,Botas de media caña
Ropa y calzado,Suministros,18815300,Botas altas
Ropa y calzado,Suministros,18815400,Botas de agua de caña alta
Ropa y calzado,Suministros,18816000,Chanclos
Ropa y calzado,Suministros,18820000,Calzado deportivo
Ropa y calzado,Suministros,18821000,Calzado de esquí
Ropa y calzado,Suministros,18821100,Calzado de esquí de fondo
Ropa y calzado,Suministros,18822000,Zapatillas de entrenamiento
Ropa y calzado,Suministros,18823000,"Botas de media montaña, de serraje"
Ropa y calzado,Suministros,18824000,Botas de fútbol
Ropa y calzado,Suministros,18830000,Calzado de protección
Ropa y calzado,Suministros,18831000,Calzado con puntera metálica de protección
Ropa y calzado,Suministros,18832000,Calzado especial
Ropa y calzado,Suministros,18832100,Calzado de vuelo
Ropa y calzado,Suministros,18840000,Partes de calzado
Ropa y calzado,Suministros,18841000,Palas de calzado
Ropa y calzado,Suministros,18842000,Suelas
Ropa y calzado,Suministros,18843000,Tacones
Ropa y calzado,Suministros,18900000,"Artículos de viaje, talabartería, sacos y bolsas"
Ropa y calzado,Suministros,18910000,Artículos de talabartería
Ropa y calzado,Suministros,18911000,Sillas de montar
Ropa y calzado,Suministros,18912000,Fustas
Ropa y calzado,Suministros,18913000,Látigos
Ropa y calzado,Suministros,18920000,Artículos de viaje
Ropa y calzado,Suministros,18921000,Maletas
Ropa y calzado,Suministros,18923000,Bolsas y billeteros
Ropa y calzado,Suministros,18923100,Bolsas pequeñas
Ropa y calzado,Suministros,18923200,Billeteros
Ropa y calzado,Suministros,18924000,Baúles
Ropa y calzado,Suministros,18925000,Portacantimploras y fundas
Ropa y calzado,Suministros,18925100,Portacantimploras
Ropa y calzado,Suministros,18925200,Fundas
Ropa y calzado,Suministros,18929000,Neceseres
Ropa y calzado,Suministros,18930000,Sacos y talegas
Ropa y calzado,Suministros,18931000,Sacos de viaje
Ropa y calzado,Suministros,18931100,Mochilas
Ropa y calzado,Suministros,18932000,Bolsas de deporte
Ropa y calzado,Suministros,18933000,Sacas y bolsas para correo
Ropa y calzado,Suministros,18933100,Valijas
Ropa y calzado,Suministros,18934000,Macutos
Ropa y calzado,Suministros,18935000,Bolsas para ropa sucia
Ropa y calzado,Suministros,18936000,Bolsas textiles
Ropa y calzado,Suministros,18937000,Sacos para embalaje
Ropa y calzado,Suministros,18937100,Bolsas para embalaje
Ropa y calzado,Suministros,18938000,Sobres acolchados
Ropa y calzado,Suministros,18939000,Bolsos de mano
Ropa y calzado,Suministros,19000000,"Piel y textiles, materiales de plástico y caucho"
Ropa y calzado,Suministros,19100000,Cuero
Ropa y calzado,Suministros,19110000,Cuero agamuzado
Ropa y calzado,Suministros,19120000,Cuero de bovinos o equinos
Ropa y calzado,Suministros,19130000,"Cuero de oveja, cabra o cerdo"
Ropa y calzado,Suministros,19131000,Piel de oveja o cordero
Ropa y calzado,Suministros,19132000,Piel de cabra o cabritilla
Ropa y calzado,Suministros,19133000,Cuero de cerdo
Ropa y calzado,Suministros,19140000,"Piel de otros animales, cuero reconstituido y otros cueros"
Ropa y calzado,Suministros,19141000,Cuero de otros animales
Ropa y calzado,Suministros,19142000,Cuero artificial o regenerado
Ropa y calzado,Suministros,19143000,Cuero de imitación
Ropa y calzado,Suministros,19144000,Charol
Ropa y calzado,Suministros,19160000,Correas de reloj
Ropa y calzado,Suministros,19170000,Artículos de cuero usados en maquinaria o aparatos mecánicos
Ropa y calzado,Suministros,19200000,Telas y artículos conexos
Ropa y calzado,Suministros,19210000,Tejidos
Ropa y calzado,Suministros,19211000,Tejidos sintéticos
Ropa y calzado,Suministros,19211100,Tejidos de mezcla
Ropa y calzado,Suministros,19212000,Tejidos de algodón
Ropa y calzado,Suministros,19212100,Cutí
Ropa y calzado,Suministros,19212200,"Tejidos de mezclilla (""denim"")"
Ropa y calzado,Suministros,19212300,Lona
Ropa y calzado,Suministros,19212310,Artículos de lona
Ropa y calzado,Suministros,19212400,Popelina
Ropa y calzado,Suministros,19212500,Cinchas
Ropa y calzado,Suministros,19212510,Cinchas y correas
Ropa y calzado,Suministros,19220000,Tejidos de lana
Ropa y calzado,Suministros,19230000,Tejidos de lino
Ropa y calzado,Suministros,19231000,Ropa blanca
Ropa y calzado,Suministros,19240000,Tejidos especiales
Ropa y calzado,Suministros,19241000,Terciopelo y felpa
Ropa y calzado,Suministros,19242000,Tejido de toalla con bucles
Ropa y calzado,Suministros,19243000,Tejidos para tapicería
Ropa y calzado,Suministros,19244000,Tejidos para cortinas
Ropa y calzado,Suministros,19245000,Tejidos de revestimiento
Ropa y calzado,Suministros,19250000,Tejidos de punto o de ganchillo
Ropa y calzado,Suministros,19251000,Tejidos de punto
Ropa y calzado,Suministros,19251100,Tejidos de terciopelo y felpa
Ropa y calzado,Suministros,19252000,Tejidos de ganchillo
Ropa y calzado,Suministros,19260000,Tela
Ropa y calzado,Suministros,19270000,Materias textiles no tejidas
Ropa y calzado,Suministros,19280000,"Lana, cueros y pieles"
Ropa y calzado,Suministros,19281000,Lana
Ropa y calzado,Suministros,19282000,Pieles de animal
Ropa y calzado,Suministros,19283000,Pieles y plumas de aves
Ropa y calzado,Suministros,19400000,Hilados e hilos textiles
Ropa y calzado,Suministros,19410000,Fibras textiles naturales
Ropa y calzado,Suministros,19420000,Fibras textiles artificiales
Ropa y calzado,Suministros,19430000,Hilados e hilos textiles de fibras naturales
Ropa y calzado,Suministros,19431000,Hilados de seda
Ropa y calzado,Suministros,19432000,Hilados de lana
Ropa y calzado,Suministros,19433000,Hilados de algodón
Ropa y calzado,Suministros,19434000,Hilados de lino
Ropa y calzado,Suministros,19435000,Hilos e hilados de coser de fibras naturales
Ropa y calzado,Suministros,19435100,Hilo de coser
Ropa y calzado,Suministros,19435200,Hilados para tejer
Ropa y calzado,Suministros,19436000,Hilados de fibras textiles vegetales
Ropa y calzado,Suministros,19440000,Hilados o hilos sintéticos
Ropa y calzado,Suministros,19441000,Hilados sintéticos
Ropa y calzado,Suministros,19442000,Hilos sintéticos
Ropa y calzado,Suministros,19442100,Hilos sintéticos de coser
Ropa y calzado,Suministros,19442200,Hilados sintéticos para tejer
Ropa y calzado,Suministros,19500000,Caucho y plásticos
Ropa y calzado,Suministros,19510000,Productos de caucho
Ropa y calzado,Suministros,19511000,"Cámaras de aire, bandas de rodadura y fajas de protección de la cámara de aire, de caucho"
Ropa y calzado,Suministros,19511100,Fajas de protección de la cámara de aire del neumático
Ropa y calzado,Suministros,19511200,Cámaras de aire
Ropa y calzado,Suministros,19511300,Bandas de rodadura de neumáticos
Ropa y calzado,Suministros,19512000,Artículos de caucho sin vulcanizar
Ropa y calzado,Suministros,19513000,Tejidos cauchutados
Ropa y calzado,Suministros,19513100,Tejidos para cuerdas de neumáticos
Ropa y calzado,Suministros,19513200,Cinta adhesiva de tejidos cauchutados
Ropa y calzado,Suministros,19514000,Caucho regenerado
Ropa y calzado,Suministros,19520000,Productos de plástico
Ropa y calzado,Suministros,19521000,Productos de poliestireno
Ropa y calzado,Suministros,19521100,Hojas de poliestireno
Ropa y calzado,Suministros,19521200,Losas de poliestireno
Ropa y calzado,Suministros,19522000,Resinas
Ropa y calzado,Suministros,19522100,Resina epoxi
Ropa y calzado,Suministros,19522110,Tubos de resina epoxi
Ropa y calzado,Suministros,19600000,"Residuos de cuero, textiles, de caucho y de plástico"
Ropa y calzado,Suministros,19610000,Residuos de cuero
Ropa y calzado,Suministros,19620000,Residuos textiles
Ropa y calzado,Suministros,19630000,Residuos de caucho
Ropa y calzado,Suministros,19640000,Sacos y bolsas de polietileno para residuos
Ropa y calzado,Suministros,19700000,Caucho y fibras sintéticos
Ropa y calzado,Suministros,19710000,Caucho sintético
Ropa y calzado,Suministros,19720000,Fibras sintéticas
Ropa y calzado,Suministros,19721000,Borra de filamentos sintéticos
Ropa y calzado,Suministros,19722000,Hilado de alta tenacidad
Ropa y calzado,Suministros,19723000,Hilado texturado sencillo
Ropa y calzado,Suministros,19724000,Monofilamento sintético
Ropa y calzado,Suministros,19730000,Fibras artificiales
Ropa y calzado,Suministros,19731000,Fibras artificiales discontinuas
Ropa y calzado,Suministros,19732000,Polipropileno
Ropa y calzado,Suministros,19733000,Hilado texturado artificial
Impresión y material de oficina,Suministros,22000000,Impresos y productos relacionados
Impresión y material de oficina,Suministros,22100000,"Libros impresos, folletos y prospectos"
Impresión y material de oficina,Suministros,22110000,Libros impresos
Impresión y material de oficina,Suministros,22111000,Libros escolares
Impresión y material de oficina,Suministros,22112000,Libros de texto
Impresión y material de oficina,Suministros,22113000,Libros para biblioteca
Impresión y material de oficina,Suministros,22114000,"Diccionarios, mapas, libros de música y otros libros"
Impresión y material de oficina,Suministros,22114100,Diccionarios
Impresión y material de oficina,Suministros,22114200,Atlas
Impresión y material de oficina,Suministros,22114300,Mapas
Impresión y material de oficina,Suministros,22114310,Mapas catastrales
Impresión y material de oficina,Suministros,22114311,Cianotipos
Impresión y material de oficina,Suministros,22114400,Música impresa
Impresión y material de oficina,Suministros,22114500,Enciclopedias
Impresión y material de oficina,Suministros,22120000,Publicaciones
Impresión y material de oficina,Suministros,22121000,Publicaciones técnicas
Impresión y material de oficina,Suministros,22130000,Guías
Impresión y material de oficina,Suministros,22140000,Prospectos
Impresión y material de oficina,Suministros,22150000,Folletos
Impresión y material de oficina,Suministros,22160000,Opúsculos
Impresión y material de oficina,Suministros,22200000,"Periódicos, revistas especializadas, publicaciones periódicas y revistas"
Impresión y material de oficina,Suministros,22210000,Periódicos
Impresión y material de oficina,Suministros,22211000,Revistas especializadas
Impresión y material de oficina,Suministros,22211100,Boletines oficiales
Impresión y material de oficina,Suministros,22212000,Publicaciones periódicas
Impresión y material de oficina,Suministros,22212100,Publicaciones por entregas
Impresión y material de oficina,Suministros,22213000,Revistas
Impresión y material de oficina,Suministros,22300000,"Tarjetas postales, tarjetas de felicitación y otro material impreso"
Impresión y material de oficina,Suministros,22310000,Tarjetas postales
Impresión y material de oficina,Suministros,22312000,Ilustraciones
Impresión y material de oficina,Suministros,22313000,Calcomanías
Impresión y material de oficina,Suministros,22314000,Diseños
Impresión y material de oficina,Suministros,22315000,Fotografías
Impresión y material de oficina,Suministros,22320000,Tarjetas de felicitación
Impresión y material de oficina,Suministros,22321000,Tarjetas de Navidad
Impresión y material de oficina,Suministros,22400000,"Sellos, talonarios de cheques, billetes de banco, certificados de acciones, material de publicidad comercial, catálogos y manuales"
Impresión y material de oficina,Suministros,22410000,Sellos
Impresión y material de oficina,Suministros,22411000,Sellos de Navidad
Impresión y material de oficina,Suministros,22412000,Sellos nuevos
Impresión y material de oficina,Suministros,22413000,Sellos de ahorro
Impresión y material de oficina,Suministros,22414000,Cuadernillos de sellos de correos
Impresión y material de oficina,Suministros,22420000,Papel timbrado
Impresión y material de oficina,Suministros,22430000,Billetes de banco
Impresión y material de oficina,Suministros,22440000,Talonarios de cheques
Impresión y material de oficina,Suministros,22450000,Impresos infalsificables
Impresión y material de oficina,Suministros,22451000,Pasaportes
Impresión y material de oficina,Suministros,22452000,Giros postales
Impresión y material de oficina,Suministros,22453000,Pegatinas del impuesto de circulación
Impresión y material de oficina,Suministros,22454000,Permisos de conducir
Impresión y material de oficina,Suministros,22455000,Carnés de identidad
Impresión y material de oficina,Suministros,22455100,Pulseras de identificación
Impresión y material de oficina,Suministros,22456000,Permisos
Impresión y material de oficina,Suministros,22457000,Tarjetas de entrada
Impresión y material de oficina,Suministros,22458000,Impresos por encargo
Impresión y material de oficina,Suministros,22459000,Billetes
Impresión y material de oficina,Suministros,22459100,Tiras y adhesivos publicitarios
Impresión y material de oficina,Suministros,22460000,"Material de publicidad comercial, catálogos comerciales y manuales"
Impresión y material de oficina,Suministros,22461000,Catálogos
Impresión y material de oficina,Suministros,22461100,"Portalistas, portamenús y soportes análogos"
Impresión y material de oficina,Suministros,22462000,Material de publicidad
Impresión y material de oficina,Suministros,22470000,Manuales
Impresión y material de oficina,Suministros,22471000,Manuales informáticos
Impresión y material de oficina,Suministros,22472000,Manuales de instrucciones
Impresión y material de oficina,Suministros,22473000,Manuales técnicos
Impresión y material de oficina,Suministros,22500000,Clisés o cilindros de imprenta u otros medios de impresión
Impresión y material de oficina,Suministros,22510000,Planchas offset
Impresión y material de oficina,Suministros,22520000,Equipo de grabado en seco
Impresión y material de oficina,Suministros,22521000,Equipo de estampado en relieve
Impresión y material de oficina,Suministros,22600000,Tinta
Impresión y material de oficina,Suministros,22610000,Tinta de imprenta
Impresión y material de oficina,Suministros,22611000,Tinta para huecograbado
Impresión y material de oficina,Suministros,22612000,Tinta china
Impresión y material de oficina,Suministros,22800000,"Libros registro, libros de contabilidad, clasificadores, impresos y otros artículos de papelería, de papel o cartón"
Impresión y material de oficina,Suministros,22810000,Libros registro de papel o cartón
Impresión y material de oficina,Suministros,22813000,Libros de contabilidad
Impresión y material de oficina,Suministros,22814000,Talonarios de recibos
Impresión y material de oficina,Suministros,22815000,Talonarios de notas
Impresión y material de oficina,Suministros,22816000,Blocs
Impresión y material de oficina,Suministros,22816100,Blocs de notas
Impresión y material de oficina,Suministros,22816200,Cuadernos de taquigrafía
Impresión y material de oficina,Suministros,22816300,Blocs de hojas adhesivas
Impresión y material de oficina,Suministros,22817000,Agendas u organizadores personales
Impresión y material de oficina,Suministros,22819000,Libros de direcciones
Impresión y material de oficina,Suministros,22820000,Formularios
Impresión y material de oficina,Suministros,22821000,Formularios electorales
Impresión y material de oficina,Suministros,22822000,Formularios comerciales
Impresión y material de oficina,Suministros,22822100,Formularios comerciales de papel continuo
Impresión y material de oficina,Suministros,22822200,Formularios comerciales en hojas sueltas
Impresión y material de oficina,Suministros,22830000,Cuadernos de ejercicios
Impresión y material de oficina,Suministros,22831000,Recambios para cuadernos escolares
Impresión y material de oficina,Suministros,22832000,Hojas para ejercicios
Impresión y material de oficina,Suministros,22840000,Álbumes para muestras
Impresión y material de oficina,Suministros,22841000,Álbumes para colecciones
Impresión y material de oficina,Suministros,22841100,Libros de sellos
Impresión y material de oficina,Suministros,22841200,Clasificadores para filatelia
Impresión y material de oficina,Suministros,22850000,Clasificadores y accesorios para clasificadores
Impresión y material de oficina,Suministros,22851000,Clasificadores
Impresión y material de oficina,Suministros,22852000,Carpetas
Impresión y material de oficina,Suministros,22852100,Cubiertas para documentos
Impresión y material de oficina,Suministros,22853000,"Archivadores, bandejas portadocumentos y otros soportes análogos"
Impresión y material de oficina,Suministros,22900000,Impresos varios
Impresión y material de oficina,Suministros,22990000,"Papel de periódico, papeles fabricados a mano y otros papeles y cartones sin recubrir, para usos gráficos"
Impresión y material de oficina,Suministros,22991000,Papel prensa
Impresión y material de oficina,Suministros,22992000,Papel o cartón hecho a mano
Impresión y material de oficina,Suministros,22993000,"Papel y cartón fotosensibles, termosensibles o termográficos"
Impresión y material de oficina,Suministros,22993100,Papel o cartón fotosensible
Impresión y material de oficina,Suministros,22993200,Papel o cartón termosensible
Impresión y material de oficina,Suministros,22993300,Papel o cartón termográfico
Impresión y material de oficina,Suministros,22993400,Papel o cartón ondulado
Industria y maquinaria,Suministros,24000000,Productos químicos
Industria y maquinaria,Suministros,24100000,Gases
Industria y maquinaria,Suministros,24110000,Gases industriales
Industria y maquinaria,Suministros,24111000,"Hidrógeno, argón, gases nobles, nitrógeno y oxígeno"
Industria y maquinaria,Suministros,24111100,Argón
Industria y maquinaria,Suministros,24111200,Gases nobles
Industria y maquinaria,Suministros,24111300,Helio
Industria y maquinaria,Suministros,24111400,Neón
Industria y maquinaria,Suministros,24111500,Gases medicinales
Industria y maquinaria,Suministros,24111600,Hidrógeno
Industria y maquinaria,Suministros,24111700,Nitrógeno
Industria y maquinaria,Suministros,24111800,Nitrógeno líquido
Industria y maquinaria,Suministros,24111900,Oxígeno
Industria y maquinaria,Suministros,24112000,Compuestos oxigenados inorgánicos
Industria y maquinaria,Suministros,24112100,Dióxido de carbono
Industria y maquinaria,Suministros,24112200,Óxidos de nitrógeno
Industria y maquinaria,Suministros,24112300,Compuestos oxigenados inorgánicos gaseosos
Industria y maquinaria,Suministros,24113000,Aire líquido y aire comprimido
Industria y maquinaria,Suministros,24113100,Aire líquido
Industria y maquinaria,Suministros,24113200,Aire comprimido
Industria y maquinaria,Suministros,24200000,Tintes y pigmentos
Industria y maquinaria,Suministros,24210000,"Óxidos, peróxidos e hidróxidos"
Industria y maquinaria,Suministros,24211000,"Óxido y peróxido de zinc; óxido de titanio, tintes y pigmentos"
Industria y maquinaria,Suministros,24211100,Óxido de zinc
Industria y maquinaria,Suministros,24211200,Peróxido de zinc
Industria y maquinaria,Suministros,24211300,Óxido de titanio
Industria y maquinaria,Suministros,24212000,"Óxidos e hidróxidos de cromo, de manganeso, de magnesio, de plomo y de cobre"
Industria y maquinaria,Suministros,24212100,Óxido de cromo
Industria y maquinaria,Suministros,24212200,Óxido de manganeso
Industria y maquinaria,Suministros,24212300,Óxido de plomo
Industria y maquinaria,Suministros,24212400,Óxido de cobre
Industria y maquinaria,Suministros,24212500,Óxido de magnesio
Industria y maquinaria,Suministros,24212600,Hidróxidos para tintes y pigmentos
Industria y maquinaria,Suministros,24212610,Hidróxido de cromo
Industria y maquinaria,Suministros,24212620,Hidróxido de manganeso
Industria y maquinaria,Suministros,24212630,Hidróxido de plomo
Industria y maquinaria,Suministros,24212640,Hidróxido de cobre
Industria y maquinaria,Suministros,24212650,Hidróxido de magnesio
Industria y maquinaria,Suministros,24213000,Cal apagada
Industria y maquinaria,Suministros,24220000,Extractos curtientes o tintóreos; taninos y materias colorantes
Industria y maquinaria,Suministros,24221000,Extractos tintóreos
Industria y maquinaria,Suministros,24222000,Extractos curtientes
Industria y maquinaria,Suministros,24223000,Taninos
Industria y maquinaria,Suministros,24224000,Materias colorantes
Industria y maquinaria,Suministros,24225000,Preparados curtientes
Industria y maquinaria,Suministros,24300000,Productos químicos inorgánicos y orgánicos básicos
Industria y maquinaria,Suministros,24310000,Productos químicos inorgánicos básicos
Industria y maquinaria,Suministros,24311000,"Elementos químicos, ácidos inorgánicos y sus compuestos"
Industria y maquinaria,Suministros,24311100,Metaloides
Industria y maquinaria,Suministros,24311110,Fosfuros
Industria y maquinaria,Suministros,24311120,Carburos
Industria y maquinaria,Suministros,24311130,Hidruros
Industria y maquinaria,Suministros,24311140,Nitruros
Industria y maquinaria,Suministros,24311150,Aziduros (azidas)
Industria y maquinaria,Suministros,24311160,Siliciuros
Industria y maquinaria,Suministros,24311170,Boruros
Industria y maquinaria,Suministros,24311180,Azufre refinado
Industria y maquinaria,Suministros,24311200,Halógeno
Industria y maquinaria,Suministros,24311300,Metales alcalinos
Industria y maquinaria,Suministros,24311310,Mercurio
Industria y maquinaria,Suministros,24311400,"Cloruro de hidrógeno, ácidos inorgánicos; dióxido de silicio y dióxido de azufre"
Industria y maquinaria,Suministros,24311410,Ácidos inorgánicos
Industria y maquinaria,Suministros,24311411,Ácido sulfúrico
Industria y maquinaria,Suministros,24311420,Ácido fosfórico
Industria y maquinaria,Suministros,24311430,Ácidos polifosfóricos
Industria y maquinaria,Suministros,24311440,Ácido hexafluorosilícico
Industria y maquinaria,Suministros,24311450,Dióxido de azufre
Industria y maquinaria,Suministros,24311460,Dióxido de silicio
Industria y maquinaria,Suministros,24311470,Cloruro de hidrógeno
Industria y maquinaria,Suministros,24311500,Hidróxidos en forma de sustancias químicas inorgánicas básicas
Industria y maquinaria,Suministros,24311510,Óxidos metálicos
Industria y maquinaria,Suministros,24311511,Piritas de hierro y óxidos de hierro
Industria y maquinaria,Suministros,24311520,Hidróxido de sodio
Industria y maquinaria,Suministros,24311521,Sosa cáustica
Industria y maquinaria,Suministros,24311522,Lejía de sosa cáustica
Industria y maquinaria,Suministros,24311600,Compuestos de azufre
Industria y maquinaria,Suministros,24311700,Azufre
Industria y maquinaria,Suministros,24311800,Carbono
Industria y maquinaria,Suministros,24311900,Cloro
Industria y maquinaria,Suministros,24312000,"Halogenatos metálicos; hipocloritos, cloratos y percloratos"
Industria y maquinaria,Suministros,24312100,Halogenatos metálicos
Industria y maquinaria,Suministros,24312110,Hexafluorosilicato de sodio
Industria y maquinaria,Suministros,24312120,Cloruros
Industria y maquinaria,Suministros,24312121,Cloruro de aluminio
Industria y maquinaria,Suministros,24312122,Cloruro férrico
Industria y maquinaria,Suministros,24312123,Policloruro de aluminio
Industria y maquinaria,Suministros,24312130,Clorhidrato de aluminio
Industria y maquinaria,Suministros,24312200,Hipocloritos y cloratos
Industria y maquinaria,Suministros,24312210,Clorito de sodio
Industria y maquinaria,Suministros,24312220,Hipoclorito de sodio
Industria y maquinaria,Suministros,24313000,"Sulfuros, sulfatos; nitratos, fosfatos y carbonatos"
Industria y maquinaria,Suministros,24313100,"Sulfuros, sulfitos y sulfatos"
Industria y maquinaria,Suministros,24313110,Sulfuros diversos
Industria y maquinaria,Suministros,24313111,Sulfuro de hidrógeno
Industria y maquinaria,Suministros,24313112,Polisulfuros
Industria y maquinaria,Suministros,24313120,Sulfatos
Industria y maquinaria,Suministros,24313121,Tiosulfato de sodio
Industria y maquinaria,Suministros,24313122,Sulfato férrico
Industria y maquinaria,Suministros,24313123,Sulfato de aluminio
Industria y maquinaria,Suministros,24313124,Sulfato de sodio
Industria y maquinaria,Suministros,24313125,Sulfato de hierro
Industria y maquinaria,Suministros,24313126,Sulfato de cobre
Industria y maquinaria,Suministros,24313200,"Fosfinatos, fosfonatos, fosfatos y polifosfatos"
Industria y maquinaria,Suministros,24313210,Hexametafosfato de sodio
Industria y maquinaria,Suministros,24313220,Fosfatos
Industria y maquinaria,Suministros,24313300,Carbonatos
Industria y maquinaria,Suministros,24313310,Carbonato de sodio
Industria y maquinaria,Suministros,24313320,Bicarbonato de sodio
Industria y maquinaria,Suministros,24313400,Nitratos
Industria y maquinaria,Suministros,24314000,Sales metálicas de ácidos diversas
Industria y maquinaria,Suministros,24314100,Permanganato potásico
Industria y maquinaria,Suministros,24314200,Sales de ácidos oxometálicos
Industria y maquinaria,Suministros,24315000,Productos químicos inorgánicos diversos
Industria y maquinaria,Suministros,24315100,"Agua pesada, otros isótopos y sus compuestos"
Industria y maquinaria,Suministros,24315200,"Cianuros, oxicianuros, fulminatos, cianatos, silicatos, boratos, perboratos, sales de ácidos inorgánicos"
Industria y maquinaria,Suministros,24315210,Cianuros
Industria y maquinaria,Suministros,24315220,Oxicianuro
Industria y maquinaria,Suministros,24315230,Fulminatos
Industria y maquinaria,Suministros,24315240,Cianatos
Industria y maquinaria,Suministros,24315300,Peróxido de hidrógeno
Industria y maquinaria,Suministros,24315400,Cuarzo piezoeléctrico
Industria y maquinaria,Suministros,24315500,Compuestos de metales del grupo de las tierras raras
Industria y maquinaria,Suministros,24315600,Silicatos
Industria y maquinaria,Suministros,24315610,Silicato de sodio
Industria y maquinaria,Suministros,24315700,Boratos y perboratos
Industria y maquinaria,Suministros,24316000,Agua destilada
Industria y maquinaria,Suministros,24317000,Piedras sintéticas
Industria y maquinaria,Suministros,24317100,Piedras preciosas sintéticas
Industria y maquinaria,Suministros,24317200,Piedras semipreciosas sintéticas
Industria y maquinaria,Suministros,24320000,Productos químicos orgánicos básicos
Industria y maquinaria,Suministros,24321000,Hidrocarburos
Industria y maquinaria,Suministros,24321100,Hidrocarburos saturados
Industria y maquinaria,Suministros,24321110,Hidrocarburos acíclicos saturados
Industria y maquinaria,Suministros,24321111,Metano
Industria y maquinaria,Suministros,24321112,Etileno
Industria y maquinaria,Suministros,24321113,Propeno
Industria y maquinaria,Suministros,24321114,Buteno
Industria y maquinaria,Suministros,24321115,Acetileno
Industria y maquinaria,Suministros,24321120,Hidrocarburos cíclicos saturados
Industria y maquinaria,Suministros,24321200,Hidrocarburos no saturados
Industria y maquinaria,Suministros,24321210,Hidrocarburos acíclicos no saturados
Industria y maquinaria,Suministros,24321220,Hidrocarburos cíclicos no saturados
Industria y maquinaria,Suministros,24321221,Benceno
Industria y maquinaria,Suministros,24321222,Tolueno
Industria y maquinaria,Suministros,24321223,O-Xilenos
Industria y maquinaria,Suministros,24321224,M-Xilenos
Industria y maquinaria,Suministros,24321225,Estireno
Industria y maquinaria,Suministros,24321226,Etilbenceno
Industria y maquinaria,Suministros,24321300,Otros derivados halogenados de hidrocarburos
Industria y maquinaria,Suministros,24321310,Tetracloroetileno
Industria y maquinaria,Suministros,24321320,Tetracloruro de carbono
Industria y maquinaria,Suministros,24322000,"Alcoholes, fenoles, alcoholes fenólicos y sus derivados halogenados, sulfonados, nitrados o nitrosados; alcoholes grasos industriales"
Industria y maquinaria,Suministros,24322100,Alcoholes grasos industriales
Industria y maquinaria,Suministros,24322200,Monoalcoholes
Industria y maquinaria,Suministros,24322210,Metanol
Industria y maquinaria,Suministros,24322220,Etanol
Industria y maquinaria,Suministros,24322300,"Dioles, polialcoholes y sus derivados"
Industria y maquinaria,Suministros,24322310,Etilenglicol
Industria y maquinaria,Suministros,24322320,Derivados de alcoholes
Industria y maquinaria,Suministros,24322400,Fenoles y sus derivados
Industria y maquinaria,Suministros,24322500,Alcohol
Industria y maquinaria,Suministros,24322510,Alcohol etílico
Industria y maquinaria,Suministros,24323000,Ácidos grasos monocarboxílicos industriales
Industria y maquinaria,Suministros,24323100,Aceites ácidos de refinado
Industria y maquinaria,Suministros,24323200,Ácidos carboxílicos
Industria y maquinaria,Suministros,24323210,Ácido acético
Industria y maquinaria,Suministros,24323220,Ácido peracético
Industria y maquinaria,Suministros,24323300,Ácidos monocarboxílicos insaturados y sus compuestos
Industria y maquinaria,Suministros,24323310,Ésteres de ácido metacrílico
Industria y maquinaria,Suministros,24323320,Ésteres de ácido acrílico
Industria y maquinaria,Suministros,24323400,Ácidos aromáticos policarboxílicos y carboxílicos
Industria y maquinaria,Suministros,24324000,Compuestos orgánicos con funciones nitrogenadas
Industria y maquinaria,Suministros,24324100,Compuestos con función amina
Industria y maquinaria,Suministros,24324200,Compuestos aminados con funciones oxigenadas
Industria y maquinaria,Suministros,24324300,Ureínas
Industria y maquinaria,Suministros,24324400,Compuestos con funciones nitrogenadas
Industria y maquinaria,Suministros,24325000,Tiocompuestos orgánicos
Industria y maquinaria,Suministros,24326000,"Aldehído, cetona, peróxidos orgánicos y éteres"
Industria y maquinaria,Suministros,24326100,Compuestos con función aldehído
Industria y maquinaria,Suministros,24326200,Compuestos con función cetona y quinona
Industria y maquinaria,Suministros,24326300,Peróxidos orgánicos
Industria y maquinaria,Suministros,24326310,Óxido de etileno
Industria y maquinaria,Suministros,24326320,Éteres
Industria y maquinaria,Suministros,24327000,Productos químicos orgánicos diversos
Industria y maquinaria,Suministros,24327100,Derivados vegetales para teñido
Industria y maquinaria,Suministros,24327200,Carbón vegetal
Industria y maquinaria,Suministros,24327300,"Aceites y productos de la destilación del alquitrán de hulla a alta temperatura, brea y alquitrán de brea"
Industria y maquinaria,Suministros,24327310,Alquitrán de hulla
Industria y maquinaria,Suministros,24327311,Creosota
Industria y maquinaria,Suministros,24327320,Brea
Industria y maquinaria,Suministros,24327330,Alquitrán de brea
Industria y maquinaria,Suministros,24327400,Productos de resina
Industria y maquinaria,Suministros,24327500,Lejías residuales de la fabricación de pasta de madera
Industria y maquinaria,Suministros,24400000,Abonos y compuestos nitrogenados
Industria y maquinaria,Suministros,24410000,Abonos nitrogenados
Industria y maquinaria,Suministros,24411000,Ácido nítrico y sus sales
Industria y maquinaria,Suministros,24411100,Nitrato de sodio
Industria y maquinaria,Suministros,24412000,Ácidos sulfonítricos
Industria y maquinaria,Suministros,24413000,Amoníaco
Industria y maquinaria,Suministros,24413100,Amoníaco líquido
Industria y maquinaria,Suministros,24413200,Cloruro amónico
Industria y maquinaria,Suministros,24413300,Sulfato amónico
Industria y maquinaria,Suministros,24420000,Abonos fosfatados
Industria y maquinaria,Suministros,24421000,Abonos minerales fosfatados
Industria y maquinaria,Suministros,24422000,Abonos químicos fosfatados
Industria y maquinaria,Suministros,24430000,Abonos de origen animal o vegetal
Industria y maquinaria,Suministros,24440000,Abonos diversos
Industria y maquinaria,Suministros,24450000,Productos agroquímicos
Industria y maquinaria,Suministros,24451000,Pesticidas
Industria y maquinaria,Suministros,24452000,Insecticidas
Industria y maquinaria,Suministros,24453000,Herbicidas
Industria y maquinaria,Suministros,24454000,Reguladores del crecimiento de las plantas
Industria y maquinaria,Suministros,24455000,Desinfectantes
Industria y maquinaria,Suministros,24456000,Rodenticidas
Industria y maquinaria,Suministros,24457000,Fungicidas
Industria y maquinaria,Suministros,24500000,Materias plásticas en formas primarias
Industria y maquinaria,Suministros,24510000,Polímeros de etileno en formas primarias
Industria y maquinaria,Suministros,24520000,Polímeros de propileno en formas primarias
Industria y maquinaria,Suministros,24530000,Polímeros de estireno en formas primarias
Industria y maquinaria,Suministros,24540000,Polímeros de vinilo en formas primarias
Industria y maquinaria,Suministros,24541000,Polímeros de acetato de vinilo en formas primarias
Industria y maquinaria,Suministros,24542000,Polímeros acrílicos en formas primarias
Industria y maquinaria,Suministros,24550000,Poliésteres en formas primarias
Industria y maquinaria,Suministros,24560000,Poliamidas en formas primarias
Industria y maquinaria,Suministros,24570000,Resinas ureicas en formas primarias
Industria y maquinaria,Suministros,24580000,Resinas amínicas en formas primarias
Industria y maquinaria,Suministros,24590000,Siliconas en formas primarias
Industria y maquinaria,Suministros,24600000,Explosivos
Industria y maquinaria,Suministros,24610000,Explosivos preparados
Industria y maquinaria,Suministros,24611000,Pólvoras de carga de proyección
Industria y maquinaria,Suministros,24611100,"Propergoles, combustibles"
Industria y maquinaria,Suministros,24612000,Explosivos diversos
Industria y maquinaria,Suministros,24612100,Dinamita
Industria y maquinaria,Suministros,24612200,TNT
Industria y maquinaria,Suministros,24612300,Nitroglicerina
Industria y maquinaria,Suministros,24613000,"Cohetes de señales, cohetes granífugos, señales para la niebla y artículos de pirotecnia"
Industria y maquinaria,Suministros,24613100,Cartuchos para espantar pájaros
Industria y maquinaria,Suministros,24613200,Fuegos artificiales
Industria y maquinaria,Suministros,24615000,"Mechas, cápsulas, inflamadores y detonadores eléctricos"
Industria y maquinaria,Suministros,24900000,Productos químicos puros y otros productos químicos
Industria y maquinaria,Suministros,24910000,Colas
Industria y maquinaria,Suministros,24911000,Gelatinas
Industria y maquinaria,Suministros,24911200,Adhesivos
Industria y maquinaria,Suministros,24920000,Aceites esenciales
Industria y maquinaria,Suministros,24930000,Productos químicos para fotografía
Industria y maquinaria,Suministros,24931000,Placas y películas fotográficas
Industria y maquinaria,Suministros,24931200,Emulsiones para uso fotográfico
Industria y maquinaria,Suministros,24931210,Reveladores fotográficos
Industria y maquinaria,Suministros,24931220,Fijadores fotográficos
Industria y maquinaria,Suministros,24931230,Reveladores para radiografías
Industria y maquinaria,Suministros,24931240,Fijadores para radiografías
Industria y maquinaria,Suministros,24931250,Medios de cultivo
Industria y maquinaria,Suministros,24931260,Intensificadores de imagen
Industria y maquinaria,Suministros,24950000,Productos químicos para fines específicos
Industria y maquinaria,Suministros,24951000,Grasas y lubricantes
Industria y maquinaria,Suministros,24951100,Lubricantes
Industria y maquinaria,Suministros,24951110,Lodo de perforación
Industria y maquinaria,Suministros,24951120,Grasa de silicio
Industria y maquinaria,Suministros,24951130,Fluidos de perforación
Industria y maquinaria,Suministros,24951200,Aditivos para aceites
Industria y maquinaria,Suministros,24951210,Polvo para extintores de incendios
Industria y maquinaria,Suministros,24951220,Agentes para extintores de incendios
Industria y maquinaria,Suministros,24951230,Cargas para extintores de incendios
Industria y maquinaria,Suministros,24951300,Fluidos hidráulicos
Industria y maquinaria,Suministros,24951310,Agentes para descongelar
Industria y maquinaria,Suministros,24951311,Preparaciones anticongelantes
Industria y maquinaria,Suministros,24951400,Grasas y aceites químicamente modificados
Industria y maquinaria,Suministros,24952000,Pastas para modelar
Industria y maquinaria,Suministros,24952100,Cera dental
Industria y maquinaria,Suministros,24953000,Agentes de acabado
Industria y maquinaria,Suministros,24954000,Carbón activado
Industria y maquinaria,Suministros,24954100,Carbón activado nuevo
Industria y maquinaria,Suministros,24954200,Carbón activado regenerado
Industria y maquinaria,Suministros,24955000,Recipientes inodoros de sustancias químicas
Industria y maquinaria,Suministros,24956000,Peptonas y sustancias proteicas
Industria y maquinaria,Suministros,24957000,Aditivos químicos
Industria y maquinaria,Suministros,24957100,Preparaciones aglutinantes para moldes o núcleos de fundición
Industria y maquinaria,Suministros,24957200,"Aditivos para cemento, mortero u hormigón"
Industria y maquinaria,Suministros,24958000,Productos químicos para la industria del petróleo y del gas
Industria y maquinaria,Suministros,24958100,Productos químicos para fondo de pozo
Industria y maquinaria,Suministros,24958200,Agentes floculantes
Industria y maquinaria,Suministros,24958300,Productos químicos para lodos
Industria y maquinaria,Suministros,24958400,Ampollas de gel para atraque de explosivos
Industria y maquinaria,Suministros,24959000,Aerosoles y productos químicos en forma de disco
Industria y maquinaria,Suministros,24959100,Aerosoles
Industria y maquinaria,Suministros,24959200,Elementos químicos en forma de disco
Industria y maquinaria,Suministros,24960000,Productos químicos diversos
Industria y maquinaria,Suministros,24961000,Fluidos para radiador
Industria y maquinaria,Suministros,24962000,Productos químicos para tratamiento del agua
Industria y maquinaria,Suministros,24963000,Productos anticorrosión
Industria y maquinaria,Suministros,24964000,Glicerol
Industria y maquinaria,Suministros,24965000,Enzimas
Impresión y material de oficina,Suministros,30000000,"Máquinas, equipo y artículos de oficina y de informática, excepto mobiliario y paquetes de software"
Impresión y material de oficina,Suministros,30100000,"Máquinas, equipo y artículos de oficina, excepto ordenadores, impresoras y mobiliario"
Impresión y material de oficina,Suministros,30110000,Máquinas de tratamiento de textos
Impresión y material de oficina,Suministros,30111000,Procesadores de texto
Impresión y material de oficina,Suministros,30120000,"Fotocopiadoras, máquinas offset e impresoras"
Impresión y material de oficina,Suministros,30121000,Fotocopiadoras y aparatos termocopiadores
Impresión y material de oficina,Suministros,30121100,Fotocopiadoras
Impresión y material de oficina,Suministros,30121200,Equipo de fotocopiado
Impresión y material de oficina,Suministros,30121300,Equipo de reproducción
Impresión y material de oficina,Suministros,30121400,Máquinas de sacar copias
Impresión y material de oficina,Suministros,30121410,Conmutadores teléfono-fax
Impresión y material de oficina,Suministros,30121420,Escáneres digitales con sistema de envío
Impresión y material de oficina,Suministros,30121430,Duplicadores digitales
Impresión y material de oficina,Suministros,30122000,Impresoras offset del tipo de las de oficina
Impresión y material de oficina,Suministros,30122100,Sistemas de impresión offset digital
Impresión y material de oficina,Suministros,30122200,Equipos de impresión offset digital
Impresión y material de oficina,Suministros,30123000,Máquinas de oficina
Impresión y material de oficina,Suministros,30123100,Máquinas para validación de billetes
Impresión y material de oficina,Suministros,30123200,Cajeros automáticos
Impresión y material de oficina,Suministros,30123300,Multicopistas
Impresión y material de oficina,Suministros,30123400,Máquinas de plegado
Impresión y material de oficina,Suministros,30123500,Perforadoras
Impresión y material de oficina,Suministros,30123600,Máquinas para la manipulación de monedas
Impresión y material de oficina,Suministros,30123610,Máquinas para clasificar monedas
Impresión y material de oficina,Suministros,30123620,Máquinas para contar monedas
Impresión y material de oficina,Suministros,30123630,Máquinas para empaquetar monedas
Impresión y material de oficina,Suministros,30124000,Partes y accesorios de máquinas de oficina
Impresión y material de oficina,Suministros,30124100,Fusores
Impresión y material de oficina,Suministros,30124110,Aceite para fusores
Impresión y material de oficina,Suministros,30124120,Fieltro limpiador del fusor
Impresión y material de oficina,Suministros,30124130,Lámparas del fusor
Impresión y material de oficina,Suministros,30124140,Almohadilla de limpieza del fusor
Impresión y material de oficina,Suministros,30124150,Filtros de fusor
Impresión y material de oficina,Suministros,30124200,Kits del fusor
Impresión y material de oficina,Suministros,30124300,Tambores de máquinas de oficina
Impresión y material de oficina,Suministros,30124400,Cartuchos de grapas
Impresión y material de oficina,Suministros,30124500,Accesorios para escáner
Impresión y material de oficina,Suministros,30124510,Endosadores para escáner
Impresión y material de oficina,Suministros,30124520,Alimentadores de documentos para escáner
Impresión y material de oficina,Suministros,30124530,Adaptadores de transparencias para escáner
Impresión y material de oficina,Suministros,30125000,Partes y accesorios de fotocopiadoras
Impresión y material de oficina,Suministros,30125100,Cartuchos de tóner
Impresión y material de oficina,Suministros,30125110,Tóner para faxes e impresoras láser
Impresión y material de oficina,Suministros,30125120,Tóner para fotocopiadoras
Impresión y material de oficina,Suministros,30125130,Tóner para centros de proceso de datos y centros de investigación y documentación
Impresión y material de oficina,Suministros,30130000,Equipo para oficinas de correos
Impresión y material de oficina,Suministros,30131000,Equipo para procesamiento de correspondencia
Impresión y material de oficina,Suministros,30131100,Máquinas para doblado de papel o sobres
Impresión y material de oficina,Suministros,30131200,Máquinas para rellenado de sobres
Impresión y material de oficina,Suministros,30131300,Máquinas para impresión de direcciones
Impresión y material de oficina,Suministros,30131400,Máquinas para franqueo
Impresión y material de oficina,Suministros,30131500,Máquinas abrecartas
Impresión y material de oficina,Suministros,30131600,Máquinas para cerrar el correo
Impresión y material de oficina,Suministros,30131700,Máquinas de matasellar
Impresión y material de oficina,Suministros,30131800,Máquinas pegadoras de sellos
Impresión y material de oficina,Suministros,30132000,Equipo para clasificación
Impresión y material de oficina,Suministros,30132100,Equipo para clasificación de correspondencia
Impresión y material de oficina,Suministros,30132200,Máquinas contadoras de billetes
Impresión y material de oficina,Suministros,30132300,Clasificadoras
Impresión y material de oficina,Suministros,30133000,Equipo para envío de correspondencia
Impresión y material de oficina,Suministros,30133100,Equipo para el envío de correspondencia en grandes cantidades
Impresión y material de oficina,Suministros,30140000,Máquinas de calcular y máquinas de contabilidad
Impresión y material de oficina,Suministros,30141000,Máquinas de calcular
Impresión y material de oficina,Suministros,30141100,Calculadoras de bolsillo
Impresión y material de oficina,Suministros,30141200,Calculadoras de oficina
Impresión y material de oficina,Suministros,30141300,Calculadoras impresoras
Impresión y material de oficina,Suministros,30141400,Sumadoras
Impresión y material de oficina,Suministros,30142000,Máquinas de contabilidad y cajas registradoras
Impresión y material de oficina,Suministros,30142100,Máquinas de contabilidad
Impresión y material de oficina,Suministros,30142200,Cajas registradoras
Impresión y material de oficina,Suministros,30144000,Máquinas del tipo de las de calcular
Impresión y material de oficina,Suministros,30144100,Máquinas de franquear
Impresión y material de oficina,Suministros,30144200,Máquinas expendedoras de billetes
Impresión y material de oficina,Suministros,30144300,Máquinas para contar vehículos
Impresión y material de oficina,Suministros,30144400,Sistema de cobro automático
Impresión y material de oficina,Suministros,30145000,Partes y accesorios de máquinas de calcular
Impresión y material de oficina,Suministros,30145100,Rollos de papel para calculadoras
Impresión y material de oficina,Suministros,30150000,Máquinas de escribir
Impresión y material de oficina,Suministros,30151000,Máquinas de escribir electrónicas
Impresión y material de oficina,Suministros,30152000,Partes y accesorios de máquinas de escribir
Impresión y material de oficina,Suministros,30160000,Tarjetas magnéticas
Impresión y material de oficina,Suministros,30161000,Tarjetas de crédito
Impresión y material de oficina,Suministros,30162000,Tarjetas inteligentes
Impresión y material de oficina,Suministros,30163000,Tarjetas de débito
Impresión y material de oficina,Suministros,30163100,Tarjetas para la compra de carburante
Impresión y material de oficina,Suministros,30170000,Etiquetadoras
Impresión y material de oficina,Suministros,30171000,Fechadores y numeradores
Impresión y material de oficina,Suministros,30172000,Máquinas para la impresión de tarjetas de identificación
Impresión y material de oficina,Suministros,30173000,Máquinas para la colocación de etiquetas
Impresión y material de oficina,Suministros,30174000,Máquinas para la elaboración de etiquetas
Impresión y material de oficina,Suministros,30175000,Equipos de rotulación
Impresión y material de oficina,Suministros,30176000,Rotuladoras manuales de cinta
Impresión y material de oficina,Suministros,30177000,Sistemas automáticos de etiquetado
Impresión y material de oficina,Suministros,30178000,Sistemas semiautomáticos de etiquetado
Impresión y material de oficina,Suministros,30179000,Dispensadores de etiquetas
Impresión y material de oficina,Suministros,30180000,Máquinas de escribir y endosar cheques
Impresión y material de oficina,Suministros,30181000,Endosadores de cheques
Impresión y material de oficina,Suministros,30182000,Máquinas de escribir cheques
Impresión y material de oficina,Suministros,30190000,Equipo y artículos de oficina diversos
Impresión y material de oficina,Suministros,30191000,Equipos de oficina excepto mobiliario
Impresión y material de oficina,Suministros,30191100,Equipo de archivo
Impresión y material de oficina,Suministros,30191110,Sistemas carrusel para clasificación de tarjetas
Impresión y material de oficina,Suministros,30191120,Revisteros
Impresión y material de oficina,Suministros,30191130,Portablocs de pinza
Impresión y material de oficina,Suministros,30191140,Accesorios para credenciales de identificación
Impresión y material de oficina,Suministros,30191200,Retroproyectores
Impresión y material de oficina,Suministros,30191400,Máquinas destructoras de documentos
Impresión y material de oficina,Suministros,30192000,Artículos de oficina
Impresión y material de oficina,Suministros,30192100,Gomas de borrar
Impresión y material de oficina,Suministros,30192110,Productos de tinta
Impresión y material de oficina,Suministros,30192111,Tampones
Impresión y material de oficina,Suministros,30192112,Tinta para impresoras
Impresión y material de oficina,Suministros,30192113,Cartuchos de tinta
Impresión y material de oficina,Suministros,30192121,Bolígrafos
Impresión y material de oficina,Suministros,30192122,Plumas estilográficas
Impresión y material de oficina,Suministros,30192123,Rotuladores con punta fibrosa
Impresión y material de oficina,Suministros,30192124,Rotuladores
Impresión y material de oficina,Suministros,30192125,Marcadores
Impresión y material de oficina,Suministros,30192126,Rotuladores técnicos
Impresión y material de oficina,Suministros,30192127,Portaplumas
Impresión y material de oficina,Suministros,30192130,Lápices
Impresión y material de oficina,Suministros,30192131,Portaminas
Impresión y material de oficina,Suministros,30192132,Minas para lápices y portaminas
Impresión y material de oficina,Suministros,30192133,Sacapuntas
Impresión y material de oficina,Suministros,30192134,Portalápices
Impresión y material de oficina,Suministros,30192150,Sellos de fecha
Impresión y material de oficina,Suministros,30192151,Sellos para lacrar
Impresión y material de oficina,Suministros,30192152,Sellos numeradores
Impresión y material de oficina,Suministros,30192153,Sellos de texto
Impresión y material de oficina,Suministros,30192154,Almohadillas de recambio para tampones de tinta
Impresión y material de oficina,Suministros,30192155,Portasellos
Impresión y material de oficina,Suministros,30192160,Correctores
Impresión y material de oficina,Suministros,30192170,Tableros de anuncios para oficina
Impresión y material de oficina,Suministros,30192200,Cintas métricas
Impresión y material de oficina,Suministros,30192300,Cintas entintadas
Impresión y material de oficina,Suministros,30192310,Cintas para máquinas de escribir
Impresión y material de oficina,Suministros,30192320,Cintas de impresora
Impresión y material de oficina,Suministros,30192330,Rodillos y cintas para calculadoras
Impresión y material de oficina,Suministros,30192340,Cintas térmicas para faxes
Impresión y material de oficina,Suministros,30192350,Cintas para cajas registradoras
Impresión y material de oficina,Suministros,30192400,Material de reprografía
Impresión y material de oficina,Suministros,30192500,Transparencias para retroproyectores
Impresión y material de oficina,Suministros,30192600,Tableros de dibujo
Impresión y material de oficina,Suministros,30192700,Papelería
Impresión y material de oficina,Suministros,30192800,Etiquetas autoadhesivas
Impresión y material de oficina,Suministros,30192900,Sistemas de corrección
Impresión y material de oficina,Suministros,30192910,Cinta o película correctora
Impresión y material de oficina,Suministros,30192920,Líquidos correctores
Impresión y material de oficina,Suministros,30192930,Lápices correctores
Impresión y material de oficina,Suministros,30192940,Recambios para correctores
Impresión y material de oficina,Suministros,30192950,Borradores eléctricos
Impresión y material de oficina,Suministros,30193000,Organizadores de despacho y accesorios
Impresión y material de oficina,Suministros,30193100,Cajas para organizar documentos
Impresión y material de oficina,Suministros,30193200,Bandejas para organizar documentos
Impresión y material de oficina,Suministros,30193300,Organizadores colgantes
Impresión y material de oficina,Suministros,30193400,Sujetalibros
Impresión y material de oficina,Suministros,30193500,Estante expositor
Impresión y material de oficina,Suministros,30193600,Soportes para agendas y calendarios
Impresión y material de oficina,Suministros,30193700,Cajas archivadoras
Impresión y material de oficina,Suministros,30193800,Portamensajes
Impresión y material de oficina,Suministros,30193900,Portacopias
Impresión y material de oficina,Suministros,30194000,Artículos de dibujo
Impresión y material de oficina,Suministros,30194100,Plantillas para curvas
Impresión y material de oficina,Suministros,30194200,"Puntos, cintas y películas para diseño"
Impresión y material de oficina,Suministros,30194210,Puntos o cintas de diseño
Impresión y material de oficina,Suministros,30194220,Películas (láminas) de diseño
Impresión y material de oficina,Suministros,30194300,"Juegos, estuches y papeles para diseño"
Impresión y material de oficina,Suministros,30194310,Juegos o estuches para diseño
Impresión y material de oficina,Suministros,30194320,Papeles para diseño
Impresión y material de oficina,Suministros,30194400,Cubiertas de mesas de dibujo
Impresión y material de oficina,Suministros,30194500,Artículos para rotulación
Impresión y material de oficina,Suministros,30194600,Transportadores de ángulos
Impresión y material de oficina,Suministros,30194700,Plantillas
Impresión y material de oficina,Suministros,30194800,Reglas en T y cartabones
Impresión y material de oficina,Suministros,30194810,Reglas en T
Impresión y material de oficina,Suministros,30194820,Cartabones
Impresión y material de oficina,Suministros,30194900,Cubiertas de protección de superficies de trabajo
Impresión y material de oficina,Suministros,30195000,Tableros
Impresión y material de oficina,Suministros,30195100,Tableros de planificación o accesorios
Impresión y material de oficina,Suministros,30195200,Tableros electrónicos o accesorios
Impresión y material de oficina,Suministros,30195300,Paneles de letras o accesorios
Impresión y material de oficina,Suministros,30195400,Pizarras de borrado en seco o accesorios
Impresión y material de oficina,Suministros,30195500,Pizarras o accesorios
Impresión y material de oficina,Suministros,30195600,Tablones de anuncios o accesorios
Impresión y material de oficina,Suministros,30195700,Equipos o accesorios para limpieza de pizarras y tableros
Impresión y material de oficina,Suministros,30195800,Rieles y soportes colgantes
Impresión y material de oficina,Suministros,30195900,Pizarras blancas y pizarras magnéticas
Impresión y material de oficina,Suministros,30195910,Tableros blancos
Impresión y material de oficina,Suministros,30195911,Accesorios para pizarras blancas
Impresión y material de oficina,Suministros,30195912,Caballetes para pizarras blancas
Impresión y material de oficina,Suministros,30195913,Caballetes para rotafolios
Impresión y material de oficina,Suministros,30195920,Pizarras magnéticas
Impresión y material de oficina,Suministros,30195921,Borradores para pizarras magnéticas
Impresión y material de oficina,Suministros,30196000,Planificadores
Impresión y material de oficina,Suministros,30196100,Planificadores de reuniones
Impresión y material de oficina,Suministros,30196200,"Dietarios, agendas y sus recambios"
Impresión y material de oficina,Suministros,30196300,Buzón de sugerencias
Impresión y material de oficina,Suministros,30197000,Material de oficina de pequeña envergadura
Impresión y material de oficina,Suministros,30197100,"Grapas, chinchetas y alfileres"
Impresión y material de oficina,Suministros,30197110,Grapas
Impresión y material de oficina,Suministros,30197120,Tachuelas
Impresión y material de oficina,Suministros,30197130,Chinchetas
Impresión y material de oficina,Suministros,30197200,Carpetas de anillas y clips para papeles
Impresión y material de oficina,Suministros,30197210,Carpetas de anillas
Impresión y material de oficina,Suministros,30197220,Clips para papeles
Impresión y material de oficina,Suministros,30197221,Portaclips
Impresión y material de oficina,Suministros,30197300,"Abrecartas, grapadoras y perforadoras de papel"
Impresión y material de oficina,Suministros,30197310,Abrecartas
Impresión y material de oficina,Suministros,30197320,Grapadoras
Impresión y material de oficina,Suministros,30197321,Quitagrapas
Impresión y material de oficina,Suministros,30197330,Perforadoras de papel
Impresión y material de oficina,Suministros,30197400,Esponja para sellos
Impresión y material de oficina,Suministros,30197500,Cera de lacrado
Impresión y material de oficina,Suministros,30197510,Accesorios para lacrado a la cera
Impresión y material de oficina,Suministros,30197600,Papel y cartón elaborados
Impresión y material de oficina,Suministros,30197610,Papel y cartón mixtos
Impresión y material de oficina,Suministros,30197620,Papel para escribir
Impresión y material de oficina,Suministros,30197621,Soporte para rotafolios
Impresión y material de oficina,Suministros,30197630,Papel de impresión
Impresión y material de oficina,Suministros,30197640,Papel autocopia u otros papeles para copiar
Impresión y material de oficina,Suministros,30197641,Papel termográfico
Impresión y material de oficina,Suministros,30197642,Papel para fotocopiadora y papel xerográfico
Impresión y material de oficina,Suministros,30197643,Papel para fotocopiadora
Impresión y material de oficina,Suministros,30197644,Papel xerográfico
Impresión y material de oficina,Suministros,30197645,Tarjetas para imprimir
Impresión y material de oficina,Suministros,30198000,Máquinas de lotería
Impresión y material de oficina,Suministros,30198100,Máquinas tragaperras
Impresión y material de oficina,Suministros,30199000,Artículos de papelería y otros artículos
Impresión y material de oficina,Suministros,30199100,"Papel carbón, papel autocopia, clisés para multicopista y papel sin carbón"
Impresión y material de oficina,Suministros,30199110,Papel carbón
Impresión y material de oficina,Suministros,30199120,Papel autocopia
Impresión y material de oficina,Suministros,30199130,Papel autocopiativo
Impresión y material de oficina,Suministros,30199140,Clisés para multicopista
Impresión y material de oficina,Suministros,30199200,"Sobres, sobres-carta y tarjetas postales sin ilustrar"
Impresión y material de oficina,Suministros,30199210,Sobres-carta
Impresión y material de oficina,Suministros,30199220,Tarjetas postales sin ilustrar
Impresión y material de oficina,Suministros,30199230,Sobres
Impresión y material de oficina,Suministros,30199240,Juegos de sobres para envíos de promoción y similares
Impresión y material de oficina,Suministros,30199300,Papel gofrado o perforado
Impresión y material de oficina,Suministros,30199310,Papel de impresión gofrado o perforado
Impresión y material de oficina,Suministros,30199320,Papel para escribir gofrado o perforado
Impresión y material de oficina,Suministros,30199330,Papel continuo para impresoras
Impresión y material de oficina,Suministros,30199340,Formularios continuos
Impresión y material de oficina,Suministros,30199400,Papel engomado o adhesivo
Impresión y material de oficina,Suministros,30199410,Papel autoadhesivo
Impresión y material de oficina,Suministros,30199500,"Archivadores, clasificadores de cartas, cajas de almacenaje y artículos análogos"
Impresión y material de oficina,Suministros,30199600,Separadores
Impresión y material de oficina,Suministros,30199700,"Artículos de papelería impresos, excepto formularios"
Impresión y material de oficina,Suministros,30199710,Sobres impresos
Impresión y material de oficina,Suministros,30199711,Sobres con ventana impresos
Impresión y material de oficina,Suministros,30199712,Sobres sin ventana impresos
Impresión y material de oficina,Suministros,30199713,Sobres para radiografías impresos
Impresión y material de oficina,Suministros,30199720,Papel de carta
Impresión y material de oficina,Suministros,30199730,Tarjetas de visita comerciales
Impresión y material de oficina,Suministros,30199731,Tarjeteros
Impresión y material de oficina,Suministros,30199740,Tarjetas de cortesía
Impresión y material de oficina,Suministros,30199750,Cupones
Impresión y material de oficina,Suministros,30199760,Etiquetas
Impresión y material de oficina,Suministros,30199761,Etiquetas de código de barras
Impresión y material de oficina,Suministros,30199762,Etiquetas para equipaje
Impresión y material de oficina,Suministros,30199763,Etiquetas antirrobo
Impresión y material de oficina,Suministros,30199770,Cheques restaurante
Impresión y material de oficina,Suministros,30199780,Cartapacios
Impresión y material de oficina,Suministros,30199790,Horarios
Impresión y material de oficina,Suministros,30199791,Planificadores de pared
Impresión y material de oficina,Suministros,30199792,Calendarios
Impresión y material de oficina,Suministros,30199793,Soporte de agenda
Impresión y material de oficina,Suministros,30200000,Equipo y material informático
Impresión y material de oficina,Suministros,30210000,Máquinas procesadoras de datos (hardware)
Impresión y material de oficina,Suministros,30211000,"Ordenador ""mainframe"""
Impresión y material de oficina,Suministros,30211100,Superordenador
Impresión y material de oficina,Suministros,30211200,Equipo informático de unidad central
Impresión y material de oficina,Suministros,30211300,Plataformas informáticas
Impresión y material de oficina,Suministros,30211400,Configuraciones informáticas
Impresión y material de oficina,Suministros,30211500,Unidad central de procesamiento (CPU) o procesadores
Impresión y material de oficina,Suministros,30212000,Equipo informático para miniordenadores
Impresión y material de oficina,Suministros,30212100,Unidades centrales de proceso para miniordenadores
Impresión y material de oficina,Suministros,30213000,Ordenadores personales
Impresión y material de oficina,Suministros,30213100,Ordenadores portátiles
Impresión y material de oficina,Suministros,30213200,Tabletas digitales
Impresión y material de oficina,Suministros,30213300,Ordenadores de mesa
Impresión y material de oficina,Suministros,30213400,Unidades centrales de proceso para ordenadores personales
Impresión y material de oficina,Suministros,30213500,Ordenadores de bolsillo
Impresión y material de oficina,Suministros,30214000,Puestos de trabajo
Impresión y material de oficina,Suministros,30215000,Equipo informático para microordenadores
Impresión y material de oficina,Suministros,30215100,Unidades centrales de proceso para microordenadores
Impresión y material de oficina,Suministros,30216000,Lectores magnéticos u ópticos
Impresión y material de oficina,Suministros,30216100,Lectores ópticos
Impresión y material de oficina,Suministros,30216110,Escáneres para uso informático
Impresión y material de oficina,Suministros,30216120,Equipo de reconocimiento óptico de caracteres
Impresión y material de oficina,Suministros,30216130,Lectores de códigos de barras
Impresión y material de oficina,Suministros,30216200,Lectores de tarjetas magnéticas
Impresión y material de oficina,Suministros,30216300,Lectores de tarjetas perforadas
Impresión y material de oficina,Suministros,30220000,Equipo de cartografía digital
Impresión y material de oficina,Suministros,30221000,Planos catastrales digitales
Impresión y material de oficina,Suministros,30230000,Equipo relacionado con la informática
Impresión y material de oficina,Suministros,30231000,Pantallas de ordenador y consolas
Impresión y material de oficina,Suministros,30231100,Terminales informáticos
Impresión y material de oficina,Suministros,30231200,Consolas
Impresión y material de oficina,Suministros,30231300,Pantallas de visualización
Impresión y material de oficina,Suministros,30231310,Monitores de pantalla plana
Impresión y material de oficina,Suministros,30231320,Monitores de pantalla táctil
Impresión y material de oficina,Suministros,30232000,Periféricos
Impresión y material de oficina,Suministros,30232100,Impresoras y trazadores gráficos
Impresión y material de oficina,Suministros,30232110,Impresoras láser
Impresión y material de oficina,Suministros,30232120,Impresoras matriciales de puntos
Impresión y material de oficina,Suministros,30232130,Impresoras para gráficos en color
Impresión y material de oficina,Suministros,30232140,Trazadores gráficos
Impresión y material de oficina,Suministros,30232150,Impresoras de chorro de tinta
Impresión y material de oficina,Suministros,30232600,Codificadores
Impresión y material de oficina,Suministros,30232700,Unidad central de control
Impresión y material de oficina,Suministros,30233000,Dispositivos multimedia de almacenamiento y lectura
Impresión y material de oficina,Suministros,30233100,Unidades de memoria
Impresión y material de oficina,Suministros,30233110,Unidades de memoria de tarjeta magnética
Impresión y material de oficina,Suministros,30233120,Unidades de memoria de cinta magnética
Impresión y material de oficina,Suministros,30233130,Unidades de memoria de disco magnético
Impresión y material de oficina,Suministros,30233131,Unidades de disco flexible
Impresión y material de oficina,Suministros,30233132,Unidades de disco duro
Impresión y material de oficina,Suministros,30233140,Dispositivos de memoria de acceso directo
Impresión y material de oficina,Suministros,30233141,Sistemas RAID (Redundant Array of Independent Disk)
Impresión y material de oficina,Suministros,30233150,Unidades de disco óptico
Impresión y material de oficina,Suministros,30233151,Reproductores o duplicadores de discos compactos (CD)
Impresión y material de oficina,Suministros,30233152,Reproductores o duplicadores de discos versátiles digitales (DVD)
Impresión y material de oficina,Suministros,30233153,Reproductores o duplicadores de discos compactos (CD) y discos versátiles digitales (DVD)
Impresión y material de oficina,Suministros,30233160,Bobinadores en continuo
Impresión y material de oficina,Suministros,30233161,Equipo para manipulación de casetes
Impresión y material de oficina,Suministros,30233170,Carruseles
Impresión y material de oficina,Suministros,30233180,Dispositivos de almacenamiento de memoria flash
Impresión y material de oficina,Suministros,30233190,Controlador de discos
Impresión y material de oficina,Suministros,30233300,Lectores de tarjetas inteligentes
Impresión y material de oficina,Suministros,30233310,Lectores de huellas dactilares
Impresión y material de oficina,Suministros,30233320,Lectores combinados de tarjetas inteligentes y huellas dactilares
Impresión y material de oficina,Suministros,30234000,Soportes de almacenamiento
Impresión y material de oficina,Suministros,30234100,Discos magnéticos
Impresión y material de oficina,Suministros,30234200,Discos ópticos
Impresión y material de oficina,Suministros,30234300,Discos compactos (CD)
Impresión y material de oficina,Suministros,30234400,Discos versátiles digitales (DVD)
Impresión y material de oficina,Suministros,30234500,Soportes de memoria
Impresión y material de oficina,Suministros,30234600,Memorias flash
Impresión y material de oficina,Suministros,30234700,Cintas magnéticas
Impresión y material de oficina,Suministros,30236000,Equipo informático diverso
Impresión y material de oficina,Suministros,30236100,Equipo para ampliación de memoria
Impresión y material de oficina,Suministros,30236110,Memorias RAM (Random Access Memory)
Impresión y material de oficina,Suministros,30236111,Memorias DRAM (Dynamic Random Access Memory)
Impresión y material de oficina,Suministros,30236112,Memorias SRAM (Static Random Access Memory)
Impresión y material de oficina,Suministros,30236113,Memorias SDRAM (Synchronous Dynamic Random Access Memory)
Impresión y material de oficina,Suministros,30236114,Memorias RDRAM (Rambus Dynamic Random Access Memory)
Impresión y material de oficina,Suministros,30236115,Memorias SGRAM (Synchronous Graphic Random Access Memory)
Impresión y material de oficina,Suministros,30236120,Memoria ROM (Read Only Memory)
Impresión y material de oficina,Suministros,30236121,Memoria PROM (Programmable Read Only Memory)
Impresión y material de oficina,Suministros,30236122,Memoria EPROM (Erasable Programmable Read Only Memory)
Impresión y material de oficina,Suministros,30236123,Memoria EEPROM (Electronically Erasable Programmable Read Only Memory)
Impresión y material de oficina,Suministros,30236200,Procesador de datos
Impresión y material de oficina,Suministros,30237000,"Partes, accesorios y suministros para ordenadores"
Impresión y material de oficina,Suministros,30237100,Partes de ordenadores
Impresión y material de oficina,Suministros,30237110,Interfaces de red
Impresión y material de oficina,Suministros,30237120,Puertos de ordenador
Impresión y material de oficina,Suministros,30237121,Puertos infrarrojos en serie
Impresión y material de oficina,Suministros,30237130,Fichas informáticas
Impresión y material de oficina,Suministros,30237131,Fichas electrónicas
Impresión y material de oficina,Suministros,30237132,Interfaces USB (Universal Serial Bus)
Impresión y material de oficina,Suministros,30237133,Adaptadores e interfaces PCMCIA (Personal Computer Memory Card International Association)
Impresión y material de oficina,Suministros,30237134,Tarjetas aceleradoras de gráficos
Impresión y material de oficina,Suministros,30237135,Tarjetas para interfaces de red
Impresión y material de oficina,Suministros,30237136,Tarjetas de sonido
Impresión y material de oficina,Suministros,30237140,Placas madre
Impresión y material de oficina,Suministros,30237200,Accesorios informáticos
Impresión y material de oficina,Suministros,30237210,Pantallas antideslumbrantes
Impresión y material de oficina,Suministros,30237220,Almohadillas para ratón
Impresión y material de oficina,Suministros,30237230,Memorias caché
Impresión y material de oficina,Suministros,30237240,Cámaras web
Impresión y material de oficina,Suministros,30237250,Accesorios para limpieza de ordenadores
Impresión y material de oficina,Suministros,30237251,Kits de limpieza de ordenadores
Impresión y material de oficina,Suministros,30237252,Limpiadores de aire comprimido
Impresión y material de oficina,Suministros,30237253,Fundas protectoras para equipos informáticos
Impresión y material de oficina,Suministros,30237260,Soportes murales para monitores
Impresión y material de oficina,Suministros,30237270,Maletines para ordenadores portátiles
Impresión y material de oficina,Suministros,30237280,Accesorios para la alimentación de corriente
Impresión y material de oficina,Suministros,30237290,Reposamuñecas para teclados
Impresión y material de oficina,Suministros,30237295,Membranas protectoras para teclados
Impresión y material de oficina,Suministros,30237300,Material informático
Impresión y material de oficina,Suministros,30237310,Cartuchos de conjuntos de caracteres para impresora
Impresión y material de oficina,Suministros,30237320,Disquetes
Impresión y material de oficina,Suministros,30237330,Cintas de audio digital (DAT)
Impresión y material de oficina,Suministros,30237340,Cartuchos DLT (Digital Linear Tape)
Impresión y material de oficina,Suministros,30237350,Cartuchos para almacenamiento de datos
Impresión y material de oficina,Suministros,30237360,Cartuchos LTO (Linear Tape-Open)
Impresión y material de oficina,Suministros,30237370,Cartuchos grabadores
Impresión y material de oficina,Suministros,30237380,CD-ROM
Impresión y material de oficina,Suministros,30237400,Accesorios para introducción de datos
Impresión y material de oficina,Suministros,30237410,Ratón de ordenador
Impresión y material de oficina,Suministros,30237420,Joysticks
Impresión y material de oficina,Suministros,30237430,Lápices luminosos
Impresión y material de oficina,Suministros,30237440,Bolas rastreadoras
Impresión y material de oficina,Suministros,30237450,Tabletas gráficas
Impresión y material de oficina,Suministros,30237460,Teclados de ordenador
Impresión y material de oficina,Suministros,30237461,Teclados programables
Impresión y material de oficina,Suministros,30237470,Teclado Braille
Impresión y material de oficina,Suministros,30237475,Sensores eléctricos
Impresión y material de oficina,Suministros,30237480,Unidades de entrada
Impresión y material de oficina,Suministros,30238000,Equipo de automatización de biblioteca
Equipos eléctricos y de iluminación,Suministros,31000000,"Máquinas, aparatos, equipo y productos consumibles eléctricos; iluminación"
Equipos eléctricos y de iluminación,Suministros,31100000,"Motores, generadores y transformadores eléctricos"
Equipos eléctricos y de iluminación,Suministros,31110000,Motores eléctricos
Equipos eléctricos y de iluminación,Suministros,31111000,Adaptadores
Equipos eléctricos y de iluminación,Suministros,31120000,Generadores
Equipos eléctricos y de iluminación,Suministros,31121000,Grupos electrógenos
Equipos eléctricos y de iluminación,Suministros,31121100,Grupos electrógenos con motor de encendido por compresión
Equipos eléctricos y de iluminación,Suministros,31121110,Convertidores de potencia
Equipos eléctricos y de iluminación,Suministros,31121111,Convertidores rotativos eléctricos
Equipos eléctricos y de iluminación,Suministros,31121200,Grupos electrógenos con motor de encendido por chispa
Equipos eléctricos y de iluminación,Suministros,31121300,Aerogeneradores
Equipos eléctricos y de iluminación,Suministros,31121310,Molinos de viento
Equipos eléctricos y de iluminación,Suministros,31121320,Turbinas eólicas
Equipos eléctricos y de iluminación,Suministros,31121330,Generadores para turbinas eólicas
Equipos eléctricos y de iluminación,Suministros,31121331,Rotores de turbina
Equipos eléctricos y de iluminación,Suministros,31121340,Granja eólica
Equipos eléctricos y de iluminación,Suministros,31122000,Generadores con máquina impulsora
Equipos eléctricos y de iluminación,Suministros,31122100,Pilas de combustible
Equipos eléctricos y de iluminación,Suministros,31124000,Generador de turbina de vapor y aparatos conexos
Equipos eléctricos y de iluminación,Suministros,31124100,Juegos de generadores de turbina
Equipos eléctricos y de iluminación,Suministros,31124200,Aparatos de control de generador de turbina
Equipos eléctricos y de iluminación,Suministros,31126000,Dinamos
Equipos eléctricos y de iluminación,Suministros,31127000,Generadores de emergencia
Equipos eléctricos y de iluminación,Suministros,31128000,Turbogenerador
Equipos eléctricos y de iluminación,Suministros,31130000,Alternadores
Equipos eléctricos y de iluminación,Suministros,31131000,Motores monofásicos
Equipos eléctricos y de iluminación,Suministros,31131100,Actuadores
Equipos eléctricos y de iluminación,Suministros,31131200,Ánodos
Equipos eléctricos y de iluminación,Suministros,31132000,Motores polifásicos
Equipos eléctricos y de iluminación,Suministros,31140000,Torres de enfriamiento
Equipos eléctricos y de iluminación,Suministros,31141000,Enfriadores de agua
Equipos eléctricos y de iluminación,Suministros,31150000,Reactancias para lámparas o tubos de descarga
Equipos eléctricos y de iluminación,Suministros,31151000,Convertidores estáticos
Equipos eléctricos y de iluminación,Suministros,31153000,Rectificadores
Equipos eléctricos y de iluminación,Suministros,31154000,Suministros ininterrumpidos de energía
Equipos eléctricos y de iluminación,Suministros,31155000,Inversores
Equipos eléctricos y de iluminación,Suministros,31156000,Suministros interrumpibles de energía
Equipos eléctricos y de iluminación,Suministros,31157000,Inductores
Equipos eléctricos y de iluminación,Suministros,31158000,Cargadores
Equipos eléctricos y de iluminación,Suministros,31158100,Cargadores de baterías
Equipos eléctricos y de iluminación,Suministros,31158200,Sobrealimentadores
Equipos eléctricos y de iluminación,Suministros,31158300,Turbocargadores
Equipos eléctricos y de iluminación,Suministros,31160000,"Partes de motores, generadores y transformadores eléctricos"
Equipos eléctricos y de iluminación,Suministros,31161000,Partes de motores y generadores eléctricos
Equipos eléctricos y de iluminación,Suministros,31161100,Sistemas de excitación
Equipos eléctricos y de iluminación,Suministros,31161200,Sistemas de refrigeración por gas
Equipos eléctricos y de iluminación,Suministros,31161300,Rotores de generadores
Equipos eléctricos y de iluminación,Suministros,31161400,Sistemas de agua primaria
Equipos eléctricos y de iluminación,Suministros,31161500,Sistemas de aceite de estanqueidad
Equipos eléctricos y de iluminación,Suministros,31161600,Sistemas de agua de refrigeración del estátor
Equipos eléctricos y de iluminación,Suministros,31161700,Partes de generadores de vapor
Equipos eléctricos y de iluminación,Suministros,31161800,Partes de generadores de gas
Equipos eléctricos y de iluminación,Suministros,31161900,Sistemas de control de tensión
Equipos eléctricos y de iluminación,Suministros,31162000,"Partes de transformadores, inductores y convertidores estáticos"
Equipos eléctricos y de iluminación,Suministros,31162100,Partes de condensadores
Equipos eléctricos y de iluminación,Suministros,31170000,Transformadores
Equipos eléctricos y de iluminación,Suministros,31171000,Transformadores dieléctricos líquidos
Equipos eléctricos y de iluminación,Suministros,31172000,Transformadores de tensión
Equipos eléctricos y de iluminación,Suministros,31173000,Transformador para aparatos de medida
Equipos eléctricos y de iluminación,Suministros,31174000,Transformadores de corriente
Equipos eléctricos y de iluminación,Suministros,31200000,Aparatos de distribución y control de electricidad
Equipos eléctricos y de iluminación,Suministros,31210000,Aparatos eléctricos de conmutación o protección de circuitos eléctricos
Equipos eléctricos y de iluminación,Suministros,31211000,Cuadros y cajas de fusibles
Equipos eléctricos y de iluminación,Suministros,31211100,Cuadros de distribución eléctrica
Equipos eléctricos y de iluminación,Suministros,31211110,Tableros de control
Equipos eléctricos y de iluminación,Suministros,31211200,Cajas de fusibles
Equipos eléctricos y de iluminación,Suministros,31211300,Fusibles
Equipos eléctricos y de iluminación,Suministros,31211310,Cortacircuitos
Equipos eléctricos y de iluminación,Suministros,31211320,Cajas de bornes para fusibles
Equipos eléctricos y de iluminación,Suministros,31211330,Cables de fusibles
Equipos eléctricos y de iluminación,Suministros,31211340,Abrazaderas y soportes para fusibles
Equipos eléctricos y de iluminación,Suministros,31212000,Disyuntores
Equipos eléctricos y de iluminación,Suministros,31212100,Disyuntores aéreos
Equipos eléctricos y de iluminación,Suministros,31212200,Probadores de circuito
Equipos eléctricos y de iluminación,Suministros,31212300,Disyuntores magnéticos
Equipos eléctricos y de iluminación,Suministros,31212400,Minidisyuntores
Equipos eléctricos y de iluminación,Suministros,31213000,Equipo de distribución
Equipos eléctricos y de iluminación,Suministros,31213100,Cajas de distribución
Equipos eléctricos y de iluminación,Suministros,31213200,Transformadores de distribución
Equipos eléctricos y de iluminación,Suministros,31213300,Caja de distribución por cable
Equipos eléctricos y de iluminación,Suministros,31213400,Sistema de distribución
Equipos eléctricos y de iluminación,Suministros,31214000,Conmutadores
Equipos eléctricos y de iluminación,Suministros,31214100,Interruptores
Equipos eléctricos y de iluminación,Suministros,31214110,Interruptores aisladores
Equipos eléctricos y de iluminación,Suministros,31214120,Interruptor de puesta a tierra
Equipos eléctricos y de iluminación,Suministros,31214130,Interruptores de seguridad
Equipos eléctricos y de iluminación,Suministros,31214140,Reóstatos
Equipos eléctricos y de iluminación,Suministros,31214150,Interruptores de tambor
Equipos eléctricos y de iluminación,Suministros,31214160,Interruptores de presión
Equipos eléctricos y de iluminación,Suministros,31214170,Interruptores de palanca
Equipos eléctricos y de iluminación,Suministros,31214180,Interruptores laterales
Equipos eléctricos y de iluminación,Suministros,31214190,Limitadores de corriente
Equipos eléctricos y de iluminación,Suministros,31214200,Interruptor-seccionador
Equipos eléctricos y de iluminación,Suministros,31214300,Instalaciones de conmutación de exterior
Equipos eléctricos y de iluminación,Suministros,31214400,Interruptor-seccionador de fusible
Equipos eléctricos y de iluminación,Suministros,31214500,Cuadros eléctricos
Equipos eléctricos y de iluminación,Suministros,31214510,Tableros de distribución
Equipos eléctricos y de iluminación,Suministros,31214520,Celdas de media tensión
Equipos eléctricos y de iluminación,Suministros,31215000,Limitadores de tensión
Equipos eléctricos y de iluminación,Suministros,31216000,Dispositivos y equipos de protección contra rayos
Equipos eléctricos y de iluminación,Suministros,31216100,Equipo de protección contra rayos
Equipos eléctricos y de iluminación,Suministros,31216200,Pararrayos
Equipos eléctricos y de iluminación,Suministros,31217000,Eliminadores de sobrevoltaje
Equipos eléctricos y de iluminación,Suministros,31218000,Barras ómnibus
Equipos eléctricos y de iluminación,Suministros,31219000,Cajas de protección
Equipos eléctricos y de iluminación,Suministros,31220000,Componentes de circuitos eléctricos
Equipos eléctricos y de iluminación,Suministros,31221000,Relés eléctricos
Equipos eléctricos y de iluminación,Suministros,31221100,Relés de potencia
Equipos eléctricos y de iluminación,Suministros,31221200,Relés de uso general
Equipos eléctricos y de iluminación,Suministros,31221300,Relés con zócalo
Equipos eléctricos y de iluminación,Suministros,31221400,Relés de alternadores de voltaje
Equipos eléctricos y de iluminación,Suministros,31221500,Relés de mercurio
Equipos eléctricos y de iluminación,Suministros,31221600,Relés temporizadores
Equipos eléctricos y de iluminación,Suministros,31221700,Relés de sobrecarga
Equipos eléctricos y de iluminación,Suministros,31223000,Portalámparas
Equipos eléctricos y de iluminación,Suministros,31224000,Conexiones y elementos de contacto
Equipos eléctricos y de iluminación,Suministros,31224100,Clavijas y tomas de corriente
Equipos eléctricos y de iluminación,Suministros,31224200,Conectores coaxiales
Equipos eléctricos y de iluminación,Suministros,31224300,Cajas de conexión
Equipos eléctricos y de iluminación,Suministros,31224400,Cables de conexión
Equipos eléctricos y de iluminación,Suministros,31224500,Terminales
Equipos eléctricos y de iluminación,Suministros,31224600,Reguladores de intensidad luminosa
Equipos eléctricos y de iluminación,Suministros,31224700,Cajas de empalmes
Equipos eléctricos y de iluminación,Suministros,31224800,Kits de empalmes de cables
Equipos eléctricos y de iluminación,Suministros,31224810,Cables alargadores
Equipos eléctricos y de iluminación,Suministros,31230000,Partes de aparatos de distribución o control de electricidad
Equipos eléctricos y de iluminación,Suministros,31300000,Hilos y cables aislados
Equipos eléctricos y de iluminación,Suministros,31310000,Redes de distribución
Equipos eléctricos y de iluminación,Suministros,31311000,Conexiones de red
Equipos eléctricos y de iluminación,Suministros,31320000,Cables de distribución eléctrica
Equipos eléctricos y de iluminación,Suministros,31321000,Líneas de energía eléctrica
Equipos eléctricos y de iluminación,Suministros,31321100,Líneas aéreas de energía
Equipos eléctricos y de iluminación,Suministros,31321200,Cables de baja y media tensión
Equipos eléctricos y de iluminación,Suministros,31321210,Cables de baja tensión
Equipos eléctricos y de iluminación,Suministros,31321220,Cables de media tensión
Equipos eléctricos y de iluminación,Suministros,31321300,Cables de alta tensión
Equipos eléctricos y de iluminación,Suministros,31321400,Cables subacuáticos
Equipos eléctricos y de iluminación,Suministros,31321500,Cables submarinos
Equipos eléctricos y de iluminación,Suministros,31321600,Cables blindados
Equipos eléctricos y de iluminación,Suministros,31321700,Cables de señalización
Equipos eléctricos y de iluminación,Suministros,31330000,Cable coaxial
Equipos eléctricos y de iluminación,Suministros,31340000,"Accesorios de cables, aislados"
Equipos eléctricos y de iluminación,Suministros,31341000,"Tambores para cables, aislados"
Equipos eléctricos y de iluminación,Suministros,31342000,"Empalmes para cables, aislados"
Equipos eléctricos y de iluminación,Suministros,31343000,"Juntas para cables, aisladas"
Equipos eléctricos y de iluminación,Suministros,31344000,"Casquillos para paso de cable, aislados"
Equipos eléctricos y de iluminación,Suministros,31350000,Conductores eléctricos para datos y control
Equipos eléctricos y de iluminación,Suministros,31351000,Conductores eléctricos para sistemas de control de acceso
Equipos eléctricos y de iluminación,Suministros,31400000,"Acumuladores, pilas y baterías de pilas"
Equipos eléctricos y de iluminación,Suministros,31410000,Pilas
Equipos eléctricos y de iluminación,Suministros,31411000,Baterías alcalinas
Equipos eléctricos y de iluminación,Suministros,31420000,Baterías de pilas
Equipos eléctricos y de iluminación,Suministros,31421000,Baterías de plomo
Equipos eléctricos y de iluminación,Suministros,31422000,Paquetes de baterías
Equipos eléctricos y de iluminación,Suministros,31430000,Acumuladores eléctricos
Equipos eléctricos y de iluminación,Suministros,31431000,Acumuladores ácidos de plomo
Equipos eléctricos y de iluminación,Suministros,31432000,Acumuladores de níquel-cadmio
Equipos eléctricos y de iluminación,Suministros,31433000,Acumuladores de níquel-hierro
Equipos eléctricos y de iluminación,Suministros,31434000,Acumuladores de litio
Equipos eléctricos y de iluminación,Suministros,31440000,Baterías
Equipos eléctricos y de iluminación,Suministros,31500000,Material de iluminación y lámparas eléctricas
Equipos eléctricos y de iluminación,Suministros,31510000,Lámparas eléctricas de filamento
Equipos eléctricos y de iluminación,Suministros,31511000,Lámparas de incandescencia halógenas de wolframio
Equipos eléctricos y de iluminación,Suministros,31512000,Lámparas de incandescencia halógenas de wolframio
Equipos eléctricos y de iluminación,Suministros,31512100,Lámparas halógenas lineales
Equipos eléctricos y de iluminación,Suministros,31512200,Lámparas halógenas de cápsula
Equipos eléctricos y de iluminación,Suministros,31512300,Lámparas halógenas dicroicas
Equipos eléctricos y de iluminación,Suministros,31514000,Lámparas y tubos de descarga
Equipos eléctricos y de iluminación,Suministros,31515000,Lámparas y tubos de rayos ultravioletas
Equipos eléctricos y de iluminación,Suministros,31516000,Lámparas y tubos de rayos infrarrojos
Equipos eléctricos y de iluminación,Suministros,31517000,Lámparas de arco eléctrico
Equipos eléctricos y de iluminación,Suministros,31518000,Luces de señalización
Equipos eléctricos y de iluminación,Suministros,31518100,Lámparas proyectantes
Equipos eléctricos y de iluminación,Suministros,31518200,Equipo de alumbrado de emergencia
Equipos eléctricos y de iluminación,Suministros,31518210,"Lámparas de keroseno (""stormlights"")"
Equipos eléctricos y de iluminación,Suministros,31518220,Barras luminosas
Equipos eléctricos y de iluminación,Suministros,31518300,Luces de techo
Equipos eléctricos y de iluminación,Suministros,31518500,Lámparas de vapor de mercurio
Equipos eléctricos y de iluminación,Suministros,31518600,Proyectores de luz
Equipos eléctricos y de iluminación,Suministros,31519000,Neones y lámparas incandescentes
Equipos eléctricos y de iluminación,Suministros,31519100,Lámparas incandescentes
Equipos eléctricos y de iluminación,Suministros,31519200,Neones
Equipos eléctricos y de iluminación,Suministros,31520000,Lámparas y accesorios de iluminación
Equipos eléctricos y de iluminación,Suministros,31521000,Lámparas
Equipos eléctricos y de iluminación,Suministros,31521100,Lámparas de escritorio
Equipos eléctricos y de iluminación,Suministros,31521200,Lámparas de pie
Equipos eléctricos y de iluminación,Suministros,31521300,Lámparas eléctricas portátiles
Equipos eléctricos y de iluminación,Suministros,31521310,Luces de emergencia
Equipos eléctricos y de iluminación,Suministros,31521320,Linternas
Equipos eléctricos y de iluminación,Suministros,31521330,Lámparas eléctricas portátiles recargables
Equipos eléctricos y de iluminación,Suministros,31522000,Luces para árbol de Navidad
Equipos eléctricos y de iluminación,Suministros,31523000,Placas indicadoras y letreros luminosos
Equipos eléctricos y de iluminación,Suministros,31523100,Luminosos publicitarios de neón
Equipos eléctricos y de iluminación,Suministros,31523200,Señales de mensaje permanente
Equipos eléctricos y de iluminación,Suministros,31523300,Placas indicadoras luminosas
Equipos eléctricos y de iluminación,Suministros,31524000,Accesorios para iluminación de techo o de pared
Equipos eléctricos y de iluminación,Suministros,31524100,Accesorios para iluminación de techo
Equipos eléctricos y de iluminación,Suministros,31524110,Lámparas de quirófano
Equipos eléctricos y de iluminación,Suministros,31524120,Lámparas de techo
Equipos eléctricos y de iluminación,Suministros,31524200,Accesorios de iluminación mural
Equipos eléctricos y de iluminación,Suministros,31524210,Apliques de pared
Equipos eléctricos y de iluminación,Suministros,31527000,Focos
Equipos eléctricos y de iluminación,Suministros,31527200,Luces para alumbrado exterior
Equipos eléctricos y de iluminación,Suministros,31527210,Faroles
Equipos eléctricos y de iluminación,Suministros,31527260,Sistemas de alumbrado
Equipos eléctricos y de iluminación,Suministros,31527270,Alumbrado de plataformas
Equipos eléctricos y de iluminación,Suministros,31527300,Luces para uso doméstico
Equipos eléctricos y de iluminación,Suministros,31527400,Iluminación sumergible
Equipos eléctricos y de iluminación,Suministros,31530000,Partes de lámparas y material de alumbrado
Equipos eléctricos y de iluminación,Suministros,31531000,Bombillas
Equipos eléctricos y de iluminación,Suministros,31531100,Lámparas y tubos
Equipos eléctricos y de iluminación,Suministros,31532000,Partes de lámparas y accesorios de iluminación
Equipos eléctricos y de iluminación,Suministros,31532100,Lámparas de tubo
Equipos eléctricos y de iluminación,Suministros,31532110,Lámparas de tubo fluorescente
Equipos eléctricos y de iluminación,Suministros,31532120,Lámparas fluorescentes compactas de tubo
Equipos eléctricos y de iluminación,Suministros,31532200,Lámparas de anillo
Equipos eléctricos y de iluminación,Suministros,31532210,Neones circulares
Equipos eléctricos y de iluminación,Suministros,31532300,Lámparas de globo
Equipos eléctricos y de iluminación,Suministros,31532310,Globos fluorescentes compactos
Equipos eléctricos y de iluminación,Suministros,31532400,Casquillos
Equipos eléctricos y de iluminación,Suministros,31532500,Cebadores para lámparas
Equipos eléctricos y de iluminación,Suministros,31532510,Cebadores para lámparas fluorescentes
Equipos eléctricos y de iluminación,Suministros,31532600,Reactores para lámparas
Equipos eléctricos y de iluminación,Suministros,31532610,Reactores para lámparas fluorescentes
Equipos eléctricos y de iluminación,Suministros,31532700,Pantallas de lámpara
Equipos eléctricos y de iluminación,Suministros,31532800,Brazos de lámparas
Equipos eléctricos y de iluminación,Suministros,31532900,Luces fluorescentes
Equipos eléctricos y de iluminación,Suministros,31532910,Tubos fluorescentes
Equipos eléctricos y de iluminación,Suministros,31532920,Bombillas y lámparas fluorescentes
Equipos eléctricos y de iluminación,Suministros,31600000,Equipo y aparatos eléctricos
Equipos eléctricos y de iluminación,Suministros,31610000,Material eléctrico para motores y vehículos
Equipos eléctricos y de iluminación,Suministros,31611000,Juegos de cables
Equipos eléctricos y de iluminación,Suministros,31612000,Cableados eléctricos para motores
Equipos eléctricos y de iluminación,Suministros,31612200,Motores de arranque
Equipos eléctricos y de iluminación,Suministros,31612300,Material eléctrico de señalización para motores
Equipos eléctricos y de iluminación,Suministros,31612310,Luces intermitentes
Equipos eléctricos y de iluminación,Suministros,31620000,Aparatos de señalización acústica o visual
Equipos eléctricos y de iluminación,Suministros,31625000,Avisadores eléctricos de protección contra robos e incendios
Equipos eléctricos y de iluminación,Suministros,31625100,Sistemas de detección de incendios
Equipos eléctricos y de iluminación,Suministros,31625200,Sistemas de avisador de incendios
Equipos eléctricos y de iluminación,Suministros,31625300,Sistemas de alarma antirrobo
Equipos eléctricos y de iluminación,Suministros,31630000,Imanes
Equipos eléctricos y de iluminación,Suministros,31640000,Máquinas y aparatos con una función propia
Equipos eléctricos y de iluminación,Suministros,31642000,Aparatos para detección electrónica
Equipos eléctricos y de iluminación,Suministros,31642100,Detectores de tuberías metálicas
Equipos eléctricos y de iluminación,Suministros,31642200,Detectores de minas
Equipos eléctricos y de iluminación,Suministros,31642300,Detectores de plásticos
Equipos eléctricos y de iluminación,Suministros,31642400,Detectores de objetos no metálicos
Equipos eléctricos y de iluminación,Suministros,31642500,Detectores de madera
Equipos eléctricos y de iluminación,Suministros,31643000,Aceleradores de partículas
Equipos eléctricos y de iluminación,Suministros,31643100,Aceleradores lineales
Equipos eléctricos y de iluminación,Suministros,31644000,Registradores diversos de datos
Equipos eléctricos y de iluminación,Suministros,31645000,Billares eléctricos
Equipos eléctricos y de iluminación,Suministros,31650000,Accesorios de aislamiento
Equipos eléctricos y de iluminación,Suministros,31651000,Cinta aislante
Equipos eléctricos y de iluminación,Suministros,31660000,Electrodos de carbón
Equipos eléctricos y de iluminación,Suministros,31670000,Partes eléctricas de maquinaria o aparatos
Equipos eléctricos y de iluminación,Suministros,31671000,Ampollas abiertas de vidrio y tubos de rayos catódicos
Equipos eléctricos y de iluminación,Suministros,31671100,Ampollas abiertas de vidrio
Equipos eléctricos y de iluminación,Suministros,31671200,Tubos de rayos catódicos
Equipos eléctricos y de iluminación,Suministros,31680000,Materiales y accesorios eléctricos
Equipos eléctricos y de iluminación,Suministros,31681000,Accesorios eléctricos
Equipos eléctricos y de iluminación,Suministros,31681100,Contactos eléctricos
Equipos eléctricos y de iluminación,Suministros,31681200,Bombas eléctricas
Equipos eléctricos y de iluminación,Suministros,31681300,Circuitos eléctricos
Equipos eléctricos y de iluminación,Suministros,31681400,Componentes eléctricos
Equipos eléctricos y de iluminación,Suministros,31681410,Materiales eléctricos
Equipos eléctricos y de iluminación,Suministros,31681500,Dispositivos de realimentación
Equipos eléctricos y de iluminación,Suministros,31682000,Artículos eléctricos
Equipos eléctricos y de iluminación,Suministros,31682100,Cajas de electricidad
Equipos eléctricos y de iluminación,Suministros,31682110,Tapas para cajas de electricidad
Equipos eléctricos y de iluminación,Suministros,31682200,Tableros de instrumentos
Equipos eléctricos y de iluminación,Suministros,31682210,Equipo de instrumentación y control
Equipos eléctricos y de iluminación,Suministros,31682220,Paneles mezcladores
Equipos eléctricos y de iluminación,Suministros,31682230,Paneles de visualización de gráficos
Equipos eléctricos y de iluminación,Suministros,31682300,Equipo de media tensión
Equipos eléctricos y de iluminación,Suministros,31682310,Cuadros de media tensión
Equipos eléctricos y de iluminación,Suministros,31682400,Equipo eléctrico aéreo
Equipos eléctricos y de iluminación,Suministros,31682410,Soportes de cables aéreos
Equipos eléctricos y de iluminación,Suministros,31682500,Equipo de electricidad de emergencia
Equipos eléctricos y de iluminación,Suministros,31682510,Sistemas de energía de emergencia
Equipos eléctricos y de iluminación,Suministros,31682520,Sistemas de parada de emergencia
Equipos eléctricos y de iluminación,Suministros,31682530,Fuentes de alimentación eléctrica de emergencia
Equipos eléctricos y de iluminación,Suministros,31682540,Equipo de subestación
Equipos eléctricos y de iluminación,Suministros,31700000,"Material electrónico, electromecánico y electrotécnico"
Equipos eléctricos y de iluminación,Suministros,31710000,Equipo electrónico
Equipos eléctricos y de iluminación,Suministros,31711000,Material electrónico
Equipos eléctricos y de iluminación,Suministros,31711100,Componentes electrónicos
Equipos eléctricos y de iluminación,Suministros,31711110,Transmisores-receptores
Equipos eléctricos y de iluminación,Suministros,31711120,Transductores
Equipos eléctricos y de iluminación,Suministros,31711130,Resistencias
Equipos eléctricos y de iluminación,Suministros,31711131,Resistencias eléctricas
Equipos eléctricos y de iluminación,Suministros,31711140,Electrodos
Equipos eléctricos y de iluminación,Suministros,31711150,Condensadores eléctricos
Equipos eléctricos y de iluminación,Suministros,31711151,Condensadores fijos
Equipos eléctricos y de iluminación,Suministros,31711152,Condensadores variables o regulables
Equipos eléctricos y de iluminación,Suministros,31711154,Baterías de condensadores
Equipos eléctricos y de iluminación,Suministros,31711155,Redes de condensadores
Equipos eléctricos y de iluminación,Suministros,31711200,Marcadores electrónicos
Equipos eléctricos y de iluminación,Suministros,31711300,Sistemas electrónicos de cronometraje
Equipos eléctricos y de iluminación,Suministros,31711310,Sistema de registro de presencia
Equipos eléctricos y de iluminación,Suministros,31711400,Válvulas y tubos
Equipos eléctricos y de iluminación,Suministros,31711410,Tubos catódicos para receptores de televisión
Equipos eléctricos y de iluminación,Suministros,31711411,Tubos de cámara de televisión
Equipos eléctricos y de iluminación,Suministros,31711420,Tubos y equipo de microondas
Equipos eléctricos y de iluminación,Suministros,31711421,Magnetrones
Equipos eléctricos y de iluminación,Suministros,31711422,Equipo de microondas
Equipos eléctricos y de iluminación,Suministros,31711423,Equipo radioeléctrico de microondas
Equipos eléctricos y de iluminación,Suministros,31711424,Klistrones
Equipos eléctricos y de iluminación,Suministros,31711430,Válvulas eléctricas
Equipos eléctricos y de iluminación,Suministros,31711440,Válvulas y tubos receptores o amplificadores
Equipos eléctricos y de iluminación,Suministros,31711500,Partes de conjuntos electrónicos
Equipos eléctricos y de iluminación,Suministros,31711510,Partes de condensadores eléctricos
Equipos eléctricos y de iluminación,Suministros,31711520,"Partes de resistencias eléctricas, reóstatos y potenciómetros"
Equipos eléctricos y de iluminación,Suministros,31711530,"Partes de lámparas, tubos y válvulas electrónicos"
Equipos eléctricos y de iluminación,Suministros,31712000,"Maquinaria, aparatos y microsistemas microelectrónicos"
Equipos eléctricos y de iluminación,Suministros,31712100,Maquinaria y aparatos microelectrónicos
Equipos eléctricos y de iluminación,Suministros,31712110,Circuitos integrados y microestructuras electrónicas
Equipos eléctricos y de iluminación,Suministros,31712111,Tarjetas telefónicas
Equipos eléctricos y de iluminación,Suministros,31712112,Tarjetas SIM
Equipos eléctricos y de iluminación,Suministros,31712113,Tarjetas con circuitos integrados
Equipos eléctricos y de iluminación,Suministros,31712114,Circuitos electrónicos integrados
Equipos eléctricos y de iluminación,Suministros,31712115,Microestructuras
Equipos eléctricos y de iluminación,Suministros,31712116,Microprocesadores
Equipos eléctricos y de iluminación,Suministros,31712117,Paquetes de circuitos integrados
Equipos eléctricos y de iluminación,Suministros,31712118,Zócalos o soportes de circuitos integrados
Equipos eléctricos y de iluminación,Suministros,31712119,Protectores de circuitos integrados
Equipos eléctricos y de iluminación,Suministros,31712200,Microsistemas
Equipos eléctricos y de iluminación,Suministros,31712300,Circuitos impresos
Equipos eléctricos y de iluminación,Suministros,31712310,"Placas de circuito impreso, con elementos conductores y contactos"
Equipos eléctricos y de iluminación,Suministros,31712320,"Placas de circuito impreso, sin elementos conductores ni contactos"
Equipos eléctricos y de iluminación,Suministros,31712330,Semiconductores
Equipos eléctricos y de iluminación,Suministros,31712331,Células fotovoltaicas
Equipos eléctricos y de iluminación,Suministros,31712332,Tiristores
Equipos eléctricos y de iluminación,Suministros,31712333,Diacs
Equipos eléctricos y de iluminación,Suministros,31712334,Triacs
Equipos eléctricos y de iluminación,Suministros,31712335,Optoacopladores
Equipos eléctricos y de iluminación,Suministros,31712336,Osciladores de cuarzo
Equipos eléctricos y de iluminación,Suministros,31712340,Diodos
Equipos eléctricos y de iluminación,Suministros,31712341,Diodos fotoemisores
Equipos eléctricos y de iluminación,Suministros,31712342,Diodos de microondas o de pequeña señal
Equipos eléctricos y de iluminación,Suministros,31712343,Diodos Zener
Equipos eléctricos y de iluminación,Suministros,31712344,Diodos Schottky
Equipos eléctricos y de iluminación,Suministros,31712345,Diodos túnel
Equipos eléctricos y de iluminación,Suministros,31712346,Diodos fotosensibles
Equipos eléctricos y de iluminación,Suministros,31712347,Diodos eléctricos o solares
Equipos eléctricos y de iluminación,Suministros,31712348,Diodos láser
Equipos eléctricos y de iluminación,Suministros,31712349,Diodos de radiofrecuencia
Equipos eléctricos y de iluminación,Suministros,31712350,Transistores
Equipos eléctricos y de iluminación,Suministros,31712351,Transistores fotosensibles
Equipos eléctricos y de iluminación,Suministros,31712352,Transistores de efecto de campo
Equipos eléctricos y de iluminación,Suministros,31712353,Transistor metal-óxido-semiconductor (MOSFET)
Equipos eléctricos y de iluminación,Suministros,31712354,Chips de transistores
Equipos eléctricos y de iluminación,Suministros,31712355,Transistores bipolares Darlington o de radiofrecuencia
Equipos eléctricos y de iluminación,Suministros,31712356,Transistores uniunión
Equipos eléctricos y de iluminación,Suministros,31712357,Transistores bipolares de rejilla aislada (IGTB)
Equipos eléctricos y de iluminación,Suministros,31712358,Transistores de efecto de campo de unión (JFET)
Equipos eléctricos y de iluminación,Suministros,31712359,Transistores bipolares de unión (BJT)
Equipos eléctricos y de iluminación,Suministros,31712360,Cristales piezoeléctricos montados
Equipos eléctricos y de iluminación,Suministros,31720000,Equipo electromecánico
Equipos eléctricos y de iluminación,Suministros,31730000,Equipo electrotécnico
Equipos eléctricos y de iluminación,Suministros,31731000,Material electrotécnico
Equipos eléctricos y de iluminación,Suministros,31731100,Módulos
Audiovisual,Suministros,32000000,"Equipos de radio, televisión, comunicaciones y telecomunicaciones y equipos conexos"
Audiovisual,Suministros,32200000,"Aparatos transmisores de radiotelefonía, radiotelegrafía, radiodifusión y televisión"
Audiovisual,Suministros,32210000,Equipo de radiodifusión
Audiovisual,Suministros,32211000,Equipo de producción de radiodifusión
Audiovisual,Suministros,32220000,Aparatos transmisores de televisión sin receptor
Audiovisual,Suministros,32221000,Radiofaros
Audiovisual,Suministros,32222000,Aparatos de codificación de señales de vídeo
Audiovisual,Suministros,32223000,Aparatos transmisores de vídeo
Audiovisual,Suministros,32224000,Aparatos transmisores de televisión
Audiovisual,Suministros,32230000,Radiotransmisores con receptor
Audiovisual,Suministros,32231000,Aparatos de televisión en circuito cerrado
Audiovisual,Suministros,32232000,Equipo de videoconferencia
Audiovisual,Suministros,32233000,Estaciones de amplificación de radiofrecuencia
Audiovisual,Suministros,32234000,Cámaras de televisión en circuito cerrado
Audiovisual,Suministros,32235000,Sistema de vigilancia en circuito cerrado
Audiovisual,Suministros,32236000,Radioteléfonos
Audiovisual,Suministros,32237000,Emisores-receptores portátiles
Audiovisual,Suministros,32240000,Cámaras de televisión
Audiovisual,Suministros,32250000,Teléfonos móviles
Audiovisual,Suministros,32251000,Teléfonos para automóvil
Audiovisual,Suministros,32251100,Kit manos libres
Audiovisual,Suministros,32252000,Teléfonos GSM
Audiovisual,Suministros,32252100,"Teléfonos móviles ""manos libres"""
Audiovisual,Suministros,32252110,"Teléfonos móviles ""manos libres"" (inalámbricos)"
Audiovisual,Suministros,32260000,Equipo de transmisión de datos
Audiovisual,Suministros,32270000,Aparatos de transmisión digital
Audiovisual,Suministros,32300000,"Receptores de televisión y radio, y aparatos de grabación o reproducción de sonido o imagen"
Audiovisual,Suministros,32310000,Receptores de radiodifusión
Audiovisual,Suministros,32320000,Equipo audiovisual y de televisión
Audiovisual,Suministros,32321000,Equipo de proyección de televisión
Audiovisual,Suministros,32321100,Equipo de vídeo y filmación
Audiovisual,Suministros,32321200,Equipo audiovisual
Audiovisual,Suministros,32321300,Materiales audiovisuales
Audiovisual,Suministros,32322000,Equipo multimedia
Audiovisual,Suministros,32323000,Videomonitores
Audiovisual,Suministros,32323100,Videomonitores color
Audiovisual,Suministros,32323200,Videomonitores monocromo
Audiovisual,Suministros,32323300,Equipo de vídeo
Audiovisual,Suministros,32323400,Equipo de reproducción de vídeo
Audiovisual,Suministros,32323500,Sistema de vigilancia por vídeo
Audiovisual,Suministros,32324000,Receptores de televisión
Audiovisual,Suministros,32324100,Receptores de televisión en color
Audiovisual,Suministros,32324200,Receptores de televisión monocromo
Audiovisual,Suministros,32324300,Equipo de televisión
Audiovisual,Suministros,32324310,Antenas de satélite
Audiovisual,Suministros,32324400,Antenas de televisión
Audiovisual,Suministros,32324500,Sintonizadores de vídeo
Audiovisual,Suministros,32324600,Descodificadores para televisión digital
Audiovisual,Suministros,32330000,Aparatos de grabación y reproducción de imágenes y sonido
Audiovisual,Suministros,32331000,Platos giradiscos
Audiovisual,Suministros,32331100,Tocadiscos
Audiovisual,Suministros,32331200,Lectores de casetes
Audiovisual,Suministros,32331300,Aparatos de reproducción del sonido
Audiovisual,Suministros,32331500,Grabadoras
Audiovisual,Suministros,32331600,Reproductores de MP3
Audiovisual,Suministros,32332000,Magnetófonos
Audiovisual,Suministros,32332100,Dictáfonos
Audiovisual,Suministros,32332200,Contestadores telefónicos
Audiovisual,Suministros,32332300,Grabadores de sonido
Audiovisual,Suministros,32333000,Aparatos de grabación o reproducción de vídeo
Audiovisual,Suministros,32333100,Grabadores de vídeo
Audiovisual,Suministros,32333200,Videocámaras
Audiovisual,Suministros,32333300,Reproductores de vídeo
Audiovisual,Suministros,32333400,Lectores de vídeo
Audiovisual,Suministros,32340000,Micrófonos y altavoces
Audiovisual,Suministros,32341000,Micrófonos
Audiovisual,Suministros,32342000,Altavoces
Audiovisual,Suministros,32342100,Auriculares de casco
Audiovisual,Suministros,32342200,Auriculares
Audiovisual,Suministros,32342300,Juegos de micrófonos y altavoces
Audiovisual,Suministros,32342400,Dispositivos acústicos
Audiovisual,Suministros,32342410,Equipo de sonido
Audiovisual,Suministros,32342411,Minialtavoces
Audiovisual,Suministros,32342412,Pantallas acústicas (altavoces)
Audiovisual,Suministros,32342420,Pupitre mezclador
Audiovisual,Suministros,32342430,Sistema de compresión de señales vocales
Audiovisual,Suministros,32342440,Sistema de correo vocal
Audiovisual,Suministros,32342450,Registradores de voz
Audiovisual,Suministros,32343000,Amplificadores
Audiovisual,Suministros,32343100,Amplificadores de audiofrecuencia
Audiovisual,Suministros,32343200,Megáfonos
Audiovisual,Suministros,32344000,Receptores para radiotelefonía o radiotelegrafía
Audiovisual,Suministros,32344100,Receptores portátiles de llamada y radiobúsqueda
Audiovisual,Suministros,32344110,Sistema de registro vocal
Audiovisual,Suministros,32344200,Receptores de radio
Audiovisual,Suministros,32344210,Equipo de radio
Audiovisual,Suministros,32344220,Aparatos de radiobúsqueda
Audiovisual,Suministros,32344230,Estaciones de radio
Audiovisual,Suministros,32344240,Estación repetidora
Audiovisual,Suministros,32344250,Instalaciones de radio
Audiovisual,Suministros,32344260,Equipo de radio y multiplex
Audiovisual,Suministros,32344270,Sistema de control de radio y teléfono
Audiovisual,Suministros,32344280,Radios portátiles
Audiovisual,Suministros,32350000,Partes de equipo de sonido y vídeo
Audiovisual,Suministros,32351000,Accesorios para equipo de sonido y vídeo
Audiovisual,Suministros,32351100,Equipo de videoedición
Audiovisual,Suministros,32351200,Pantallas
Audiovisual,Suministros,32351300,Accesorios para equipos de sonido
Audiovisual,Suministros,32351310,Casetes de audio
Audiovisual,Suministros,32352000,Antenas y reflectores
Audiovisual,Suministros,32352100,Partes de equipo de radio y radar
Audiovisual,Suministros,32352200,Repuestos y accesorios de radar
Audiovisual,Suministros,32353000,Grabaciones de sonido
Audiovisual,Suministros,32353100,Discos
Audiovisual,Suministros,32353200,Casetes de música
Audiovisual,Suministros,32354000,Productos de película
Audiovisual,Suministros,32354100,Película para radiología
Audiovisual,Suministros,32354110,Película para rayos X
Audiovisual,Suministros,32354120,Film diazo azul
Audiovisual,Suministros,32354200,Película cinematográfica
Audiovisual,Suministros,32354300,Película fotográfica
Audiovisual,Suministros,32354400,Película de impresión instantánea
Audiovisual,Suministros,32354500,Películas de vídeo
Audiovisual,Suministros,32354600,Casetes de vídeo
Audiovisual,Suministros,32354700,Videocintas
Audiovisual,Suministros,32354800,Película retráctil
Audiovisual,Suministros,32360000,Equipo de intercomunicación
Audiovisual,Suministros,32400000,Redes
Audiovisual,Suministros,32410000,Red de área local
Audiovisual,Suministros,32411000,Red de anillo con paso de testigo
Audiovisual,Suministros,32412000,Red de comunicaciones
Audiovisual,Suministros,32412100,Red de telecomunicaciones
Audiovisual,Suministros,32412110,Red Internet
Audiovisual,Suministros,32412120,Red intranet
Audiovisual,Suministros,32413000,Red integrada
Audiovisual,Suministros,32413100,Encaminadores de red
Audiovisual,Suministros,32415000,Red Ethernet
Audiovisual,Suministros,32416000,Red RDSI
Audiovisual,Suministros,32416100,Red ISDX
Audiovisual,Suministros,32417000,Redes multimedia
Audiovisual,Suministros,32418000,Red de radio
Audiovisual,Suministros,32420000,Equipo de red
Audiovisual,Suministros,32421000,Cableado de red
Audiovisual,Suministros,32422000,Componentes de red
Audiovisual,Suministros,32423000,Nodos de red
Audiovisual,Suministros,32424000,Infraestructura de red
Audiovisual,Suministros,32425000,Sistema de explotación de red
Audiovisual,Suministros,32426000,Sistema de edición de red
Audiovisual,Suministros,32427000,Sistema de red
Audiovisual,Suministros,32428000,Actualización de la red
Audiovisual,Suministros,32429000,Equipo de red telefónica
Audiovisual,Suministros,32430000,Red de área extendida
Audiovisual,Suministros,32440000,Equipo de telemetría y equipo terminal
Audiovisual,Suministros,32441000,Equipo de telemetría
Audiovisual,Suministros,32441100,Sistema telemétrico de vigilancia
Audiovisual,Suministros,32441200,Equipo de telemetría y control
Audiovisual,Suministros,32441300,Sistema de telemática
Audiovisual,Suministros,32442000,Cuadros de bornes
Audiovisual,Suministros,32442100,Cajas de bornes
Audiovisual,Suministros,32442200,Emuladores de bornes
Audiovisual,Suministros,32442300,Emuladores de bornas
Audiovisual,Suministros,32442400,Bloques terminales
Audiovisual,Suministros,32500000,Equipo y material para telecomunicaciones
Audiovisual,Suministros,32510000,Sistema inalámbrico de telecomunicaciones
Audiovisual,Suministros,32520000,Equipo y cable de telecomunicaciones
Audiovisual,Suministros,32521000,Cable de telecomunicaciones
Audiovisual,Suministros,32522000,Equipo de telecomunicaciones
Audiovisual,Suministros,32523000,Instalaciones de telecomunicaciones
Audiovisual,Suministros,32524000,Sistema de telecomunicaciones
Audiovisual,Suministros,32530000,Equipo del tipo usado para comunicaciones por satélite
Audiovisual,Suministros,32531000,Equipo de comunicaciones por satélite
Audiovisual,Suministros,32532000,Antenas parabólicas
Audiovisual,Suministros,32533000,Estaciones terrestres de telecomunicaciones por satélite
Audiovisual,Suministros,32534000,Plataformas satélite
Audiovisual,Suministros,32540000,Cuadros de conmutadores
Audiovisual,Suministros,32541000,Equipo de conmutador
Audiovisual,Suministros,32542000,Cuadros de conmutadores para centrales telefónicas
Audiovisual,Suministros,32543000,Cuadros de conmutadores para centrales telefónicas
Audiovisual,Suministros,32544000,Equipo de PABX
Audiovisual,Suministros,32545000,Sistemas de PABX
Audiovisual,Suministros,32546000,Equipo de conmutación digital
Audiovisual,Suministros,32546100,Conmutadores digitales
Audiovisual,Suministros,32547000,Conmutadores de vacío
Audiovisual,Suministros,32550000,Equipo telefónico
Audiovisual,Suministros,32551000,Cables telefónicos y equipo asociado
Audiovisual,Suministros,32551100,Conexiones telefónicas
Audiovisual,Suministros,32551200,Centrales telefónicas
Audiovisual,Suministros,32551300,Cascos telefónicos
Audiovisual,Suministros,32551400,Red telefónica
Audiovisual,Suministros,32551500,Cables telefónicos
Audiovisual,Suministros,32552000,Aparatos eléctricos de telefonía o telegrafía por hilo
Audiovisual,Suministros,32552100,Aparatos telefónicos
Audiovisual,Suministros,32552110,Teléfonos inalámbricos
Audiovisual,Suministros,32552120,Teléfonos de emergencia
Audiovisual,Suministros,32552130,Teléfonos públicos
Audiovisual,Suministros,32552140,Equipo de teléfono público de previo pago
Audiovisual,Suministros,32552150,Teléfonos para personas con deficiencias visuales
Audiovisual,Suministros,32552160,Teléfonos para personas con deficiencias auditivas
Audiovisual,Suministros,32552200,Teleimpresoras
Audiovisual,Suministros,32552300,Conmutadores telefónicos o telegráficos
Audiovisual,Suministros,32552310,Centrales telefónicas digitales
Audiovisual,Suministros,32552320,Multiplexores
Audiovisual,Suministros,32552330,Conmutadores telefónicos
Audiovisual,Suministros,32552400,Convertidores de señales de audiofrecuencia
Audiovisual,Suministros,32552410,Módems
Audiovisual,Suministros,32552420,Convertidor de frecuencia
Audiovisual,Suministros,32552430,Equipo de codificación
Audiovisual,Suministros,32552500,Aparatos de teletexto
Audiovisual,Suministros,32552510,Terminales de videotexto
Audiovisual,Suministros,32552520,Equipo de télex
Audiovisual,Suministros,32552600,Interfonos
Audiovisual,Suministros,32553000,Partes de aparatos telefónicos o telegráficos eléctricos
Audiovisual,Suministros,32560000,Materiales de fibra óptica
Audiovisual,Suministros,32561000,Conexiones de fibra óptica
Audiovisual,Suministros,32562000,Cables de fibra óptica
Audiovisual,Suministros,32562100,Cables de fibra óptica para transmisión de información
Audiovisual,Suministros,32562200,Cables de fibra óptica para telecomunicación
Audiovisual,Suministros,32562300,Cables de fibra óptica para transmisión de datos
Audiovisual,Suministros,32570000,Equipo de comunicaciones
Audiovisual,Suministros,32571000,Infraestructura de comunicaciones
Audiovisual,Suministros,32572000,Cable de comunicaciones
Audiovisual,Suministros,32572100,Cable de comunicaciones con conductores eléctricos múltiples
Audiovisual,Suministros,32572200,Cable de comunicaciones con conductores coaxiales
Audiovisual,Suministros,32572300,Cable de comunicaciones para aplicaciones especiales
Audiovisual,Suministros,32573000,Sistema de control de comunicaciones
Audiovisual,Suministros,32580000,Equipo de datos
Audiovisual,Suministros,32581000,Equipo de comunicación de datos
Audiovisual,Suministros,32581100,Cable para transmisión de datos
Audiovisual,Suministros,32581110,Cable para transmisión de datos con conductores eléctricos múltiples
Audiovisual,Suministros,32581120,Cable para transmisión de datos con conductores coaxiales
Audiovisual,Suministros,32581130,Cable para transmisión de datos para aplicaciones especiales
Audiovisual,Suministros,32581200,Equipos de fax
Audiovisual,Suministros,32581210,Accesorios y componentes de fax
Audiovisual,Suministros,32582000,Soportes de datos
Audiovisual,Suministros,32583000,Medios de soporte de datos y señales vocales
Audiovisual,Suministros,32584000,Medios de soporte de datos
Salud y servicios sociales,Suministros,33000000,"Equipamiento y artículos médicos, farmacéuticos y de higiene personal"
Salud y servicios sociales,Suministros,33100000,Equipamiento médico
Salud y servicios sociales,Suministros,33110000,"Equipos de imaginería para uso médico, odontológico y veterinario"
Salud y servicios sociales,Suministros,33111000,Aparatos para radiología
Salud y servicios sociales,Suministros,33111100,Mesa de radiología
Salud y servicios sociales,Suministros,33111200,Puestos de radiología
Salud y servicios sociales,Suministros,33111300,Aparatos para revelado de radiografías
Salud y servicios sociales,Suministros,33111400,Fluoroscopios
Salud y servicios sociales,Suministros,33111500,Radiografía dental
Salud y servicios sociales,Suministros,33111600,Aparatos para radiografías
Salud y servicios sociales,Suministros,33111610,Unidad de resonancia magnética
Salud y servicios sociales,Suministros,33111620,Cámaras de rayos gamma
Salud y servicios sociales,Suministros,33111640,Termógrafos
Salud y servicios sociales,Suministros,33111650,Aparatos para mamografías
Salud y servicios sociales,Suministros,33111660,Densitómetro óseo
Salud y servicios sociales,Suministros,33111700,Sala de angiografía
Salud y servicios sociales,Suministros,33111710,Material para angiografías
Salud y servicios sociales,Suministros,33111720,Aparatos para angiografías
Salud y servicios sociales,Suministros,33111721,Aparatos para angiografía digital
Salud y servicios sociales,Suministros,33111730,Material para angioplastia
Salud y servicios sociales,Suministros,33111740,Aparatos para angioplastia
Salud y servicios sociales,Suministros,33111800,Radiodiagnosis
Salud y servicios sociales,Suministros,33112000,"Material de imaginería ecográfica, doppler y por ultrasonidos"
Salud y servicios sociales,Suministros,33112100,Detector cardíaco ultrasónico
Salud y servicios sociales,Suministros,33112200,Unidad de ultrasonidos
Salud y servicios sociales,Suministros,33112300,Escáneres ultrasónicos
Salud y servicios sociales,Suministros,33112310,Doppler color
Salud y servicios sociales,Suministros,33112320,Equipo Doppler
Salud y servicios sociales,Suministros,33112330,Ecoencefalógrafos
Salud y servicios sociales,Suministros,33112340,Ecocardiógrafos
Salud y servicios sociales,Suministros,33113000,Equipo de imaginería por resonancia magnética
Salud y servicios sociales,Suministros,33113100,Escáneres de resonancia magnética
Salud y servicios sociales,Suministros,33113110,Escáneres para resonancia magnética nuclear
Salud y servicios sociales,Suministros,33114000,Espectroscopios
Salud y servicios sociales,Suministros,33115000,Tomógrafos
Salud y servicios sociales,Suministros,33115100,CT Escáneres para tomografía computerizada
Salud y servicios sociales,Suministros,33115200,Tomógrafos para TAC
Salud y servicios sociales,Suministros,33120000,Dispositivos de exploración y registro
Salud y servicios sociales,Suministros,33121000,Sistema de registro ambulatorio de larga duración
Salud y servicios sociales,Suministros,33121100,Electroencefalógrafos
Salud y servicios sociales,Suministros,33121200,Aparatos para escintigrafía
Salud y servicios sociales,Suministros,33121300,Electromiógrafos
Salud y servicios sociales,Suministros,33121400,Audiómetros
Salud y servicios sociales,Suministros,33121500,Electrocardiograma
Salud y servicios sociales,Suministros,33122000,Aparatos de oftalmología
Salud y servicios sociales,Suministros,33123000,Aparatos para exploración cardiovascular
Salud y servicios sociales,Suministros,33123100,Tensiómetro
Salud y servicios sociales,Suministros,33123200,Aparatos de electrocardiografía
Salud y servicios sociales,Suministros,33123210,Aparatos de control cardíaco
Salud y servicios sociales,Suministros,33123220,Aparatos para angiocardiografía
Salud y servicios sociales,Suministros,33123230,Cardiógrafos
Salud y servicios sociales,Suministros,33124000,Aparatos y material para diagnóstico y radiodiagnóstico
Salud y servicios sociales,Suministros,33124100,Aparatos para diagnóstico
Salud y servicios sociales,Suministros,33124110,Sistemas de diagnóstico
Salud y servicios sociales,Suministros,33124120,Aparatos de ultrasonidos para diagnóstico
Salud y servicios sociales,Suministros,33124130,Material para diagnóstico
Salud y servicios sociales,Suministros,33124131,Tiras reactivas
Salud y servicios sociales,Suministros,33124200,Aparatos para radiodiagnóstico
Salud y servicios sociales,Suministros,33124210,Material para radiodiagnóstico
Salud y servicios sociales,Suministros,33125000,Aparatos para exploración urológica
Salud y servicios sociales,Suministros,33126000,Aparatos para estomatología
Salud y servicios sociales,Suministros,33127000,Aparatos para análisis inmunológicos
Salud y servicios sociales,Suministros,33128000,Láseres médicos distintos de los usados en cirugía
Salud y servicios sociales,Suministros,33130000,Instrumental y aparatos de odontología y sus especialidades
Salud y servicios sociales,Suministros,33131000,Instrumentos de dentista
Salud y servicios sociales,Suministros,33131100,Instrumentos de cirugía dental
Salud y servicios sociales,Suministros,33131110,"Pinzas, cepillos, separadores y bruñidores para odontología"
Salud y servicios sociales,Suministros,33131111,Pinzas de odontología
Salud y servicios sociales,Suministros,33131112,Cepillos dentales
Salud y servicios sociales,Suministros,33131113,Separadores dentales
Salud y servicios sociales,Suministros,33131114,Bruñidores dentales
Salud y servicios sociales,Suministros,33131120,"Calibradores, botadores y excavadores para criocirugía dental"
Salud y servicios sociales,Suministros,33131121,Unidades de criocirugía dental
Salud y servicios sociales,Suministros,33131122,Medidores de profundidad dental
Salud y servicios sociales,Suministros,33131123,Botadores dentales
Salud y servicios sociales,Suministros,33131124,Excavadores dentales
Salud y servicios sociales,Suministros,33131130,Protectores de dedo y fórceps odontológicos
Salud y servicios sociales,Suministros,33131131,Protectores de dedo para dentista
Salud y servicios sociales,Suministros,33131132,Fórceps odontológicos
Salud y servicios sociales,Suministros,33131140,Espejos y fresas dentales
Salud y servicios sociales,Suministros,33131141,Espejos dentales
Salud y servicios sociales,Suministros,33131142,Fresas dentales
Salud y servicios sociales,Suministros,33131150,"Elevadores de raíces, raspadores de sarro y balanzas dentales"
Salud y servicios sociales,Suministros,33131151,Elevadores de raíces dentales
Salud y servicios sociales,Suministros,33131152,Raspadores de sarro
Salud y servicios sociales,Suministros,33131153,Balanzas dentales
Salud y servicios sociales,Suministros,33131160,Tijeras y bisturíes para odontología
Salud y servicios sociales,Suministros,33131161,Tijeras para odontología
Salud y servicios sociales,Suministros,33131162,Bisturíes para odontología
Salud y servicios sociales,Suministros,33131170,"Espátulas, pinzas y atacadores para odontología"
Salud y servicios sociales,Suministros,33131171,Espátulas dentales
Salud y servicios sociales,Suministros,33131172,Pinzas dentales
Salud y servicios sociales,Suministros,33131173,Atacadores
Salud y servicios sociales,Suministros,33131200,Aguja dental para sutura
Salud y servicios sociales,Suministros,33131300,Instrumento dental desechable
Salud y servicios sociales,Suministros,33131400,Sonda dental
Salud y servicios sociales,Suministros,33131500,Instrumento para la extracción dental
Salud y servicios sociales,Suministros,33131510,Taladros dentales
Salud y servicios sociales,Suministros,33131600,Instrumento para obturación dental
Salud y servicios sociales,Suministros,33132000,Implante dental
Salud y servicios sociales,Suministros,33133000,Material de impresión para dentaduras
Salud y servicios sociales,Suministros,33134000,Material accesorio para endodoncia
Salud y servicios sociales,Suministros,33135000,Aparatos para ortodoncia
Salud y servicios sociales,Suministros,33136000,Instrumento rotativo y abrasivo
Salud y servicios sociales,Suministros,33137000,Material accesorio para profilaxis dental
Salud y servicios sociales,Suministros,33138000,Productos para prótesis y rebase
Salud y servicios sociales,Suministros,33138100,Dentaduras
Salud y servicios sociales,Suministros,33140000,Material médico fungible
Salud y servicios sociales,Suministros,33141000,Productos consumibles médicos no químicos desechables y productos consumibles hematológicos
Salud y servicios sociales,Suministros,33141100,"Apósitos; clips, suturas y ligaduras"
Salud y servicios sociales,Suministros,33141110,Apósitos
Salud y servicios sociales,Suministros,33141111,Apósitos adhesivos
Salud y servicios sociales,Suministros,33141112,Esparadrapos
Salud y servicios sociales,Suministros,33141113,Vendajes
Salud y servicios sociales,Suministros,33141114,Gasa para uso médico
Salud y servicios sociales,Suministros,33141115,Guata para uso médico
Salud y servicios sociales,Suministros,33141116,Paquetes de apósitos
Salud y servicios sociales,Suministros,33141117,Algodón en rama
Salud y servicios sociales,Suministros,33141118,Toallitas húmedas
Salud y servicios sociales,Suministros,33141119,Compresas
Salud y servicios sociales,Suministros,33141120,"Clips, suturas y ligaduras"
Salud y servicios sociales,Suministros,33141121,Suturas quirúrgicas
Salud y servicios sociales,Suministros,33141122,Grapas quirúrgicas
Salud y servicios sociales,Suministros,33141123,Contenedores para material usado punzante o cortante
Salud y servicios sociales,Suministros,33141124,Envoltorios protectores para piezas afiladas
Salud y servicios sociales,Suministros,33141125,Material para suturas quirúrgicas
Salud y servicios sociales,Suministros,33141126,Ligaduras
Salud y servicios sociales,Suministros,33141127,Hemostáticos absorbibles
Salud y servicios sociales,Suministros,33141128,Agujas de sutura
Salud y servicios sociales,Suministros,33141200,Catéteres
Salud y servicios sociales,Suministros,33141210,Catéteres de balón
Salud y servicios sociales,Suministros,33141220,Cánulas
Salud y servicios sociales,Suministros,33141230,Dilatador
Salud y servicios sociales,Suministros,33141240,Accesorios para catéter
Salud y servicios sociales,Suministros,33141300,Aparatos para venepuntura y toma de muestras de sangre
Salud y servicios sociales,Suministros,33141310,Jeringas
Salud y servicios sociales,Suministros,33141320,Agujas para uso médico
Salud y servicios sociales,Suministros,33141321,Agujas para anestesia
Salud y servicios sociales,Suministros,33141322,Agujas arteriales
Salud y servicios sociales,Suministros,33141323,Agujas para biopsia
Salud y servicios sociales,Suministros,33141324,Agujas de diálisis
Salud y servicios sociales,Suministros,33141325,Agujas para fístulas
Salud y servicios sociales,Suministros,33141326,Agujas para exploraciones radiológicas
Salud y servicios sociales,Suministros,33141327,Agujas acanaladas
Salud y servicios sociales,Suministros,33141328,Agujas para inyección epidural
Salud y servicios sociales,Suministros,33141329,Agujas para amniocentesis
Salud y servicios sociales,Suministros,33141400,Cortaalambres y bisturí; guantes quirúrgicos
Salud y servicios sociales,Suministros,33141410,Cortaalambres y bisturí
Salud y servicios sociales,Suministros,33141411,Escalpelos y cuchillas
Salud y servicios sociales,Suministros,33141420,Guantes quirúrgicos
Salud y servicios sociales,Suministros,33141500,Productos consumibles hematológicos
Salud y servicios sociales,Suministros,33141510,Productos sanguíneos
Salud y servicios sociales,Suministros,33141520,Derivados del plasma
Salud y servicios sociales,Suministros,33141530,Coagulantes sanguíneos
Salud y servicios sociales,Suministros,33141540,Albúmina
Salud y servicios sociales,Suministros,33141550,Heparina
Salud y servicios sociales,Suministros,33141560,Órganos humanos
Salud y servicios sociales,Suministros,33141570,Sangre humana
Salud y servicios sociales,Suministros,33141580,Sangre animal
Salud y servicios sociales,Suministros,33141600,"Colectores y bolsas de recogida, drenajes y kits"
Salud y servicios sociales,Suministros,33141610,Bolsas de recogida
Salud y servicios sociales,Suministros,33141613,Bolsas para sangre
Salud y servicios sociales,Suministros,33141614,Bolsas para plasma
Salud y servicios sociales,Suministros,33141615,Bolsas para orina
Salud y servicios sociales,Suministros,33141620,Carteras sanitarias
Salud y servicios sociales,Suministros,33141621,Kit para incontinencia
Salud y servicios sociales,Suministros,33141622,Kits para prevención del SIDA
Salud y servicios sociales,Suministros,33141623,Botiquines de primeros auxilios
Salud y servicios sociales,Suministros,33141624,Kits para administración
Salud y servicios sociales,Suministros,33141625,Kits para diagnóstico
Salud y servicios sociales,Suministros,33141626,Kits para dosificación
Salud y servicios sociales,Suministros,33141630,Filtros de plasma sanguíneo
Salud y servicios sociales,Suministros,33141640,Drenes
Salud y servicios sociales,Suministros,33141641,Sondas
Salud y servicios sociales,Suministros,33141642,Accesorios para drenes
Salud y servicios sociales,Suministros,33141700,Material ortopédico
Salud y servicios sociales,Suministros,33141710,Muletas
Salud y servicios sociales,Suministros,33141720,Andadores
Salud y servicios sociales,Suministros,33141730,Collarines quirúrgicos
Salud y servicios sociales,Suministros,33141740,Calzado ortopédico
Salud y servicios sociales,Suministros,33141750,Prótesis articulares
Salud y servicios sociales,Suministros,33141760,Férulas
Salud y servicios sociales,Suministros,33141770,"Material para fracturas, clavos y placas"
Salud y servicios sociales,Suministros,33141800,Productos consumibles dentales
Salud y servicios sociales,Suministros,33141810,Materiales para obturación dental
Salud y servicios sociales,Suministros,33141820,Dientes
Salud y servicios sociales,Suministros,33141821,Dientes de porcelana
Salud y servicios sociales,Suministros,33141822,Dientes acrílicos
Salud y servicios sociales,Suministros,33141830,Base de cemento
Salud y servicios sociales,Suministros,33141840,Hemostático dental
Salud y servicios sociales,Suministros,33141850,Productos para la higiene dental
Salud y servicios sociales,Suministros,33141900,Lancetas para la extracción de muestras de sangre
Salud y servicios sociales,Suministros,33150000,"Aparatos de radioterapia, mecanoterapia, electroterapia y fisioterapia"
Salud y servicios sociales,Suministros,33151000,Aparatos y material para radioterapia
Salud y servicios sociales,Suministros,33151100,Aparatos de gammaterapia
Salud y servicios sociales,Suministros,33151200,Aparatos de radioterapia
Salud y servicios sociales,Suministros,33151300,Espectrógrafos
Salud y servicios sociales,Suministros,33151400,Material para radioterapia
Salud y servicios sociales,Suministros,33152000,Incubadoras
Salud y servicios sociales,Suministros,33153000,Litotritor
Salud y servicios sociales,Suministros,33154000,Aparatos de mecanoterapia
Salud y servicios sociales,Suministros,33155000,Equipos para fisioterapia
Salud y servicios sociales,Suministros,33156000,Material para pruebas objetivas psicológicas
Salud y servicios sociales,Suministros,33157000,Aparatos respiratorios y de oxigenoterapia
Salud y servicios sociales,Suministros,33157100,Máscaras de gas para uso médico
Salud y servicios sociales,Suministros,33157110,Máscara de oxígeno
Salud y servicios sociales,Suministros,33157200,Kits de oxígeno
Salud y servicios sociales,Suministros,33157300,Tiendas de oxígeno
Salud y servicios sociales,Suministros,33157400,Respiradores para uso médico
Salud y servicios sociales,Suministros,33157500,Cámaras hiperbáricas
Salud y servicios sociales,Suministros,33157700,Botella lavagases
Salud y servicios sociales,Suministros,33157800,Unidad de administración de oxígeno
Salud y servicios sociales,Suministros,33157810,Unidad de oxigenoterapia
Salud y servicios sociales,Suministros,33158000,"Terapia eléctrica, electromagnética y mecánica"
Salud y servicios sociales,Suministros,33158100,Unidad electromagnética
Salud y servicios sociales,Suministros,33158200,Aparatos para electroterapia
Salud y servicios sociales,Suministros,33158210,Estimulador
Salud y servicios sociales,Suministros,33158300,Aparatos de rayos ultravioletas para uso médico
Salud y servicios sociales,Suministros,33158400,Unidad de terapia mecánica
Salud y servicios sociales,Suministros,33158500,Aparatos de rayos infrarrojos para uso médico
Salud y servicios sociales,Suministros,33159000,Sistema de química clínica
Salud y servicios sociales,Suministros,33160000,Técnicas operatorias
Salud y servicios sociales,Suministros,33161000,Unidad de electrocirugía
Salud y servicios sociales,Suministros,33162000,Instrumentos y aparatos de quirófano
Salud y servicios sociales,Suministros,33162100,Aparatos para quirófano
Salud y servicios sociales,Suministros,33162200,Instrumentos de quirófano
Salud y servicios sociales,Suministros,33163000,Tienda para uso médico
Salud y servicios sociales,Suministros,33164000,Aparatos de celioscopia
Salud y servicios sociales,Suministros,33164100,Colposcopio
Salud y servicios sociales,Suministros,33165000,Aparatos de criocirugía y crioterapia
Salud y servicios sociales,Suministros,33166000,Aparatos de dermatología
Salud y servicios sociales,Suministros,33167000,Luces para quirófanos
Salud y servicios sociales,Suministros,33168000,Aparatos de endoscopia y endocirugía
Salud y servicios sociales,Suministros,33168100,Endoscopios
Salud y servicios sociales,Suministros,33169000,Instrumentos quirúrgicos
Salud y servicios sociales,Suministros,33169100,Láser quirúrgico
Salud y servicios sociales,Suministros,33169200,Cestas para uso quirúrgico
Salud y servicios sociales,Suministros,33169300,Carro para material quirúrgico
Salud y servicios sociales,Suministros,33169400,Contenedores quirúrgicos
Salud y servicios sociales,Suministros,33169500,Sistemas de localización y seguimiento quirúrgicos
Salud y servicios sociales,Suministros,33170000,Anestesia y reanimación
Salud y servicios sociales,Suministros,33171000,Instrumentos de anestesia y reanimación
Salud y servicios sociales,Suministros,33171100,Instrumentos para anestesia
Salud y servicios sociales,Suministros,33171110,Máscara para anestesia
Salud y servicios sociales,Suministros,33171200,Instrumentos de reanimación
Salud y servicios sociales,Suministros,33171210,Máscara para reanimación
Salud y servicios sociales,Suministros,33171300,Bolsas o kits para inyección epidural
Salud y servicios sociales,Suministros,33172000,Aparatos para anestesia y reanimación
Salud y servicios sociales,Suministros,33172100,Aparatos para anestesia
Salud y servicios sociales,Suministros,33172200,Aparatos para reanimación
Salud y servicios sociales,Suministros,33180000,Asistencia funcional
Salud y servicios sociales,Suministros,33181000,Dispositivos para hemodiálisis
Salud y servicios sociales,Suministros,33181100,Aparatos de hemodiálisis
Salud y servicios sociales,Suministros,33181200,Filtros para diálisis
Salud y servicios sociales,Suministros,33181300,Monitor individual para hemodiálisis
Salud y servicios sociales,Suministros,33181400,Unidad de diálisis
Salud y servicios sociales,Suministros,33181500,Productos consumibles para uso renal
Salud y servicios sociales,Suministros,33181510,Fluido renal
Salud y servicios sociales,Suministros,33181520,Productos consumibles para diálisis renal
Salud y servicios sociales,Suministros,33182000,Aparatos de ayuda cardíaca
Salud y servicios sociales,Suministros,33182100,Desfibrilador
Salud y servicios sociales,Suministros,33182200,Aparatos de estimulación cardíaca
Salud y servicios sociales,Suministros,33182210,Marcapasos
Salud y servicios sociales,Suministros,33182220,Válvulas cardíacas
Salud y servicios sociales,Suministros,33182230,Ventrículo
Salud y servicios sociales,Suministros,33182240,Partes y accesorios de marcapasos
Salud y servicios sociales,Suministros,33182241,Pilas para marcapasos
Salud y servicios sociales,Suministros,33182300,Aparatos de cirugía cardíaca
Salud y servicios sociales,Suministros,33182400,Radiología cardíaca
Salud y servicios sociales,Suministros,33183000,Aparatos de ayuda ortopédica
Salud y servicios sociales,Suministros,33183100,Implantes ortopédicos
Salud y servicios sociales,Suministros,33183200,Prótesis ortopédicas
Salud y servicios sociales,Suministros,33183300,Aparatos para osteosíntesis
Salud y servicios sociales,Suministros,33184000,Artículos y aparatos de prótesis
Salud y servicios sociales,Suministros,33184100,Implantes quirúrgicos
Salud y servicios sociales,Suministros,33184200,Prótesis vasculares
Salud y servicios sociales,Suministros,33184300,Prótesis cardíacas
Salud y servicios sociales,Suministros,33184400,Prótesis mamarias
Salud y servicios sociales,Suministros,33184410,Prótesis mamarias internas
Salud y servicios sociales,Suministros,33184420,Prótesis mamarias externas
Salud y servicios sociales,Suministros,33184500,Endoprótesis coronarias
Salud y servicios sociales,Suministros,33184600,Ojos artificiales
Salud y servicios sociales,Suministros,33185000,Audífonos
Salud y servicios sociales,Suministros,33185100,Partes y accesorios de audífonos
Salud y servicios sociales,Suministros,33185200,Implante coclear
Salud y servicios sociales,Suministros,33185300,Implante otorrinolaringológico
Salud y servicios sociales,Suministros,33185400,Laringe artificial
Salud y servicios sociales,Suministros,33186000,Unidad de circulación extracorpórea
Salud y servicios sociales,Suministros,33186100,Oxigenador
Salud y servicios sociales,Suministros,33186200,Calentadores de sangre y fluidos
Salud y servicios sociales,Suministros,33190000,Instrumentos y aparatos médicos diversos
Salud y servicios sociales,Suministros,33191000,"Aparatos para esterilización, desinfección e higiene"
Salud y servicios sociales,Suministros,33191100,Esterilizador
Salud y servicios sociales,Suministros,33191110,Autoclaves
Salud y servicios sociales,Suministros,33192000,Mobiliario para uso médico
Salud y servicios sociales,Suministros,33192100,Camas para uso médico
Salud y servicios sociales,Suministros,33192110,Camas ortopédicas
Salud y servicios sociales,Suministros,33192120,Camas de hospital
Salud y servicios sociales,Suministros,33192130,Camas provistas de motor
Salud y servicios sociales,Suministros,33192140,Divanes para sesiones psiquiátricas
Salud y servicios sociales,Suministros,33192150,Camas terapéuticas
Salud y servicios sociales,Suministros,33192160,Camillas
Salud y servicios sociales,Suministros,33192200,Mesas para uso médico
Salud y servicios sociales,Suministros,33192210,Mesas de reconocimiento médico
Salud y servicios sociales,Suministros,33192230,Mesas de operaciones
Salud y servicios sociales,Suministros,33192300,"Mobiliario para uso médico, excepto camas y mesas"
Salud y servicios sociales,Suministros,33192310,Dispositivos de tracción o suspensión para camas de uso médico
Salud y servicios sociales,Suministros,33192320,Soportes para recipientes de recogida de orina
Salud y servicios sociales,Suministros,33192330,Lugares donde se realizan las transfusiones
Salud y servicios sociales,Suministros,33192340,"Mobiliario de quirófano, excepto mesas"
Salud y servicios sociales,Suministros,33192350,Locales destinados a cultivos con fines médicos
Salud y servicios sociales,Suministros,33192400,Unidades odontológicas
Salud y servicios sociales,Suministros,33192410,Sillones de dentista
Salud y servicios sociales,Suministros,33192500,Tubos de ensayo
Salud y servicios sociales,Suministros,33192600,Equipos elevadores para los servicios de atención sanitaria
Salud y servicios sociales,Suministros,33193000,Sillas de ruedas y demás vehículos para inválidos y material asociado
Salud y servicios sociales,Suministros,33193100,Sillas de ruedas y demás vehículos para inválidos
Salud y servicios sociales,Suministros,33193110,Vehículos para inválidos
Salud y servicios sociales,Suministros,33193120,Sillas de ruedas
Salud y servicios sociales,Suministros,33193121,Sillas de ruedas con motor
Salud y servicios sociales,Suministros,33193200,Partes y accesorios de sillas de ruedas y demás vehículos para inválidos
Salud y servicios sociales,Suministros,33193210,Partes y accesorios de vehículos para inválidos
Salud y servicios sociales,Suministros,33193211,Motores de vehículos para inválidos
Salud y servicios sociales,Suministros,33193212,Dispositivos de dirección de vehículos para inválidos
Salud y servicios sociales,Suministros,33193213,Dispositivos de mando de vehículos para inválidos
Salud y servicios sociales,Suministros,33193214,Chasis de vehículos para inválidos
Salud y servicios sociales,Suministros,33193220,Partes y accesorios de sillas de ruedas
Salud y servicios sociales,Suministros,33193221,Almohadillas para sillas de ruedas
Salud y servicios sociales,Suministros,33193222,Armazones para sillas de ruedas
Salud y servicios sociales,Suministros,33193223,Asientos para sillas de ruedas
Salud y servicios sociales,Suministros,33193224,Instrumentos y aparatos de transfusión e infusión
Salud y servicios sociales,Suministros,33193225,Instrumentos y aparatos para infusión
Salud y servicios sociales,Suministros,33194000,Instrumentos y aparatos de transfusión y perfusión
Salud y servicios sociales,Suministros,33194100,Instrumentos y aparatos para perfusión
Salud y servicios sociales,Suministros,33194110,Bombas de infusión
Salud y servicios sociales,Suministros,33194120,Artículos para perfusión
Salud y servicios sociales,Suministros,33194200,Instrumentos y aparatos para transfusión
Salud y servicios sociales,Suministros,33194210,Instrumentos y aparatos para transfusión sanguínea
Salud y servicios sociales,Suministros,33194220,Material para transfusión sanguínea
Salud y servicios sociales,Suministros,33195000,Sistema de monitorización de los pacientes
Salud y servicios sociales,Suministros,33195100,Monitores
Salud y servicios sociales,Suministros,33195110,Monitores de respiración
Salud y servicios sociales,Suministros,33195200,Puesto central de control
Salud y servicios sociales,Suministros,33196000,Ayudas médicas
Salud y servicios sociales,Suministros,33196100,Aparatos para las personas de avanzada edad
Salud y servicios sociales,Suministros,33196200,Aparatos para minusválidos
Salud y servicios sociales,Suministros,33197000,Equipo informático para uso médico
Salud y servicios sociales,Suministros,33198000,Artículos de papel para hospital
Salud y servicios sociales,Suministros,33198100,Compresas de papel
Salud y servicios sociales,Suministros,33198200,Bolsas o envoltorios de papel para esterilización
Salud y servicios sociales,Suministros,33199000,Vestuario médico
Salud y servicios sociales,Suministros,33600000,Productos farmacéuticos
Salud y servicios sociales,Suministros,33610000,Medicamentos para el aparato digestivo y el metabolismo
Salud y servicios sociales,Suministros,33611000,Medicamentos contra los trastornos producidos por la hiperacidez
Salud y servicios sociales,Suministros,33612000,Medicamentos contra los trastornos gastrointestinales funcionales
Salud y servicios sociales,Suministros,33613000,Laxantes
Salud y servicios sociales,Suministros,33614000,"Antidiarreicos, antiinflamatorios y antiinfecciosos intestinales"
Salud y servicios sociales,Suministros,33615000,Antidiabéticos
Salud y servicios sociales,Suministros,33615100,Insulina
Salud y servicios sociales,Suministros,33616000,Vitaminas
Salud y servicios sociales,Suministros,33616100,Provitaminas
Salud y servicios sociales,Suministros,33617000,Suplementos minerales
Salud y servicios sociales,Suministros,33620000,"Medicamentos para la sangre, para los órganos hematopoyéticos y para el aparato cardiovascular"
Salud y servicios sociales,Suministros,33621000,Medicamentos para la sangre y para los órganos hematopoyéticos
Salud y servicios sociales,Suministros,33621100,Antitrombóticos
Salud y servicios sociales,Suministros,33621200,Antihemorrágicos
Salud y servicios sociales,Suministros,33621300,Antianémicos
Salud y servicios sociales,Suministros,33621400,Sustitutos del plasma y soluciones para infusión
Salud y servicios sociales,Suministros,33622000,Medicamentos para el aparato cardiovascular
Salud y servicios sociales,Suministros,33622100,Medicamentos usados en cardioterapia
Salud y servicios sociales,Suministros,33622200,Hipotensores
Salud y servicios sociales,Suministros,33622300,Diuréticos
Salud y servicios sociales,Suministros,33622400,Vasoprotectores
Salud y servicios sociales,Suministros,33622500,Antihemorroidales de uso tópico
Salud y servicios sociales,Suministros,33622600,Betabloqueadores
Salud y servicios sociales,Suministros,33622700,Bloqueadores de los canales de calcio
Salud y servicios sociales,Suministros,33622800,Medicamentos que actúan sobre el sistema renina-angiotensina
Salud y servicios sociales,Suministros,33630000,Medicamentos usados en dermatología y para el sistema muscular-esquelético
Salud y servicios sociales,Suministros,33631000,Medicamentos usados en dermatología
Salud y servicios sociales,Suministros,33631100,Antifúngicos usados en dermatología
Salud y servicios sociales,Suministros,33631110,Ácidos salicílicos
Salud y servicios sociales,Suministros,33631200,Emolientes y protectores
Salud y servicios sociales,Suministros,33631300,Antipsoriásicos
Salud y servicios sociales,Suministros,33631400,Antibióticos y quimioterápicos para uso en dermatología
Salud y servicios sociales,Suministros,33631500,Corticosteroides usados en dermatología y en preparados dermatológicos
Salud y servicios sociales,Suministros,33631600,Antisépticos y desinfectantes
Salud y servicios sociales,Suministros,33631700,Preparados antiacné
Salud y servicios sociales,Suministros,33632000,Medicamentos para el sistema muscular-esquelético
Salud y servicios sociales,Suministros,33632100,Antiinflamatorios y antirreumáticos
Salud y servicios sociales,Suministros,33632200,Miorrelajantes
Salud y servicios sociales,Suministros,33632300,Antigotosos
Salud y servicios sociales,Suministros,33640000,Medicamentos para el sistema genitourinario y hormonas
Salud y servicios sociales,Suministros,33641000,Medicamentos para el sistema genitourinario y hormonas sexuales
Salud y servicios sociales,Suministros,33641100,Antiinfecciosos y antisépticos ginecológicos
Salud y servicios sociales,Suministros,33641200,Otros medicamentos ginecológicos
Salud y servicios sociales,Suministros,33641300,Hormonas sexuales y moduladores genitales
Salud y servicios sociales,Suministros,33641400,Anticonceptivos
Salud y servicios sociales,Suministros,33641410,Anticonceptivos orales
Salud y servicios sociales,Suministros,33641420,Anticonceptivos químicos
Salud y servicios sociales,Suministros,33642000,"Preparados hormonales sistémicos, excluidas las hormonas sexuales"
Salud y servicios sociales,Suministros,33642100,"Hormonas hiposifiarias, hipotalámicas y análogas"
Salud y servicios sociales,Suministros,33642200,Corticoesteroides para uso sistémico
Salud y servicios sociales,Suministros,33642300,Terapia tiroidea
Salud y servicios sociales,Suministros,33650000,"Antiinfecciosos generales para uso sistémico, vacunas, antineoplásicos e inmunomoduladores"
Salud y servicios sociales,Suministros,33651000,"Antiinfecciosos generales para uso sistémico, vacunas"
Salud y servicios sociales,Suministros,33651100,Antibacterianos para uso sistémico
Salud y servicios sociales,Suministros,33651200,Antimicóticos para uso sistémico
Salud y servicios sociales,Suministros,33651300,Antimicobacterianos
Salud y servicios sociales,Suministros,33651400,Antivirales para uso sistémico
Salud y servicios sociales,Suministros,33651500,Inmunosueros e inmunoglobulinas
Salud y servicios sociales,Suministros,33651510,Antisueros
Salud y servicios sociales,Suministros,33651520,Inmunoglobulinas
Salud y servicios sociales,Suministros,33651600,Vacunas
Salud y servicios sociales,Suministros,33651610,"Vacunas contra la difteria, el tétanos y la tos ferina"
Salud y servicios sociales,Suministros,33651620,Vacunas contra la difteria y el tétanos
Salud y servicios sociales,Suministros,33651630,Vacunas BCG (liofilizadas)
Salud y servicios sociales,Suministros,33651640,"Vacunas ""triple vírica"" (sarampión, paperas, rubeola)"
Salud y servicios sociales,Suministros,33651650,Vacunas contra el tifus
Salud y servicios sociales,Suministros,33651660,Vacunas contra la gripe
Salud y servicios sociales,Suministros,33651670,Vacunas contra la polio
Salud y servicios sociales,Suministros,33651680,Vacunas contra la hepatitis B
Salud y servicios sociales,Suministros,33651690,Vacunas para la medicina veterinaria
Salud y servicios sociales,Suministros,33652000,Agentes antineoplásicos e inmunomoduladores
Salud y servicios sociales,Suministros,33652100,Agentes antineoplásicos
Salud y servicios sociales,Suministros,33652200,Medicamentos usados en la terapia endocrina
Salud y servicios sociales,Suministros,33652300,Inmunosupresores
Salud y servicios sociales,Suministros,33660000,Medicamentos para el sistema nervioso y los órganos de los sentidos
Salud y servicios sociales,Suministros,33661000,Medicamentos para el sistema nervioso
Salud y servicios sociales,Suministros,33661100,Anestésicos
Salud y servicios sociales,Suministros,33661200,Analgésicos
Salud y servicios sociales,Suministros,33661300,Antiepilépticos
Salud y servicios sociales,Suministros,33661400,Antiparkinsonianos
Salud y servicios sociales,Suministros,33661500,Psicolépticos
Salud y servicios sociales,Suministros,33661600,Psicoanalépticos
Salud y servicios sociales,Suministros,33661700,Otros medicamentos del sistema nervioso
Salud y servicios sociales,Suministros,33662000,Medicamentos para los órganos de los sentidos
Salud y servicios sociales,Suministros,33662100,Medicamentos usados en oftalmología
Salud y servicios sociales,Suministros,33670000,Medicamentos para el aparato respiratorio
Salud y servicios sociales,Suministros,33673000,Medicamentos para enfermedades obstructivas de las vías respiratorias
Salud y servicios sociales,Suministros,33674000,Medicamentos para la tos y el resfriado
Salud y servicios sociales,Suministros,33675000,Antihistamínicos para empleo sistémico
Salud y servicios sociales,Suministros,33680000,Artículos farmacéuticos
Salud y servicios sociales,Suministros,33681000,"Tetinas, chupetes y artículos similares para bebés"
Salud y servicios sociales,Suministros,33682000,Baldosas de caucho
Salud y servicios sociales,Suministros,33683000,Amortiguadores de caucho
Salud y servicios sociales,Suministros,33690000,Medicamentos diversos
Salud y servicios sociales,Suministros,33691000,"Productos antiparasitarios, insecticidas y repelentes"
Salud y servicios sociales,Suministros,33691100,Antiprotozoarios
Salud y servicios sociales,Suministros,33691200,Antihelmínticos
Salud y servicios sociales,Suministros,33691300,"Ectoparasiticidas, incluidos los escabicidas, insecticidas y repelentes"
Salud y servicios sociales,Suministros,33692000,Soluciones medicinales
Salud y servicios sociales,Suministros,33692100,Soluciones para infusiones
Salud y servicios sociales,Suministros,33692200,Productos de nutrición parenteral
Salud y servicios sociales,Suministros,33692210,Soluciones de nutrición parenteral
Salud y servicios sociales,Suministros,33692300,Productos de nutrición enteral
Salud y servicios sociales,Suministros,33692400,Soluciones para perfusiones
Salud y servicios sociales,Suministros,33692500,Soluciones inyectables
Salud y servicios sociales,Suministros,33692510,Fluidos intravenosos
Salud y servicios sociales,Suministros,33692600,Soluciones galénicas
Salud y servicios sociales,Suministros,33692700,Soluciones de glucosa
Salud y servicios sociales,Suministros,33692800,Soluciones para diálisis
Salud y servicios sociales,Suministros,33693000,Todos los demás productos terapéuticos
Salud y servicios sociales,Suministros,33693100,Toxinas
Salud y servicios sociales,Suministros,33693200,Sustitutos de la nicotina
Salud y servicios sociales,Suministros,33693300,Tratamientos contra la adicción
Salud y servicios sociales,Suministros,33694000,Medios de diagnóstico
Salud y servicios sociales,Suministros,33695000,Todo los demás productos no terapéuticos
Salud y servicios sociales,Suministros,33696000,Reactivos y medios de contraste
Salud y servicios sociales,Suministros,33696100,Reactivos para determinación del grupo sanguíneo
Salud y servicios sociales,Suministros,33696200,Reactivos para análisis de sangre
Salud y servicios sociales,Suministros,33696300,Reactivos químicos
Salud y servicios sociales,Suministros,33696400,Reactivos isotópicos
Salud y servicios sociales,Suministros,33696500,Reactivos de laboratorio
Salud y servicios sociales,Suministros,33696600,Reactivos para electroforesis
Salud y servicios sociales,Suministros,33696700,Reactivos urológicos
Salud y servicios sociales,Suministros,33696800,Medios de contraste para radiología
Salud y servicios sociales,Suministros,33697000,"Preparaciones médicas, excepto productos consumibles para uso odontológico"
Salud y servicios sociales,Suministros,33697100,Preparaciones para enemas
Salud y servicios sociales,Suministros,33697110,Cementos para la reconstrucción de huesos
Salud y servicios sociales,Suministros,33698000,Productos clínicos
Salud y servicios sociales,Suministros,33698100,Cultivos microbiológicos
Salud y servicios sociales,Suministros,33698200,Glándulas y sus extractos
Salud y servicios sociales,Suministros,33698300,Sustancias pépticas
Salud y servicios sociales,Suministros,33700000,Productos para la higiene personal
Salud y servicios sociales,Suministros,33710000,"Perfumes, artículos de tocador y preservativos"
Salud y servicios sociales,Suministros,33711000,Perfumes y productos de tocador
Salud y servicios sociales,Suministros,33711100,Aguas de Colonia
Salud y servicios sociales,Suministros,33711110,Desodorantes
Salud y servicios sociales,Suministros,33711120,Antitranspirantes
Salud y servicios sociales,Suministros,33711130,Colonias
Salud y servicios sociales,Suministros,33711140,Fragancias
Salud y servicios sociales,Suministros,33711150,Agua de rosas
Salud y servicios sociales,Suministros,33711200,Preparaciones para maquillaje
Salud y servicios sociales,Suministros,33711300,Productos para manicura o pedicura
Salud y servicios sociales,Suministros,33711400,Productos de belleza
Salud y servicios sociales,Suministros,33711410,Bastoncillos de algodón
Salud y servicios sociales,Suministros,33711420,Estuches de maquillaje
Salud y servicios sociales,Suministros,33711430,Toallitas higiénicas desechables
Salud y servicios sociales,Suministros,33711440,Bálsamo labial
Salud y servicios sociales,Suministros,33711450,Tatuajes
Salud y servicios sociales,Suministros,33711500,Productos para el cuidado de la piel
Salud y servicios sociales,Suministros,33711510,Productos de protección solar
Salud y servicios sociales,Suministros,33711520,Geles de baño
Salud y servicios sociales,Suministros,33711530,Gorros de ducha
Salud y servicios sociales,Suministros,33711540,Cremas o lociones de parafarmacia
Salud y servicios sociales,Suministros,33711600,Preparaciones y artículos para el cabello
Salud y servicios sociales,Suministros,33711610,Champús
Salud y servicios sociales,Suministros,33711620,Peines
Salud y servicios sociales,Suministros,33711630,Pelucas
Salud y servicios sociales,Suministros,33711640,Estuchitos de tocador
Salud y servicios sociales,Suministros,33711700,Artículos y preparados para la higiene bucal o dental
Salud y servicios sociales,Suministros,33711710,Cepillos de dientes
Salud y servicios sociales,Suministros,33711720,Pasta de dientes
Salud y servicios sociales,Suministros,33711730,Mondadientes
Salud y servicios sociales,Suministros,33711740,Baños bucales
Salud y servicios sociales,Suministros,33711750,Enjuagues y otros productos refrescantes bucales
Salud y servicios sociales,Suministros,33711760,Hilo dental
Salud y servicios sociales,Suministros,33711770,"Mordedores, anillos de dentición y chupetes para bebés"
Salud y servicios sociales,Suministros,33711780,Tabletas para limpieza de dentaduras postizas
Salud y servicios sociales,Suministros,33711790,Estuche de higiene dental
Salud y servicios sociales,Suministros,33711800,Preparados para el afeitado
Salud y servicios sociales,Suministros,33711810,Cremas de afeitar
Salud y servicios sociales,Suministros,33711900,Jabón
Salud y servicios sociales,Suministros,33712000,Preservativos
Salud y servicios sociales,Suministros,33713000,Productos para el cuidado de los pies
Salud y servicios sociales,Suministros,33720000,Cuchillas y estuches de manicura o pedicura
Salud y servicios sociales,Suministros,33721000,Navajas
Salud y servicios sociales,Suministros,33721100,Hojas de afeitar
Salud y servicios sociales,Suministros,33721200,Máquinas de afeitar
Salud y servicios sociales,Suministros,33722000,Juegos para manicura o pedicura
Salud y servicios sociales,Suministros,33722100,Estuches de manicura
Salud y servicios sociales,Suministros,33722110,Instrumental de manicura
Salud y servicios sociales,Suministros,33722200,Estuches de pedicura
Salud y servicios sociales,Suministros,33722210,Instrumental de pedicura
Salud y servicios sociales,Suministros,33722300,Coleteros
Salud y servicios sociales,Suministros,33730000,Productos para el cuidado de los ojos y lentes correctoras
Salud y servicios sociales,Suministros,33731000,Lentes de contacto
Salud y servicios sociales,Suministros,33731100,Lentes correctoras
Salud y servicios sociales,Suministros,33731110,Lentes intraoculares
Salud y servicios sociales,Suministros,33731120,Lentes para gafas
Salud y servicios sociales,Suministros,33732000,Soluciones para lentes de contacto
Salud y servicios sociales,Suministros,33733000,Gafas de sol
Salud y servicios sociales,Suministros,33734000,Gafas
Salud y servicios sociales,Suministros,33734100,Monturas de gafas
Salud y servicios sociales,Suministros,33734200,Cristal para lentes de gafas
Salud y servicios sociales,Suministros,33735000,Anteojos de protección
Salud y servicios sociales,Suministros,33735100,Gafas protectoras
Salud y servicios sociales,Suministros,33735200,Monturas de gafas protectoras
Salud y servicios sociales,Suministros,33740000,Productos para el cuidado de manos y uñas
Salud y servicios sociales,Suministros,33741000,Productos para el cuidado de las manos
Salud y servicios sociales,Suministros,33741100,Jabón de manos
Salud y servicios sociales,Suministros,33741200,Lociones de manos o corporal
Salud y servicios sociales,Suministros,33741300,Antiséptico para manos
Salud y servicios sociales,Suministros,33742000,Productos para el cuidado de las uñas
Salud y servicios sociales,Suministros,33742100,Cortaúñas
Salud y servicios sociales,Suministros,33742200,Esmalte de uñas
Salud y servicios sociales,Suministros,33750000,Productos para el cuidado del bebé
Salud y servicios sociales,Suministros,33751000,Pañales desechables
Salud y servicios sociales,Suministros,33752000,Protectores de lactancia
Salud y servicios sociales,Suministros,33760000,"Papel higiénico, pañuelos, toallas y servilletas"
Salud y servicios sociales,Suministros,33761000,Papel higiénico
Salud y servicios sociales,Suministros,33762000,Pañuelos de papel
Salud y servicios sociales,Suministros,33763000,Toallas de papel
Salud y servicios sociales,Suministros,33764000,Servilletas de papel
Salud y servicios sociales,Suministros,33770000,Artículos de papel para uso sanitario e higiénico
Salud y servicios sociales,Suministros,33771000,Productos de papel para uso sanitario
Salud y servicios sociales,Suministros,33771100,Compresas higiénicas o tampones
Salud y servicios sociales,Suministros,33771200,Forros de pañales de papel
Salud y servicios sociales,Suministros,33772000,Productos desechables de papel
Salud y servicios sociales,Suministros,33790000,"Artículos de vidrio para laboratorio, higiene o farmacia"
Salud y servicios sociales,Suministros,33791000,Artículos de vidrio para la higiene
Salud y servicios sociales,Suministros,33792000,Artículos de vidrio para uso farmacéutico
Salud y servicios sociales,Suministros,33793000,Artículos de vidrio para laboratorio
Salud y servicios sociales,Suministros,33900000,Equipo y material para institutos anatómico-forenses y depósitos de cadáveres
Salud y servicios sociales,Suministros,33910000,Instrumental y material para disección anatomopatológica
Salud y servicios sociales,Suministros,33911000,Tijeras de autopsia
Salud y servicios sociales,Suministros,33912000,Instrumental de disección para autopsia
Salud y servicios sociales,Suministros,33912100,Pinzas de disección para autopsia
Salud y servicios sociales,Suministros,33913000,Sondas para extracción de proyectiles en autopsia
Salud y servicios sociales,Suministros,33914000,"Hilo, agujas y pinzas de sutura para cadáveres"
Salud y servicios sociales,Suministros,33914100,Hilo de sutura para cadáveres
Salud y servicios sociales,Suministros,33914200,Agujas de sutura para cadáveres
Salud y servicios sociales,Suministros,33914300,Pinzas de sutura para cadáveres
Salud y servicios sociales,Suministros,33915000,Sondas acanaladas para autopsia
Salud y servicios sociales,Suministros,33916000,Hojas o accesorios para sierras de autopsia
Salud y servicios sociales,Suministros,33916100,Sierras de autopsia
Salud y servicios sociales,Suministros,33917000,"Mesas o ""pads"" de disección"
Salud y servicios sociales,Suministros,33918000,Maletines para accesorios o instrumental de cirugía en cadáveres
Salud y servicios sociales,Suministros,33919000,Estuches enrollables para accesorios o instrumental de cirugía en cadáveres
Salud y servicios sociales,Suministros,33920000,Equipo y suministros para autopsia
Salud y servicios sociales,Suministros,33921000,Aspiradores de polvo óseo
Salud y servicios sociales,Suministros,33922000,Bolsas para transporte de cadáveres
Salud y servicios sociales,Suministros,33923000,"Reposacabezas, tableros para cadáveres y balanzas colgantes para autopsia"
Salud y servicios sociales,Suministros,33923100,Reposacabezas para autopsia
Salud y servicios sociales,Suministros,33923200,Tableros de apoyo del cadáver para autopsia
Salud y servicios sociales,Suministros,33923300,Balanzas colgantes para autopsia
Salud y servicios sociales,Suministros,33924000,Equipo de prevención de enfermedades infecciosas en cadáveres
Salud y servicios sociales,Suministros,33925000,Pulseras o etiquetas de identificación de cadáveres
Salud y servicios sociales,Suministros,33926000,Tubos o aspiradores al vacío para la recogida de líquidos de autopsia
Salud y servicios sociales,Suministros,33927000,Termómetros rectales para cadáveres
Salud y servicios sociales,Suministros,33928000,Enderezadores de dedo para cadáveres
Salud y servicios sociales,Suministros,33929000,Maletines de regeneración del tejido dactilar en cadáveres
Salud y servicios sociales,Suministros,33930000,Mobiliario para autopsia
Salud y servicios sociales,Suministros,33931000,Mesas o accesorios para autopsia macroscópica
Salud y servicios sociales,Suministros,33932000,Pilas o accesorios para autopsia
Salud y servicios sociales,Suministros,33933000,Mesas o accesorios para autopsia
Salud y servicios sociales,Suministros,33933100,Mesas de autopsia
Salud y servicios sociales,Suministros,33934000,Mesas o accesorios para necropsia
Salud y servicios sociales,Suministros,33935000,Mesas o accesorios para la disección de cadáveres de animales
Salud y servicios sociales,Suministros,33936000,Mesas o accesorios para embalsamamiento
Salud y servicios sociales,Suministros,33937000,"Mesas para autopsia con evacuación descendente, o accesorios"
Salud y servicios sociales,Suministros,33940000,Equipos y material para el transporte y depósito de cadáveres
Salud y servicios sociales,Suministros,33941000,Estanterías para el depósito de cadáveres
Salud y servicios sociales,Suministros,33942000,Carros portacadáveres
Salud y servicios sociales,Suministros,33943000,Carros elevacadáveres de tijera
Salud y servicios sociales,Suministros,33944000,Arcones frigoríficos o congeladores para depósitos de cadáveres
Salud y servicios sociales,Suministros,33945000,Cámaras frigoríficas para depósitos de cadáveres
Salud y servicios sociales,Suministros,33946000,Carros de autopsia
Salud y servicios sociales,Suministros,33947000,Bandejas portacadáveres
Salud y servicios sociales,Suministros,33948000,Dispositivos para la elevación o traslado de cadáveres
Salud y servicios sociales,Suministros,33949000,Contenedores para transporte de cuerpos
Salud y servicios sociales,Suministros,33950000,Equipo y material para medicina legal
Salud y servicios sociales,Suministros,33951000,Material de necroidentificación
Salud y servicios sociales,Suministros,33952000,Mascarillas antiputrefacción
Salud y servicios sociales,Suministros,33953000,Material de detección de sangre en cadáveres
Salud y servicios sociales,Suministros,33954000,Maletín de toma de muestras biológicas
Salud y servicios sociales,Suministros,33960000,Equipo y material de embalsamamiento
Salud y servicios sociales,Suministros,33961000,Inyectores intracavitarios para embalsamamiento
Salud y servicios sociales,Suministros,33962000,Tubos de drenaje venoso para embalsamamiento
Salud y servicios sociales,Suministros,33963000,Líquidos y productos químicos para embalsamamiento
Salud y servicios sociales,Suministros,33964000,Tubos inyectores para embalsamamiento
Salud y servicios sociales,Suministros,33965000,Pilas de embalsamamiento y sus accesorios
Salud y servicios sociales,Suministros,33966000,Maletines de embalsamamiento
Salud y servicios sociales,Suministros,33967000,Agujas de inyector para embalsamamiento
Salud y servicios sociales,Suministros,33968000,Cápsulas oculares para embalsamamiento
Salud y servicios sociales,Suministros,33970000,Equipo y material para cadáveres
Salud y servicios sociales,Suministros,33971000,Indumentaria para cadáveres
Salud y servicios sociales,Suministros,33972000,Bolsas para cadáveres
Salud y servicios sociales,Suministros,33973000,Mortajas
Salud y servicios sociales,Suministros,33974000,Aspiradores mortuorios
Salud y servicios sociales,Suministros,33975000,Compuestos endurecedores para cadáveres
Transporte,Suministros,34000000,Equipos de transporte y productos auxiliares
Transporte,Suministros,34100000,Vehículos de motor
Transporte,Suministros,34110000,Automóviles para pasajeros
Transporte,Suministros,34111000,"Automóviles ""familiares"" AC (break) y ""berlinas"" AA (turismos)"
Transporte,Suministros,34111100,Breaks
Transporte,Suministros,34111200,Automóviles de turismo
Transporte,Suministros,34113000,Vehículos con tracción a las cuatro ruedas
Transporte,Suministros,34113100,Jeeps
Transporte,Suministros,34113200,Vehículos todoterreno
Transporte,Suministros,34113300,Vehículos de doble tracción
Transporte,Suministros,34114000,Vehículos especiales
Transporte,Suministros,34114100,Vehículos de emergencia
Transporte,Suministros,34114110,Vehículos de salvamento
Transporte,Suministros,34114120,Vehículos paramédicos
Transporte,Suministros,34114121,Ambulancias
Transporte,Suministros,34114122,Vehículos para transporte de pacientes
Transporte,Suministros,34114200,Automóviles de policía
Transporte,Suministros,34114210,Vehículos celulares
Transporte,Suministros,34114300,Vehículos para servicios de asistencia social
Transporte,Suministros,34114400,Minibuses
Transporte,Suministros,34115000,Otros automóviles para pasajeros
Transporte,Suministros,34115200,Vehículos de motor para el transporte de menos de diez personas
Transporte,Suministros,34115300,Vehículos de transporte usados
Transporte,Suministros,34120000,Vehículos de motor para el transporte de diez o más personas
Transporte,Suministros,34121000,Autobuses y autocares
Transporte,Suministros,34121100,Autobuses de servicio público
Transporte,Suministros,34121200,Autobuses articulados
Transporte,Suministros,34121300,Autobuses de dos pisos
Transporte,Suministros,34121400,Autobuses de plataforma rebajada
Transporte,Suministros,34121500,Autocares
Transporte,Suministros,34130000,Vehículos de motor para el transporte de mercancías
Transporte,Suministros,34131000,"Furgonetas con caja abierta (""pick-ups"")"
Transporte,Suministros,34132000,Mototrineos
Transporte,Suministros,34133000,Camiones articulados
Transporte,Suministros,34133100,Camiones cisterna
Transporte,Suministros,34133110,Camiones cisterna para el transporte de combustible
Transporte,Suministros,34134000,Camiones con plataforma y camiones basculantes
Transporte,Suministros,34134100,Camiones con plataforma
Transporte,Suministros,34134200,Camiones basculantes
Transporte,Suministros,34136000,Camionetas
Transporte,Suministros,34136100,Camionetas ligeras
Transporte,Suministros,34136200,Camioneta con caja metálica
Transporte,Suministros,34137000,Vehículos usados para el transporte de mercancías
Transporte,Suministros,34138000,Tractores de carretera
Transporte,Suministros,34139000,Chasis
Transporte,Suministros,34139100,Chasis con cabina
Transporte,Suministros,34139200,Chasis con carrocería
Transporte,Suministros,34139300,Chasis completos
Transporte,Suministros,34140000,Vehículos pesados
Transporte,Suministros,34142000,Camiones grúa y camiones volquete
Transporte,Suministros,34142100,Camiones con plataforma elevadora
Transporte,Suministros,34142200,Cargadores de hormigonera
Transporte,Suministros,34142300,Camiones volquete
Transporte,Suministros,34143000,Vehículos de vialidad invernal
Transporte,Suministros,34144000,Vehículos de motor para usos especiales
Transporte,Suministros,34144100,Torres de perforación móviles
Transporte,Suministros,34144200,Vehículos para servicios de emergencia
Transporte,Suministros,34144210,Vehículos de extinción de incendios
Transporte,Suministros,34144211,Camiones con escalera giratoria
Transporte,Suministros,34144212,Vehículos autobomba
Transporte,Suministros,34144213,Vehículos de lucha contra incendios
Transporte,Suministros,34144220,Vehículos de reparación de averías
Transporte,Suministros,34144300,Puentes móviles
Transporte,Suministros,34144400,Vehículos para el mantenimiento de carreteras
Transporte,Suministros,34144410,Vehículos para el vaciado de sumideros
Transporte,Suministros,34144420,Esparcidores de sal
Transporte,Suministros,34144430,Barrederas viales automóviles
Transporte,Suministros,34144431,Barrederas-aspiradoras automóviles
Transporte,Suministros,34144440,Vehículos esparcidores de gravilla
Transporte,Suministros,34144450,Vehículos de riego
Transporte,Suministros,34144500,Vehículos para desperdicios y aguas residuales
Transporte,Suministros,34144510,Vehículos para desperdicios
Transporte,Suministros,34144511,Vehículos de recogida de basuras
Transporte,Suministros,34144512,Vehículos compactadores de basuras
Transporte,Suministros,34144520,Camiones cisterna para aguas residuales
Transporte,Suministros,34144700,Vehículos utilitarios
Transporte,Suministros,34144710,Cargadoras sobre ruedas
Transporte,Suministros,34144730,Vehículos de repostaje de aviones
Transporte,Suministros,34144740,Tractores de avión
Transporte,Suministros,34144750,Portacargas
Transporte,Suministros,34144751,Carretillas pórtico
Transporte,Suministros,34144760,Bibliobuses
Transporte,Suministros,34144800,Caravanas
Transporte,Suministros,34144900,Vehículos eléctricos
Transporte,Suministros,34144910,Autobuses eléctricos
Transporte,Suministros,34150000,Simuladores
Transporte,Suministros,34151000,Simuladores de conducción
Transporte,Suministros,34152000,Simuladores de entrenamiento
Transporte,Suministros,34200000,"Carrocerías para vehículos, remolques o semirremolques"
Transporte,Suministros,34210000,Carrocerías para vehículos
Transporte,Suministros,34211000,"Carrocerías para autobuses, ambulancias y vehículos de transporte de mercancías"
Transporte,Suministros,34211100,Carrocerías para autobuses
Transporte,Suministros,34211200,Carrocerías para ambulancias
Transporte,Suministros,34211300,Carrocerías para vehículos de transporte de mercancías
Transporte,Suministros,34220000,"Remolques, semirremolques y contenedores móviles"
Transporte,Suministros,34221000,Contenedores móviles para usos especiales
Transporte,Suministros,34221100,Unidades móviles para incidentes
Transporte,Suministros,34221200,Unidades móviles para emergencias
Transporte,Suministros,34221300,Unidad de intervención en caso de accidente químico
Transporte,Suministros,34223000,Remolques y semirremolques
Transporte,Suministros,34223100,Semirremolques
Transporte,Suministros,34223200,Camiones para repostar
Transporte,Suministros,34223300,Remolques
Transporte,Suministros,34223310,Remolques de uso general
Transporte,Suministros,34223320,Remolques para transporte de caballos
Transporte,Suministros,34223330,Unidades móviles sobre remolques
Transporte,Suministros,34223340,Remolques cisterna
Transporte,Suministros,34223350,Remolques con escalera giratoria
Transporte,Suministros,34223360,Remolques de repostaje
Transporte,Suministros,34223370,Remolques volquete
Transporte,Suministros,34223400,Remolques y semirremolques del tipo caravana
Transporte,Suministros,34224000,"Partes de remolques, semirremolques y otros vehículos"
Transporte,Suministros,34224100,Partes de remolques y semirremolques
Transporte,Suministros,34224200,Partes de otros vehículos
Transporte,Suministros,34300000,Partes y accesorios para vehículos y sus motores
Transporte,Suministros,34310000,Motores y piezas de motores (vehículos)
Transporte,Suministros,34311000,Motores (vehículos)
Transporte,Suministros,34311100,Motores de combustión interna para vehículos de motor y motocicletas
Transporte,Suministros,34311110,Motores de encendido por chispa
Transporte,Suministros,34311120,Motores de encendido por compresión
Transporte,Suministros,34312000,Partes de motores
Transporte,Suministros,34312100,Correas de ventilador
Transporte,Suministros,34312200,Bujías de encendido
Transporte,Suministros,34312300,Radiadores para vehículos
Transporte,Suministros,34312400,Pistones
Transporte,Suministros,34312500,Juntas de estanqueidad
Transporte,Suministros,34312600,Bandas transportadoras de caucho
Transporte,Suministros,34312700,Correas de transmisión de caucho
Transporte,Suministros,34320000,"Piezas de recambio mecánicas, excepto motores y partes de motores"
Transporte,Suministros,34321000,Ejes y cajas de cambio
Transporte,Suministros,34321100,Ejes
Transporte,Suministros,34321200,Cajas de cambio
Transporte,Suministros,34322000,Frenos y partes de frenos
Transporte,Suministros,34322100,Equipo de frenado
Transporte,Suministros,34322200,Frenos de disco
Transporte,Suministros,34322300,Guarniciones de freno
Transporte,Suministros,34322400,Cojinetes de freno
Transporte,Suministros,34322500,Zapatas de freno
Transporte,Suministros,34324000,"Ruedas, sus partes y accesorios"
Transporte,Suministros,34324100,Equipo de equilibrado de ruedas
Transporte,Suministros,34325000,Silenciadores y tubos de escape
Transporte,Suministros,34325100,Silenciadores
Transporte,Suministros,34325200,Tubos de escape
Transporte,Suministros,34326000,"Gatos para automóviles, embragues y sus partes"
Transporte,Suministros,34326100,Embragues y sus partes
Transporte,Suministros,34326200,Gatos para automóviles
Transporte,Suministros,34327000,"Volantes, columnas y cajas de dirección"
Transporte,Suministros,34327100,Volantes
Transporte,Suministros,34327200,Columnas y cajas de dirección
Transporte,Suministros,34328000,"Bancos de prueba, kits de conversión de vehículos y cinturones de seguridad"
Transporte,Suministros,34328100,Bancos de prueba
Transporte,Suministros,34328200,Kits para conversión de vehículos
Transporte,Suministros,34328300,Cinturones de seguridad
Transporte,Suministros,34330000,"Repuestos para vehículos de transporte de mercancías, camionetas y automóviles"
Transporte,Suministros,34350000,Neumáticos para vehículos ligeros y para vehículos pesados
Transporte,Suministros,34351000,Neumáticos para vehículos ligeros
Transporte,Suministros,34351100,Neumáticos para automóviles
Transporte,Suministros,34352000,Neumáticos para vehículos pesados
Transporte,Suministros,34352100,Neumáticos para camiones
Transporte,Suministros,34352200,Neumáticos para autobuses
Transporte,Suministros,34352300,Neumáticos para uso agrario
Transporte,Suministros,34360000,Asientos para aeronaves civiles
Transporte,Suministros,34370000,Asientos para vehículos de motor
Transporte,Suministros,34390000,Accesorios para tractor
Transporte,Suministros,34400000,"Motocicletas, bicicletas y sidecares"
Transporte,Suministros,34410000,Motocicletas
Transporte,Suministros,34411000,Partes y accesorios para motocicletas
Transporte,Suministros,34411100,Sidecares para motocicletas
Transporte,Suministros,34411110,Partes y accesorios de sidecares para motocicleta
Transporte,Suministros,34411200,Neumáticos para motocicletas
Transporte,Suministros,34420000,Motocicletas ligeras y bicicletas con motor auxiliar
Transporte,Suministros,34421000,Motocicletas ligeras
Transporte,Suministros,34422000,Bicicletas con motor auxiliar
Transporte,Suministros,34430000,Bicicletas
Transporte,Suministros,34431000,Bicicletas sin motor
Transporte,Suministros,34432000,Partes y accesorios para bicicletas
Transporte,Suministros,34432100,Neumáticos para bicicletas
Transporte,Suministros,34500000,Buques y barcos
Transporte,Suministros,34510000,Buques
Transporte,Suministros,34511100,Patrulleros para la marina
Transporte,Suministros,34512000,Buques y embarcaciones similares para el transporte de personas o mercancías
Transporte,Suministros,34512100,Transbordadores
Transporte,Suministros,34512200,Buques para cruceros
Transporte,Suministros,34512300,Graneleros
Transporte,Suministros,34512400,Buques de carga
Transporte,Suministros,34512500,Buques de mercancías
Transporte,Suministros,34512600,Buques portacontenedores
Transporte,Suministros,34512700,Buques para transporte Ro-Ro
Transporte,Suministros,34512800,Buques cisterna
Transporte,Suministros,34512900,Buques para transporte de automóviles
Transporte,Suministros,34512950,Buques frigoríficos
Transporte,Suministros,34513000,"Barcos pesqueros, barcos de emergencia y demás barcos especiales"
Transporte,Suministros,34513100,Barcos pesqueros
Transporte,Suministros,34513150,Buques factoría
Transporte,Suministros,34513200,Barcos remolcadores
Transporte,Suministros,34513250,Dragas
Transporte,Suministros,34513300,Diques flotantes para navegación marítima
Transporte,Suministros,34513350,Embarcaciones auxiliares de buceo
Transporte,Suministros,34513400,Pontones grúa
Transporte,Suministros,34513450,Barcos de producción
Transporte,Suministros,34513500,Barcos de reconocimiento sísmico
Transporte,Suministros,34513550,Barcos exploradores
Transporte,Suministros,34513600,Barcos de control de la contaminación
Transporte,Suministros,34513650,Naves del servicio antiincendio
Transporte,Suministros,34513700,Barcos de salvamento
Transporte,Suministros,34513750,Buques faro
Transporte,Suministros,34514000,Plataformas flotantes o sumergibles de perforación o explotación
Transporte,Suministros,34514100,Barcos de sondeo
Transporte,Suministros,34514200,Plataformas de perforación autoelevadoras
Transporte,Suministros,34514300,Plataformas elevadoras de perforación
Transporte,Suministros,34514400,Plataformas de perforación flotantes
Transporte,Suministros,34514500,Instalación de producción flotante
Transporte,Suministros,34514600,Plataformas de sondeo semisumergibles
Transporte,Suministros,34514700,Plataforma móvil
Transporte,Suministros,34514800,Plataforma flotante
Transporte,Suministros,34514900,Plataformas de perforación
Transporte,Suministros,34515000,Estructuras flotantes
Transporte,Suministros,34515100,Boyas baliza
Transporte,Suministros,34515200,Balsas inflables
Transporte,Suministros,34516000,Defensas marinas
Transporte,Suministros,34520000,Barcos
Transporte,Suministros,34521000,Barcos especializados
Transporte,Suministros,34521100,Barcos de vigilancia
Transporte,Suministros,34521200,Barcos patrulleros aduaneros
Transporte,Suministros,34521300,Barcos patrulleros policiales
Transporte,Suministros,34521400,Botes salvavidas
Transporte,Suministros,34522000,Barcos de recreo y deportivos
Transporte,Suministros,34522100,Barcos a vela
Transporte,Suministros,34522150,Catamaranes a vela
Transporte,Suministros,34522200,Botes de salvamento
Transporte,Suministros,34522250,Botes a vela
Transporte,Suministros,34522300,Embarcaciones pequeñas
Transporte,Suministros,34522350,Botes de fibra de vidrio
Transporte,Suministros,34522400,Botes semirrígidos
Transporte,Suministros,34522450,Embarcaciones neumáticas
Transporte,Suministros,34522500,Botes de caucho
Transporte,Suministros,34522550,Canoas
Transporte,Suministros,34522600,Barcos de remos
Transporte,Suministros,34522700,Embarcaciones de pedales
Transporte,Suministros,34600000,"Locomotoras de ferrocarril y de tranvía, material móvil y sus partes"
Transporte,Suministros,34610000,Locomotoras y ténderes
Transporte,Suministros,34611000,Locomotoras
Transporte,Suministros,34612000,Ténderes y funiculares
Transporte,Suministros,34612100,Ténderes
Transporte,Suministros,34612200,Funiculares
Transporte,Suministros,34620000,Material móvil
Transporte,Suministros,34621000,"Vehículos de mantenimiento o de servicio para ferrocarril, y vagones de carga"
Transporte,Suministros,34621100,Vagones de carga
Transporte,Suministros,34621200,Vehículos de mantenimiento o de servicio para ferrocarril
Transporte,Suministros,34622000,"Coches de pasajeros de tren y tranvía, y trolebuses"
Transporte,Suministros,34622100,Coches de pasajeros de tranvía
Transporte,Suministros,34622200,Coches de pasajeros de tren
Transporte,Suministros,34622300,Trolebuses
Transporte,Suministros,34622400,Vagones de ferrocarril
Transporte,Suministros,34622500,Furgones de equipaje y para usos especiales
Transporte,Suministros,34630000,Partes de locomotoras de ferrocarril o tranvía o material móvil; equipo de control del tráfico de ferrocarriles
Transporte,Suministros,34631000,Partes de locomotoras o material móvil
Transporte,Suministros,34631100,Ruedas monobloque
Transporte,Suministros,34631200,Topes y enganches
Transporte,Suministros,34631300,Asientos para material móvil
Transporte,Suministros,34631400,"Ejes de ruedas y neumáticos, y otras partes de locomotoras o de material móvil"
Transporte,Suministros,34632000,Equipo de control del tráfico de ferrocarriles
Transporte,Suministros,34632100,Señalización mecánica
Transporte,Suministros,34632200,Equipo eléctrico de señalización para vías férreas
Transporte,Suministros,34632300,Instalaciones eléctricas para vías férreas
Transporte,Suministros,34640000,Elementos automotores
Transporte,Suministros,34700000,Aeronaves y naves espaciales
Transporte,Suministros,34710000,"Helicópteros, aviones, naves espaciales y otras aeronaves propulsadas"
Transporte,Suministros,34711000,Helicópteros y aviones
Transporte,Suministros,34711100,Aviones
Transporte,Suministros,34711110,Aeronaves de ala fija
Transporte,Suministros,34711200,Aeronaves sin piloto
Transporte,Suministros,34711300,Aeronaves pilotadas
Transporte,Suministros,34711400,Aeronaves para usos especiales
Transporte,Suministros,34711500,Helicópteros
Transporte,Suministros,34712000,"Naves espaciales, satélites y vehículos de lanzamiento"
Transporte,Suministros,34712100,Vehículos espaciales
Transporte,Suministros,34712200,Satélites
Transporte,Suministros,34712300,Lanzadores de vehículos espaciales
Transporte,Suministros,34720000,"Globos aerostáticos, dirigibles y otras aeronaves sin propulsión"
Transporte,Suministros,34721000,Planeadores
Transporte,Suministros,34721100,Alas delta
Transporte,Suministros,34722000,Globos aerostáticos y dirigibles
Transporte,Suministros,34722100,Globos aerostáticos
Transporte,Suministros,34722200,Dirigibles
Transporte,Suministros,34730000,"Partes de aeronaves, naves espaciales y helicópteros"
Transporte,Suministros,34731000,Partes de aeronaves
Transporte,Suministros,34731100,Motores de avión
Transporte,Suministros,34731200,Turborreactores
Transporte,Suministros,34731300,Turbopropulsores
Transporte,Suministros,34731400,Motores de reacción
Transporte,Suministros,34731500,Partes de motores de aeronaves
Transporte,Suministros,34731600,Partes de turborreactores o turbopropulsores
Transporte,Suministros,34731700,Partes de helicópteros
Transporte,Suministros,34731800,Neumáticos para aviones
Transporte,Suministros,34740000,"Equipamiento, entrenadores, simuladores de vuelo y sus partes para aeronaves o naves espaciales"
Transporte,Suministros,34741000,Equipo relacionado con aeronaves
Transporte,Suministros,34741100,Dispositivos de lanzamiento de aeronaves
Transporte,Suministros,34741200,Sistemas de lanzamiento de aeronaves
Transporte,Suministros,34741300,Dispositivos de frenado sobre cubierta de buques portaaviones
Transporte,Suministros,34741400,Simuladores de vuelo
Transporte,Suministros,34741500,Entrenadores de vuelo en tierra
Transporte,Suministros,34741600,Bolsas para el mareo
Transporte,Suministros,34900000,Medios de transporte y piezas de recambio diversos
Transporte,Suministros,34910000,"Carros de tracción animal o manual, otros vehículos sin propulsión mecánica, carritos para equipaje y piezas de recambio diversas"
Transporte,Suministros,34911000,Carros de tracción animal o manual y otros vehículos sin propulsión mecánica
Transporte,Suministros,34911100,Carritos manuales
Transporte,Suministros,34912000,Carritos para equipaje
Transporte,Suministros,34912100,Cochecitos de niño
Transporte,Suministros,34913000,Piezas de recambio diversas
Transporte,Suministros,34913100,Neumáticos usados
Transporte,Suministros,34913200,Neumáticos recauchutados
Transporte,Suministros,34913300,Guardabarros
Transporte,Suministros,34913400,Relojes para vehículos
Transporte,Suministros,34913500,Cerraduras para vehículos
Transporte,Suministros,34913510,Candados de bicicleta
Transporte,Suministros,34913600,Hélices para buques
Transporte,Suministros,34913700,Escaleras de vehículos contra incendios
Transporte,Suministros,34913800,Anclas
Transporte,Suministros,34920000,Equipo para carreteras
Transporte,Suministros,34921000,Equipo de mantenimiento de carreteras
Transporte,Suministros,34921100,Barrederas viales
Transporte,Suministros,34921200,Barrederas de pistas
Transporte,Suministros,34922000,Equipo de señalización de carreteras
Transporte,Suministros,34922100,Marcas viales
Transporte,Suministros,34922110,Esferillas de vidrio para la señalización horizontal
Transporte,Suministros,34923000,Equipo de control del tráfico rodado
Transporte,Suministros,34924000,Señales de mensaje variable
Transporte,Suministros,34926000,Equipo de control de aparcamientos
Transporte,Suministros,34927000,Equipo para peajes
Transporte,Suministros,34927100,Sal para carreteras
Transporte,Suministros,34928000,Mobiliario para carreteras
Transporte,Suministros,34928100,Barreras de protección
Transporte,Suministros,34928110,Medianas
Transporte,Suministros,34928120,Componentes para barreras
Transporte,Suministros,34928200,Vallas
Transporte,Suministros,34928210,Postes de madera
Transporte,Suministros,34928220,Componentes para cercas
Transporte,Suministros,34928230,Pantallas acústicas viales
Transporte,Suministros,34928300,Barreras de seguridad
Transporte,Suministros,34928310,Vallado de seguridad
Transporte,Suministros,34928320,Guardarraíles
Transporte,Suministros,34928330,Dispositivos de protección contra avalanchas
Transporte,Suministros,34928340,Barreras paranieves
Transporte,Suministros,34928400,Mobiliario urbano
Transporte,Suministros,34928410,Balizas
Transporte,Suministros,34928420,Luces indicadoras de peligro en carreteras
Transporte,Suministros,34928430,Conos de seguridad
Transporte,Suministros,34928440,Postes de parada de autobús
Transporte,Suministros,34928450,Hitos luminosos
Transporte,Suministros,34928460,Conos de carretera
Transporte,Suministros,34928470,Señalización
Transporte,Suministros,34928471,Materiales de señalización
Transporte,Suministros,34928472,Postes indicadores
Transporte,Suministros,34928480,Contenedores y cubos de residuos y basura
Transporte,Suministros,34928500,Equipo de alumbrado de calles
Transporte,Suministros,34928510,Farolas para el alumbrado de calles
Transporte,Suministros,34928520,Postes de alumbrado
Transporte,Suministros,34928530,Lámparas de alumbrado público
Transporte,Suministros,34929000,Materiales para la red de autopistas
Transporte,Suministros,34930000,Equipo marino
Transporte,Suministros,34931000,Equipo portuario
Transporte,Suministros,34931100,Instalaciones portuarias
Transporte,Suministros,34931200,Pasarelas de embarque de pasajeros para embarcaciones
Transporte,Suministros,34931300,Escaleras de embarque de pasajeros para embarcaciones
Transporte,Suministros,34931400,Simuladores de puente de buque
Transporte,Suministros,34931500,Equipo de control del tráfico de buques
Transporte,Suministros,34932000,Equipos de radar
Transporte,Suministros,34933000,Equipo de navegación
Transporte,Suministros,34934000,Palas de hélices
Transporte,Suministros,34940000,Equipo ferroviario
Transporte,Suministros,34941000,Raíles y accesorios
Transporte,Suministros,34941100,Varillas
Transporte,Suministros,34941200,Raíles de vías férreas
Transporte,Suministros,34941300,Raíles de tranvía
Transporte,Suministros,34941500,Crucetas
Transporte,Suministros,34941600,Vías de cruzamiento
Transporte,Suministros,34941800,Empalmes de vía férrea
Transporte,Suministros,34942000,Equipo de señalización
Transporte,Suministros,34942100,Postes de señalización
Transporte,Suministros,34942200,Cajas de señalización
Transporte,Suministros,34943000,Sistema de monitorización del tráfico ferroviario
Transporte,Suministros,34944000,Sistema de calefacción de agujas
Transporte,Suministros,34945000,Máquinas para alineación de vías
Transporte,Suministros,34946000,Materiales y suministros para la construcción de vías férreas
Transporte,Suministros,34946100,Materiales de construcción de vías férreas
Transporte,Suministros,34946110,Raíles
Transporte,Suministros,34946120,Material ferroviario
Transporte,Suministros,34946121,Bridas y placas de asiento
Transporte,Suministros,34946122,Contracarriles
Transporte,Suministros,34946200,Materiales para la construcción de vías férreas
Transporte,Suministros,34946210,Carriles conductores de corriente
Transporte,Suministros,34946220,"Agujas, puntas de corazón, varillas para el mando de agujas y demás elementos para el cruce y cambio de vías"
Transporte,Suministros,34946221,Agujas
Transporte,Suministros,34946222,Puntas de corazón
Transporte,Suministros,34946223,Varillas para el mando de agujas
Transporte,Suministros,34946224,Elementos para el cruce y cambio de vías
Transporte,Suministros,34946230,"Bridas de unión, placas y tirantes de separación"
Transporte,Suministros,34946231,Bridas de unión
Transporte,Suministros,34946232,Placas y tirantes de separación
Transporte,Suministros,34946240,Cojinetes y cuñas
Transporte,Suministros,34947000,Traviesas y partes de traviesas
Transporte,Suministros,34947100,Traviesas
Transporte,Suministros,34947200,Partes de traviesas
Transporte,Suministros,34950000,Equipamiento con amplia capacidad de carga
Transporte,Suministros,34951000,Plataformas de acceso
Transporte,Suministros,34951200,Equipo de manipulación de lodos
Transporte,Suministros,34951300,Instalación de secado de lodos
Transporte,Suministros,34952000,Elevadores hidráulicos de plataforma
Transporte,Suministros,34953000,Rampas de acceso
Transporte,Suministros,34953100,Rampas para transbordador
Transporte,Suministros,34953300,Pasarelas para pasajeros
Transporte,Suministros,34954000,Pasarelas de servicio
Transporte,Suministros,34955000,Dique flotante
Transporte,Suministros,34955100,Unidad de almacenamiento flotante
Transporte,Suministros,34960000,Equipo aeroportuario
Transporte,Suministros,34961000,Sistema de manipulación de equipajes
Transporte,Suministros,34961100,Equipo de manipulación de equipajes
Transporte,Suministros,34962000,Equipo de control de tráfico aéreo
Transporte,Suministros,34962100,Equipo de torre de control
Transporte,Suministros,34962200,Control del tráfico aéreo
Transporte,Suministros,34962210,Simulación de control del tráfico aéreo
Transporte,Suministros,34962220,Sistemas de control del tráfico aéreo
Transporte,Suministros,34962230,Formación para el control del tráfico aéreo
Transporte,Suministros,34963000,Sistema de aterrizaje por instrumentos (ILS)
Transporte,Suministros,34964000,Radiofaro omnidireccional VHF Doppler (DVOR)
Transporte,Suministros,34965000,Equipo radiotelemétrico (DME)
Transporte,Suministros,34966000,Radiogoniómetro y radiofaro no direccional
Transporte,Suministros,34966100,Radiogoniómetro (RDF)
Transporte,Suministros,34966200,Radiofaro no direccional (NDB)
Transporte,Suministros,34967000,Sistema de comunicación aeroportuaria (COM)
Transporte,Suministros,34968000,Sistema de vigilancia aeroportuaria y sistema de iluminación aeroportuaria
Transporte,Suministros,34968100,Sistema de vigilancia aeroportuaria (SUR)
Transporte,Suministros,34968200,Sistema de iluminación aeroportuaria (PAPI)
Transporte,Suministros,34969000,Pasarelas y escaleras de embarque de pasajeros para aeronaves
Transporte,Suministros,34969100,Pasarelas de embarque de pasajeros para aeronaves
Transporte,Suministros,34969200,Escaleras de embarque de pasajeros para aeronaves
Transporte,Suministros,34970000,Equipo para monitorización del tráfico
Transporte,Suministros,34971000,Equipo de cámara de control de velocidad
Transporte,Suministros,34972000,Sistema de medición del flujo del tráfico
Transporte,Suministros,34980000,Billetes de transporte
Transporte,Suministros,34990000,"Equipo de control, seguridad, señalización e iluminación"
Transporte,Suministros,34991000,Luces para iluminación exterior
Transporte,Suministros,34992000,"Señales, incluidas las luminosas"
Transporte,Suministros,34992100,Señales de tráfico luminosas
Transporte,Suministros,34992200,Pancartas de señalización
Transporte,Suministros,34992300,Placas indicadoras de calles
Transporte,Suministros,34993000,Luces para el alumbrado de carreteras
Transporte,Suministros,34993100,Alumbrado de túneles
Transporte,Suministros,34994000,Alumbrado para orientación e iluminación de barcos
Transporte,Suministros,34994100,Alumbrado para orientación e iluminación fluvial
Transporte,Suministros,34995000,Alumbrado para orientación e iluminación de aeronaves
Transporte,Suministros,34996000,"Equipo de control, seguridad o señalización para carreteras"
Transporte,Suministros,34996100,Semáforos
Transporte,Suministros,34996200,"Equipo de control, seguridad o señalización para vías interiores de navegación"
Transporte,Suministros,34996300,"Equipo de control, seguridad o señalización para zonas de estacionamiento"
Transporte,Suministros,34997000,"Equipo de control, seguridad o señalización para aeropuertos"
Transporte,Suministros,34997100,Registradores de vuelo
Transporte,Suministros,34997200,Alumbrado de aeropuertos
Transporte,Suministros,34997210,Luces de pista
Transporte,Suministros,34998000,"Equipo de control, seguridad o señalización para instalaciones portuarias"
Transporte,Suministros,34999000,"Generadores de señales, separadores de señales de antena (""splitters"") y máquinas de galvanoplastia"
Transporte,Suministros,34999100,Generadores de señales
Transporte,Suministros,34999200,"Separadores de señales de antena (""splitters"")"
Transporte,Suministros,34999300,Máquinas de galvanoplastia
Transporte,Suministros,34999400,Modelos reducidos a escala
Transporte,Suministros,34999410,Modelos de aeronaves reducidos a escala
Transporte,Suministros,34999420,Modelos de barcos reducidos a escala
Seguridad,Suministros,35000000,"Equipo de seguridad, extinción de incendios, policía y defensa"
Seguridad,Suministros,35100000,Equipo de emergencia y seguridad
Seguridad,Suministros,35110000,"Equipo de extinción de incendios, salvamento y seguridad"
Seguridad,Suministros,35111000,Equipo de extinción de incendios
Seguridad,Suministros,35111100,Aparatos respiratorios para extinción de incendios
Seguridad,Suministros,35111200,Materiales para extinción de incendios
Seguridad,Suministros,35111300,Extintores
Seguridad,Suministros,35111310,Paquetes de espuma para extintores
Seguridad,Suministros,35111320,Extintores de incendios portátiles
Seguridad,Suministros,35111400,Equipo de evacuación de emergencia
Seguridad,Suministros,35111500,Sistemas de extinción de incendios
Seguridad,Suministros,35111510,Herramientas manuales de extinción de incendios
Seguridad,Suministros,35111520,Espuma para la extinción de incendios o compuestos análogos
Seguridad,Suministros,35112000,Equipo de salvamento y emergencia
Seguridad,Suministros,35112100,Maniquíes para la formación sobre situaciones de emergencia
Seguridad,Suministros,35112200,Ducha de emergencia
Seguridad,Suministros,35112300,Ducha ocular
Seguridad,Suministros,35113000,Equipo de seguridad
Seguridad,Suministros,35113100,Equipo de seguridad del lugar
Seguridad,Suministros,35113110,Sistema de protección de reactores nucleares
Seguridad,Suministros,35113200,"Equipo de protección nuclear, biológica, química y radiológica"
Seguridad,Suministros,35113210,Equipo de seguridad nuclear
Seguridad,Suministros,35113300,Instalaciones de seguridad
Seguridad,Suministros,35113400,Ropa de protección y de seguridad
Seguridad,Suministros,35113410,Prendas de vestir de protección biológica y química
Seguridad,Suministros,35113420,Prendas de vestir de protección nuclear y radiológica
Seguridad,Suministros,35113430,Chalecos de seguridad
Seguridad,Suministros,35113440,Chalecos reflectantes
Seguridad,Suministros,35113450,Chaquetones o ponchos de protección
Seguridad,Suministros,35113460,Medias o calcetines de protección
Seguridad,Suministros,35113470,Camisas o pantalones de protección
Seguridad,Suministros,35113480,Muñequeras de protección
Seguridad,Suministros,35113490,Vestidos de protección
Seguridad,Suministros,35120000,Sistemas y dispositivos de vigilancia y seguridad
Seguridad,Suministros,35121000,Aparatos e instrumentos de seguridad
Seguridad,Suministros,35121100,Zumbadores
Seguridad,Suministros,35121200,Detectores de dinero falso
Seguridad,Suministros,35121300,Accesorios de seguridad
Seguridad,Suministros,35121400,Sacos de seguridad
Seguridad,Suministros,35121500,Precintos
Seguridad,Suministros,35121600,Marcas
Seguridad,Suministros,35121700,Sistemas de alarma
Seguridad,Suministros,35121800,Espejos convexos de seguridad
Seguridad,Suministros,35121900,Detectores de radar
Seguridad,Suministros,35123000,Equipo de identificación del lugar
Seguridad,Suministros,35123100,Sistema de tarjetas magnéticas
Seguridad,Suministros,35123200,Equipo para horario de trabajo flexible
Seguridad,Suministros,35123300,Sistema de cronometraje
Seguridad,Suministros,35123400,Distintivos de identificación
Seguridad,Suministros,35123500,Sistemas de identificación por vídeo
Seguridad,Suministros,35124000,Detectores de metal
Seguridad,Suministros,35125000,Sistema de vigilancia
Seguridad,Suministros,35125100,Sensores
Seguridad,Suministros,35125110,Sensores biométricos
Seguridad,Suministros,35125200,Sistemas de control horario y aparatos de registro para control horario
Seguridad,Suministros,35125300,Cámaras de seguridad
Seguridad,Suministros,35126000,Equipo de lectura de códigos de barras
Seguridad,Suministros,35200000,Equipo para policía
Seguridad,Suministros,35210000,Blancos para práctica de tiro
Seguridad,Suministros,35220000,Equipo antidisturbios
Seguridad,Suministros,35221000,Cañones de agua
Seguridad,Suministros,35230000,Esposas
Seguridad,Suministros,35240000,Sirenas
Seguridad,Suministros,35250000,Repelentes para ataques caninos
Seguridad,Suministros,35260000,Señales de policía
Seguridad,Suministros,35261000,Paneles de información
Seguridad,Suministros,35261100,Paneles indicadores de mensajes variables
Seguridad,Suministros,35262000,Equipo de señalización de control de cruces
Seguridad,Suministros,35300000,"Armas, municiones y sus partes"
Seguridad,Suministros,35310000,Armas diversas
Seguridad,Suministros,35311000,"Espadas, sables, bayonetas y lanzas"
Seguridad,Suministros,35311100,Espadas
Seguridad,Suministros,35311200,Sables
Seguridad,Suministros,35311300,Bayonetas
Seguridad,Suministros,35311400,Lanzas
Seguridad,Suministros,35312000,Pistolas de gas
Seguridad,Suministros,35320000,Armas de fuego
Seguridad,Suministros,35321000,Armas de fuego ligeras
Seguridad,Suministros,35321100,Armas cortas
Seguridad,Suministros,35321200,Fusiles
Seguridad,Suministros,35321300,Ametralladoras
Seguridad,Suministros,35322000,Artillería
Seguridad,Suministros,35322100,Material antiaéreo
Seguridad,Suministros,35322200,Artillería autopropulsada
Seguridad,Suministros,35322300,Artillería remolcada
Seguridad,Suministros,35322400,Morteros
Seguridad,Suministros,35322500,Obuses
Seguridad,Suministros,35330000,Municiones
Seguridad,Suministros,35331000,Municiones para armas de fuego y acciones de guerra
Seguridad,Suministros,35331100,Balas
Seguridad,Suministros,35331200,Proyectiles
Seguridad,Suministros,35331300,Granadas
Seguridad,Suministros,35331400,Minas terrestres
Seguridad,Suministros,35331500,Cartuchos
Seguridad,Suministros,35332000,Municiones para acciones navales de guerra
Seguridad,Suministros,35332100,Torpedos
Seguridad,Suministros,35332200,Minas marinas
Seguridad,Suministros,35333000,Municiones para acciones aéreas de guerra
Seguridad,Suministros,35333100,Bombas (armamento)
Seguridad,Suministros,35333200,Cohetes
Seguridad,Suministros,35340000,Partes de armas de fuego y municiones
Seguridad,Suministros,35341000,Partes de armas de fuego ligeras
Seguridad,Suministros,35341100,Accesorios para tuberías de bronce de cañón
Seguridad,Suministros,35342000,Partes de lanzacohetes
Seguridad,Suministros,35343000,Partes de morteros
Seguridad,Suministros,35400000,Vehículos militares y sus partes
Seguridad,Suministros,35410000,Vehículos militares blindados
Seguridad,Suministros,35411000,Carros de combate
Seguridad,Suministros,35411100,Carros de combate medios
Seguridad,Suministros,35411200,Carros de combate ligeros
Seguridad,Suministros,35412000,Vehículos de combate blindados
Seguridad,Suministros,35412100,Vehículos de combate para infantería
Seguridad,Suministros,35412200,Vehículos de transporte de tropas blindados
Seguridad,Suministros,35412300,Vehículos de transporte de armas blindados
Seguridad,Suministros,35412400,Vehículos de reconocimiento y patrulla
Seguridad,Suministros,35412500,Vehículos de mando y enlace
Seguridad,Suministros,35420000,Partes de vehículos militares
Seguridad,Suministros,35421000,Piezas mecánicas de recambio para vehículos militares
Seguridad,Suministros,35421100,Motores y partes de motores para vehículos militares
Seguridad,Suministros,35422000,Piezas electrónicas y eléctricas de recambio para vehículos militares
Seguridad,Suministros,35500000,Buques de guerra y sus partes
Seguridad,Suministros,35510000,Buques de guerra
Seguridad,Suministros,35511000,Buques de guerra de superficie
Seguridad,Suministros,35511100,Portaaviones
Seguridad,Suministros,35511200,Destructores y fragatas
Seguridad,Suministros,35511300,Corbetas y barcos patrulleros
Seguridad,Suministros,35511400,Embarcaciones y buques anfibios
Seguridad,Suministros,35512000,Submarinos
Seguridad,Suministros,35512100,Submarinos nucleares estratégicos
Seguridad,Suministros,35512200,Submarinos nucleares de ataque
Seguridad,Suministros,35512300,Submarinos diésel de ataque
Seguridad,Suministros,35512400,Vehículos subacuáticos no tripulados
Seguridad,Suministros,35513000,Buques de guerra de minas y buques auxiliares
Seguridad,Suministros,35513100,Cazaminas/dragaminas
Seguridad,Suministros,35513200,Buques auxiliares de investigación
Seguridad,Suministros,35513300,Buques auxiliares de búsqueda de información
Seguridad,Suministros,35513400,Buques hospital/de carga/cisterna/para transporte Ro-Ro auxiliares
Seguridad,Suministros,35520000,Partes de buques de guerra
Seguridad,Suministros,35521000,Casco y piezas mecánicas de recambio para buques de guerra
Seguridad,Suministros,35521100,Motores y piezas de motores para buques de guerra
Seguridad,Suministros,35522000,Piezas electrónicas y eléctricas de recambio para buques de guerra
Seguridad,Suministros,35600000,"Aeronaves militares, misiles y naves espaciales"
Seguridad,Suministros,35610000,Aeronaves militares
Seguridad,Suministros,35611100,Aviones de caza
Seguridad,Suministros,35611200,Cazabombarderos/aviones de ataque contra blancos terrestres
Seguridad,Suministros,35611300,Bombarderos
Seguridad,Suministros,35611400,Aeronaves militares de transporte
Seguridad,Suministros,35611500,Aeronaves de formación
Seguridad,Suministros,35611600,Aviones de patrulla marítima
Seguridad,Suministros,35611700,Aviones cisterna
Seguridad,Suministros,35611800,Aviones de reconocimiento
Seguridad,Suministros,35612100,Helicópteros de combate
Seguridad,Suministros,35612200,Helicópteros antisubmarinos
Seguridad,Suministros,35612300,Helicópteros de apoyo
Seguridad,Suministros,35612400,Helicópteros militares de transporte
Seguridad,Suministros,35612500,Helicópteros de búsqueda y rescate
Seguridad,Suministros,35613000,Vehículos aéreos no tripulados
Seguridad,Suministros,35613100,Vehículos aéreos de combate no tripulados
Seguridad,Suministros,35620000,Misiles
Seguridad,Suministros,35621000,Misiles estratégicos
Seguridad,Suministros,35621100,Misiles antimisiles estratégicos
Seguridad,Suministros,35621200,Misiles balísticos intercontinentales
Seguridad,Suministros,35621300,Misiles balísticos lanzados por submarino
Seguridad,Suministros,35621400,Misiles balísticos de alcance medio
Seguridad,Suministros,35622000,Misiles tácticos
Seguridad,Suministros,35622100,Misiles aire-aire
Seguridad,Suministros,35622200,Misiles aire-tierra
Seguridad,Suministros,35622300,Misiles antibuques
Seguridad,Suministros,35622400,Cohetes antisubmarinos
Seguridad,Suministros,35622500,Misiles antimisiles tácticos
Seguridad,Suministros,35622600,Misiles guiados anticarro
Seguridad,Suministros,35622700,Misiles tierra-aire
Seguridad,Suministros,35623000,Misiles de crucero
Seguridad,Suministros,35623100,Misiles de crucero lanzados desde aire/tierra/mar
Seguridad,Suministros,35630000,Naves especiales militares
Seguridad,Suministros,35631000,Satélites militares
Seguridad,Suministros,35631100,Satélites de comunicación
Seguridad,Suministros,35631200,Satélites de observación
Seguridad,Suministros,35631300,Satélites de navegación
Seguridad,Suministros,35640000,Partes de equipos aeroespaciales militares
Seguridad,Suministros,35641000,Estructura y piezas mecánicas de recambio para equipos aeroespaciales militares
Seguridad,Suministros,35641100,Motores y partes de motores para equipos aeroespaciales militares
Seguridad,Suministros,35642000,Piezas electrónicas y eléctricas de recambio para equipos aeroespaciales militares
Seguridad,Suministros,35700000,Sistemas electrónicos militares
Seguridad,Suministros,35710000,"Sistemas de mando, control, comunicación e informáticos"
Seguridad,Suministros,35711000,"Sistemas de mando, control y comunicación"
Seguridad,Suministros,35712000,"Sistemas tácticos de mando, control y comunicación"
Seguridad,Suministros,35720000,"Inteligencia, vigilancia, adquisición de objetivos y reconocimiento"
Seguridad,Suministros,35721000,Sistemas electrónicos de inteligencia
Seguridad,Suministros,35722000,Radares
Seguridad,Suministros,35723000,Radares de defensa aérea
Seguridad,Suministros,35730000,Sistemas de guerra electrónica y contramedidas
Seguridad,Suministros,35740000,Simuladores de combate
Seguridad,Suministros,35800000,Equipo individual y de apoyo
Seguridad,Suministros,35810000,Equipo individual
Seguridad,Suministros,35811100,Uniformes para el cuerpo de bomberos
Seguridad,Suministros,35811200,Uniformes de policía
Seguridad,Suministros,35811300,Uniformes militares
Seguridad,Suministros,35812000,Uniformes de combate
Seguridad,Suministros,35812100,Chaquetas de camuflaje
Seguridad,Suministros,35812200,Trajes de combate
Seguridad,Suministros,35812300,Equipos de combate
Seguridad,Suministros,35813000,Cascos militares
Seguridad,Suministros,35813100,Fundas para cascos
Seguridad,Suministros,35814000,Máscaras de gas
Seguridad,Suministros,35815000,Prendas de vestir de protección antibalas
Seguridad,Suministros,35815100,Chalecos antibalas
Seguridad,Suministros,35820000,Equipo de apoyo
Seguridad,Suministros,35821000,Banderas
Seguridad,Suministros,35821100,Mástiles de bandera
Cultura y deporte,Suministros,37000000,"Instrumentos musicales, artículos deportivos, juegos, juguetes, artículos de artesanía, materiales artísticos y accesorios"
Cultura y deporte,Suministros,37300000,Instrumentos musicales y sus partes
Cultura y deporte,Suministros,37310000,Instrumentos musicales
Cultura y deporte,Suministros,37311000,Instrumentos de teclado
Cultura y deporte,Suministros,37311100,Pianos
Cultura y deporte,Suministros,37311200,Acordeones
Cultura y deporte,Suministros,37311300,Órganos musicales
Cultura y deporte,Suministros,37311400,Celestas
Cultura y deporte,Suministros,37312000,Instrumentos de metal
Cultura y deporte,Suministros,37312100,Trompetas
Cultura y deporte,Suministros,37312200,Trombones
Cultura y deporte,Suministros,37312300,Sousafones
Cultura y deporte,Suministros,37312400,Saxofones
Cultura y deporte,Suministros,37312500,Silbatos
Cultura y deporte,Suministros,37312600,Clarines
Cultura y deporte,Suministros,37312700,Bombardinos
Cultura y deporte,Suministros,37312800,Melófonos
Cultura y deporte,Suministros,37312900,"Trompas alto, trompas barítono, fliscornos y trompas dobles"
Cultura y deporte,Suministros,37312910,Trompas alto
Cultura y deporte,Suministros,37312920,Trompas barítono
Cultura y deporte,Suministros,37312930,Fliscornos
Cultura y deporte,Suministros,37312940,Trompas dobles
Cultura y deporte,Suministros,37313000,Instrumentos de cuerda
Cultura y deporte,Suministros,37313100,Clavicémbalos
Cultura y deporte,Suministros,37313200,Clavicordios
Cultura y deporte,Suministros,37313300,Guitarras
Cultura y deporte,Suministros,37313400,Violines
Cultura y deporte,Suministros,37313500,Arpas
Cultura y deporte,Suministros,37313600,Banjos
Cultura y deporte,Suministros,37313700,Mandolinas
Cultura y deporte,Suministros,37313800,Violonchelos
Cultura y deporte,Suministros,37313900,Contrabajos
Cultura y deporte,Suministros,37314000,Instrumentos de viento
Cultura y deporte,Suministros,37314100,Clarinetes
Cultura y deporte,Suministros,37314200,Oboes
Cultura y deporte,Suministros,37314300,Cornetas y flautas
Cultura y deporte,Suministros,37314310,Cornetas
Cultura y deporte,Suministros,37314320,Flautas
Cultura y deporte,Suministros,37314400,Flautines
Cultura y deporte,Suministros,37314500,Gaitas
Cultura y deporte,Suministros,37314600,Armónicas
Cultura y deporte,Suministros,37314700,Mirlitones
Cultura y deporte,Suministros,37314800,Cornos ingleses
Cultura y deporte,Suministros,37314900,Ocarinas
Cultura y deporte,Suministros,37315000,Instrumentos musicales con amplificación eléctrica del sonido
Cultura y deporte,Suministros,37315100,Sintetizadores
Cultura y deporte,Suministros,37316000,Instrumentos de percusión
Cultura y deporte,Suministros,37316100,Platillos (instrumento)
Cultura y deporte,Suministros,37316200,Campanas (instrumento)
Cultura y deporte,Suministros,37316300,Panderetas
Cultura y deporte,Suministros,37316400,Castañuelas
Cultura y deporte,Suministros,37316500,Tambores (instrumento)
Cultura y deporte,Suministros,37316600,Xilófonos
Cultura y deporte,Suministros,37316700,Vibráfonos
Cultura y deporte,Suministros,37320000,Partes y accesorios de instrumentos musicales
Cultura y deporte,Suministros,37321000,Accesorios de instrumentos musicales
Cultura y deporte,Suministros,37321100,Metrónomos
Cultura y deporte,Suministros,37321200,LengÃ¼etas
Cultura y deporte,Suministros,37321300,Accesorios para instrumentos de cuerda
Cultura y deporte,Suministros,37321400,Cuerdas para instrumentos y púas
Cultura y deporte,Suministros,37321500,Accesorios para instrumentos de percusión
Cultura y deporte,Suministros,37321600,Fundas y estuches para instrumentos musicales y sus accesorios
Cultura y deporte,Suministros,37321700,Soportes para instrumentos musicales y atriles
Cultura y deporte,Suministros,37322000,Partes de instrumentos musicales
Cultura y deporte,Suministros,37322100,Clavijas de afinación
Cultura y deporte,Suministros,37322200,Cajas de música y mecanismos musicales
Cultura y deporte,Suministros,37322300,Boquillas
Cultura y deporte,Suministros,37322400,Sordinas
Cultura y deporte,Suministros,37322500,Diapasones rectos
Cultura y deporte,Suministros,37322600,Batutas
Cultura y deporte,Suministros,37322700,Almohadillas para flautines
Cultura y deporte,Suministros,37400000,Artículos y material deportivo
Cultura y deporte,Suministros,37410000,Equipo para deportes al aire libre
Cultura y deporte,Suministros,37411000,Equipo de invierno
Cultura y deporte,Suministros,37411100,Equipo de esquí y snowboard
Cultura y deporte,Suministros,37411110,Botas de esquí
Cultura y deporte,Suministros,37411120,Esquís
Cultura y deporte,Suministros,37411130,Palos de esquí
Cultura y deporte,Suministros,37411140,Fijaciones
Cultura y deporte,Suministros,37411150,Tablas de snowboard
Cultura y deporte,Suministros,37411160,Ropa de esquí
Cultura y deporte,Suministros,37411200,Equipo para patinaje y hockey sobre hielo
Cultura y deporte,Suministros,37411210,Discos de hockey
Cultura y deporte,Suministros,37411220,Patines para hielo
Cultura y deporte,Suministros,37411230,Palos de hockey
Cultura y deporte,Suministros,37411300,Ropa y equipo polares
Cultura y deporte,Suministros,37412000,Equipo para deportes acuáticos
Cultura y deporte,Suministros,37412100,Esquís acuáticos
Cultura y deporte,Suministros,37412200,Escafandras y equipo de buceo
Cultura y deporte,Suministros,37412210,Chalecos compensadores
Cultura y deporte,Suministros,37412220,Botellas de aire comprimido
Cultura y deporte,Suministros,37412230,Reguladores de buceo
Cultura y deporte,Suministros,37412240,Instrumentos de buceo y sus accesorios
Cultura y deporte,Suministros,37412241,Aparatos respiratorios de buceo
Cultura y deporte,Suministros,37412242,Equipo de buceo
Cultura y deporte,Suministros,37412243,Trajes protectores contra inmersión en agua fría
Cultura y deporte,Suministros,37412250,"Máscaras, aletas y tubos de buceo"
Cultura y deporte,Suministros,37412260,Trajes húmedos
Cultura y deporte,Suministros,37412270,Trajes secos
Cultura y deporte,Suministros,37412300,Equipo y accesorios para surf y natación
Cultura y deporte,Suministros,37412310,"Tablas de esquí acuático, tablas de kneeboard y tablas boogie board"
Cultura y deporte,Suministros,37412320,Equipo para windsurf
Cultura y deporte,Suministros,37412330,Tablas de surf
Cultura y deporte,Suministros,37412340,Gafas y aletas de natación
Cultura y deporte,Suministros,37412350,Equipo de parasailing
Cultura y deporte,Suministros,37413000,Artículos para caza y pesca
Cultura y deporte,Suministros,37413100,Aparejos de pesca
Cultura y deporte,Suministros,37413110,Cañas de pescar
Cultura y deporte,Suministros,37413120,Sedales
Cultura y deporte,Suministros,37413130,Carretes de pesca
Cultura y deporte,Suministros,37413140,Señuelos de pesca
Cultura y deporte,Suministros,37413150,Cebos de pesca
Cultura y deporte,Suministros,37413160,Pesas de pesca
Cultura y deporte,Suministros,37413200,Productos para la caza
Cultura y deporte,Suministros,37413210,Reclamos
Cultura y deporte,Suministros,37413220,Señuelos de caza
Cultura y deporte,Suministros,37413230,Máquinas lanzaplatos
Cultura y deporte,Suministros,37413240,Cañones de escopeta
Cultura y deporte,Suministros,37414000,Material de acampada
Cultura y deporte,Suministros,37414100,Colchones para acampada
Cultura y deporte,Suministros,37414200,Neveras para acampada
Cultura y deporte,Suministros,37414300,Juegos de reparación de tiendas de campaña
Cultura y deporte,Suministros,37414600,Cocinas y hornillos para acampada y uso al aire libre
Cultura y deporte,Suministros,37414700,Refrigeradores de bebidas para acampada
Cultura y deporte,Suministros,37414800,Trajes de supervivencia
Cultura y deporte,Suministros,37415000,Equipo para atletismo
Cultura y deporte,Suministros,37416000,Equipo para actividades de ocio
Cultura y deporte,Suministros,37420000,Equipo de gimnasio
Cultura y deporte,Suministros,37421000,Colchonetas de gimnasia
Cultura y deporte,Suministros,37422000,Barras de gimnasia y de equilibrios
Cultura y deporte,Suministros,37422100,Barras de gimnasia
Cultura y deporte,Suministros,37422200,Barras de equilibrios
Cultura y deporte,Suministros,37423000,Cuerdas y anillas para gimnasia y accesorios para escalada
Cultura y deporte,Suministros,37423100,Cuerdas para gimnasia
Cultura y deporte,Suministros,37423200,Anillas para gimnasia
Cultura y deporte,Suministros,37423300,Accesorios para escalada gimnástica
Cultura y deporte,Suministros,37424000,Equipo para saltos gimnásticos
Cultura y deporte,Suministros,37425000,Trampolines de gimnasia
Cultura y deporte,Suministros,37426000,Equipo para equilibrios
Cultura y deporte,Suministros,37430000,Equipo para boxeo
Cultura y deporte,Suministros,37431000,Cuadriláteros de boxeo
Cultura y deporte,Suministros,37432000,Sacos de boxeo
Cultura y deporte,Suministros,37433000,Guantes de boxeo
Cultura y deporte,Suministros,37440000,Equipo para el ejercicio físico
Cultura y deporte,Suministros,37441000,Equipo para aeróbic
Cultura y deporte,Suministros,37441100,Cintas rodantes
Cultura y deporte,Suministros,37441200,Máquinas escaladoras
Cultura y deporte,Suministros,37441300,Bicicletas estáticas
Cultura y deporte,Suministros,37441400,Remadoras
Cultura y deporte,Suministros,37441500,Cuerdas para saltar
Cultura y deporte,Suministros,37441600,Trampolines para ejercicios
Cultura y deporte,Suministros,37441700,Pelotas para ejercicios
Cultura y deporte,Suministros,37441800,Equipo para step-aeróbic
Cultura y deporte,Suministros,37441900,Máquinas elípticas
Cultura y deporte,Suministros,37442000,Equipo de entrenamiento con pesas y de resistencia
Cultura y deporte,Suministros,37442100,Pesas
Cultura y deporte,Suministros,37442200,Halteras
Cultura y deporte,Suministros,37442300,Máquinas de resistencia para las partes inferior y superior del cuerpo
Cultura y deporte,Suministros,37442310,Máquinas de resistencia para la parte inferior del cuerpo
Cultura y deporte,Suministros,37442320,Máquinas de resistencia para la parte superior del cuerpo
Cultura y deporte,Suministros,37442400,Bancos de musculación y estantes para pesas
Cultura y deporte,Suministros,37442500,Pesas para el ejercicio físico
Cultura y deporte,Suministros,37442600,Máquinas para Pilates
Cultura y deporte,Suministros,37442700,Tensores de mano
Cultura y deporte,Suministros,37442800,Bandas y tubos de resistencia
Cultura y deporte,Suministros,37442810,Bandas de resistencia
Cultura y deporte,Suministros,37442820,Tubos de resistencia
Cultura y deporte,Suministros,37442900,Máquinas multifuncionales
Cultura y deporte,Suministros,37450000,Equipo para deportes practicados en terreno de juego y en cancha
Cultura y deporte,Suministros,37451000,Equipo para deportes practicados en terreno de juego
Cultura y deporte,Suministros,37451100,Pelotas de béisbol
Cultura y deporte,Suministros,37451110,"""Back-stops"" y vallas de béisbol"
Cultura y deporte,Suministros,37451120,Bases de béisbol
Cultura y deporte,Suministros,37451130,Bates de béisbol
Cultura y deporte,Suministros,37451140,Material de ayuda para el bateo (béisbol)
Cultura y deporte,Suministros,37451150,Guantes de béisbol
Cultura y deporte,Suministros,37451160,Equipo de protección para béisbol y sófbol
Cultura y deporte,Suministros,37451200,Equipo de hockey sobre hierba
Cultura y deporte,Suministros,37451210,Pelotas de hockey sobre hierba
Cultura y deporte,Suministros,37451220,Palos de hockey sobre hierba
Cultura y deporte,Suministros,37451300,Balones de fútbol americano
Cultura y deporte,Suministros,37451310,"""Trineos"" de bloqueo para fútbol americano"
Cultura y deporte,Suministros,37451320,Soportes de saque para fútbol americano
Cultura y deporte,Suministros,37451330,"""Dummies"" de placaje para fútbol americano"
Cultura y deporte,Suministros,37451340,Equipo para flag fútbol
Cultura y deporte,Suministros,37451400,Pelotas de lacrosse
Cultura y deporte,Suministros,37451500,Palos de lacrosse
Cultura y deporte,Suministros,37451600,Máquinas lanzapelotas
Cultura y deporte,Suministros,37451700,Balones de fútbol
Cultura y deporte,Suministros,37451710,Equipo de marcado de campos de fútbol
Cultura y deporte,Suministros,37451720,Equipo de protección para fútbol
Cultura y deporte,Suministros,37451730,Material de formación para fútbol
Cultura y deporte,Suministros,37451800,Pelotas de sófbol
Cultura y deporte,Suministros,37451810,Bates de sófbol
Cultura y deporte,Suministros,37451820,Guantes de sófbol
Cultura y deporte,Suministros,37451900,Balones de balonmano
Cultura y deporte,Suministros,37451920,Juegos escolares para balonmano
Cultura y deporte,Suministros,37452000,Equipo para deportes de raqueta y cancha
Cultura y deporte,Suministros,37452100,Equipo de bádminton
Cultura y deporte,Suministros,37452110,Volantes o plumas de bádminton
Cultura y deporte,Suministros,37452120,Raquetas de bádminton
Cultura y deporte,Suministros,37452200,Balones de baloncesto
Cultura y deporte,Suministros,37452210,Sistemas de juego completos de baloncesto
Cultura y deporte,Suministros,37452300,Equipo de protección para floorball
Cultura y deporte,Suministros,37452400,"Pelotas, mangos y cuerdas para raquetbol"
Cultura y deporte,Suministros,37452410,Pelotas de raquetbol
Cultura y deporte,Suministros,37452420,Mangos para raquetbol
Cultura y deporte,Suministros,37452430,Cuerdas para raquetbol
Cultura y deporte,Suministros,37452500,Raquetas para raquetbol
Cultura y deporte,Suministros,37452600,Equipo de squash
Cultura y deporte,Suministros,37452610,Pelotas de squash
Cultura y deporte,Suministros,37452620,Raquetas de squash
Cultura y deporte,Suministros,37452700,Equipo de tenis
Cultura y deporte,Suministros,37452710,Pelotas de tenis
Cultura y deporte,Suministros,37452720,Equipo para canchas de tenis
Cultura y deporte,Suministros,37452730,Raquetas de tenis
Cultura y deporte,Suministros,37452740,Material de formación para tenis
Cultura y deporte,Suministros,37452800,Pelotas y postes para tetherball
Cultura y deporte,Suministros,37452810,Pelotas para tetherball
Cultura y deporte,Suministros,37452820,Postes para tetherball
Cultura y deporte,Suministros,37452900,Pelotas de voleibol
Cultura y deporte,Suministros,37452910,Postes de voleibol para gimnasio
Cultura y deporte,Suministros,37452920,Material para el almacenamiento de pelotas y redes de voleibol
Cultura y deporte,Suministros,37453000,Equipo de atletismo
Cultura y deporte,Suministros,37453100,Jabalinas
Cultura y deporte,Suministros,37453200,Barras de salto
Cultura y deporte,Suministros,37453300,Discos de lanzamiento
Cultura y deporte,Suministros,37453400,Bolas de lanzamiento de peso
Cultura y deporte,Suministros,37453500,Pértigas
Cultura y deporte,Suministros,37453600,Vallas para saltos
Cultura y deporte,Suministros,37453700,Testigos
Cultura y deporte,Suministros,37460000,Juegos de tiro y mesa y sus equipos
Cultura y deporte,Suministros,37461000,Juegos de mesa y sus equipos
Cultura y deporte,Suministros,37461100,Mesas y accesorios para hockey aéreo
Cultura y deporte,Suministros,37461200,Bolas de futbolín
Cultura y deporte,Suministros,37461210,Jugadores de repuesto para futbolín
Cultura y deporte,Suministros,37461220,Mesas de futbolín
Cultura y deporte,Suministros,37461300,Tacos de billar
Cultura y deporte,Suministros,37461400,Equipo de juego de tejo
Cultura y deporte,Suministros,37461500,Mesas para tenis de mesa
Cultura y deporte,Suministros,37461510,Pelotas de tenis de mesa
Cultura y deporte,Suministros,37461520,Raquetas de tenis de mesa
Cultura y deporte,Suministros,37462000,Juegos de tiro y sus equipos
Cultura y deporte,Suministros,37462100,Equipo de tiro con arco
Cultura y deporte,Suministros,37462110,Protectores de brazo para el tiro con arco
Cultura y deporte,Suministros,37462120,Flechas de tiro con arco
Cultura y deporte,Suministros,37462130,Parapetos para el tiro con arco
Cultura y deporte,Suministros,37462140,Cuerdas de arco para el tiro con arco
Cultura y deporte,Suministros,37462150,Arcos para el tiro con arco
Cultura y deporte,Suministros,37462160,Guantes para el tiro con arco
Cultura y deporte,Suministros,37462170,Soportes de diana para el tiro con arco
Cultura y deporte,Suministros,37462180,Dianas de tiro con arco
Cultura y deporte,Suministros,37462200,Dardos
Cultura y deporte,Suministros,37462210,Dianas para dardos
Cultura y deporte,Suministros,37462300,Dianas para lanzamiento
Cultura y deporte,Suministros,37462400,Equipo para tiro al plato
Cultura y deporte,Suministros,37470000,Equipo para golf y bolos
Cultura y deporte,Suministros,37471000,Equipo para golf
Cultura y deporte,Suministros,37471100,Bolsas de golf
Cultura y deporte,Suministros,37471200,Bolas de golf
Cultura y deporte,Suministros,37471300,Palos de golf
Cultura y deporte,Suministros,37471400,"""Tees"" de golf"
Cultura y deporte,Suministros,37471500,Fundas de cabeza de palo de golf
Cultura y deporte,Suministros,37471600,Guantes de golf
Cultura y deporte,Suministros,37471700,"Herramientas de reparación de ""divots"""
Cultura y deporte,Suministros,37471800,Medidor de distancias para golf
Cultura y deporte,Suministros,37471900,"Dispositivo de práctica de ""putting"""
Cultura y deporte,Suministros,37472000,Equipo para bolos
Cultura y deporte,Suministros,37480000,Máquinas y aparatos para actividades de ocio
Cultura y deporte,Suministros,37481000,Maquinaria de mantenimiento del hielo
Cultura y deporte,Suministros,37482000,Paneles de información deportiva
Cultura y deporte,Suministros,37500000,Juegos y juguetes; atracciones de feria
Cultura y deporte,Suministros,37510000,Muñecas
Cultura y deporte,Suministros,37511000,Casas de muñecas
Cultura y deporte,Suministros,37512000,Partes o accesorios de muñecas
Cultura y deporte,Suministros,37513000,Títeres
Cultura y deporte,Suministros,37513100,Teatros de títeres
Cultura y deporte,Suministros,37520000,Juguetes
Cultura y deporte,Suministros,37521000,Instrumentos musicales de juguete
Cultura y deporte,Suministros,37522000,Juguetes con ruedas
Cultura y deporte,Suministros,37523000,Puzzles
Cultura y deporte,Suministros,37524000,Juegos
Cultura y deporte,Suministros,37524100,Juegos educativos
Cultura y deporte,Suministros,37524200,Juegos de tablero
Cultura y deporte,Suministros,37524300,Juegos clásicos
Cultura y deporte,Suministros,37524400,Juegos colaborativos
Cultura y deporte,Suministros,37524500,Juegos de estrategia
Cultura y deporte,Suministros,37524600,Juegos de memoria
Cultura y deporte,Suministros,37524700,Accesorios para juegos
Cultura y deporte,Suministros,37524800,Juegos de lotería
Cultura y deporte,Suministros,37524810,Boletos de lotería
Cultura y deporte,Suministros,37524900,Juegos reunidos
Cultura y deporte,Suministros,37525000,Globos y pelotas
Cultura y deporte,Suministros,37526000,Cubos de juguete
Cultura y deporte,Suministros,37527000,Trenes y vehículos de juguete
Cultura y deporte,Suministros,37527100,Trenes de juguete
Cultura y deporte,Suministros,37527200,Vehículos de juguete
Cultura y deporte,Suministros,37528000,Armas de juguete
Cultura y deporte,Suministros,37529000,Juguetes hinchables y de montar
Cultura y deporte,Suministros,37529100,Juguetes hinchables
Cultura y deporte,Suministros,37529200,Juguetes de montar
Cultura y deporte,Suministros,37530000,"Artículos para parques de atracciones, juegos de mesa o de salón"
Cultura y deporte,Suministros,37531000,Naipes
Cultura y deporte,Suministros,37532000,Videojuegos
Cultura y deporte,Suministros,37533000,Billares
Cultura y deporte,Suministros,37533100,Bolas de billar
Cultura y deporte,Suministros,37533200,Tizas de billar
Cultura y deporte,Suministros,37533300,Puntas de taco de billar
Cultura y deporte,Suministros,37533400,Triángulos para bolas de billar
Cultura y deporte,Suministros,37533500,Mesas de billar
Cultura y deporte,Suministros,37534000,Juegos accionados con monedas o fichas
Cultura y deporte,Suministros,37535000,"Tiovivos, columpios, casetas de tiro y otras atracciones de feria"
Cultura y deporte,Suministros,37535100,Columpios
Cultura y deporte,Suministros,37535200,Equipamiento para terrenos de juego
Cultura y deporte,Suministros,37535210,Columpios para parques infantiles
Cultura y deporte,Suministros,37535220,Aparatos para trepar para parques infantiles
Cultura y deporte,Suministros,37535230,Tiovivos para parques infantiles
Cultura y deporte,Suministros,37535240,Toboganes para parques infantiles
Cultura y deporte,Suministros,37535250,Balancines para parques infantiles
Cultura y deporte,Suministros,37535260,Túneles para parques infantiles
Cultura y deporte,Suministros,37535270,Cajones de arena para parques infantiles
Cultura y deporte,Suministros,37535280,Gradas para parques infantiles
Cultura y deporte,Suministros,37535290,Equipo para trepar muros y cuerdas
Cultura y deporte,Suministros,37535291,Equipo para trepar muros
Cultura y deporte,Suministros,37535292,Equipo para trepar cuerdas
Cultura y deporte,Suministros,37540000,Máquinas de juego
Cultura y deporte,Suministros,37800000,Artículos para trabajos artesanales y artísticos
Cultura y deporte,Suministros,37810000,Artículos para trabajos artesanales
Cultura y deporte,Suministros,37820000,Artículos para trabajos artísticos
Cultura y deporte,Suministros,37821000,Pinceles para la pintura artística
Cultura y deporte,Suministros,37822000,Lápices de dibujo
Cultura y deporte,Suministros,37822100,Lápices de colores
Cultura y deporte,Suministros,37822200,Carboncillos
Cultura y deporte,Suministros,37822300,Tizas
Cultura y deporte,Suministros,37822400,Colores pastel
Cultura y deporte,Suministros,37823000,Papel resistente a las grasas y otros artículos de papel
Cultura y deporte,Suministros,37823100,Papel resistente a las grasas
Cultura y deporte,Suministros,37823200,Papel calco
Cultura y deporte,Suministros,37823300,Papel cristal
Cultura y deporte,Suministros,37823400,Papel transparente o translúcido
Cultura y deporte,Suministros,37823500,Papel kraft y papel para trabajos artísticos
Cultura y deporte,Suministros,37823600,Papel de dibujo
Cultura y deporte,Suministros,37823700,Papel para mapas
Cultura y deporte,Suministros,37823800,Papel y cartón multilaminares
Cultura y deporte,Suministros,37823900,"Papel para caras (cubiertas) (""kraftliner"")"
Industria y maquinaria,Suministros,38000000,"Equipo de laboratorio, óptico y de precisión (excepto gafas)"
Industria y maquinaria,Suministros,38100000,Instrumentos de navegación y meteorológicos
Industria y maquinaria,Suministros,38110000,Instrumentos de navegación
Industria y maquinaria,Suministros,38111000,Equipo de radiogoniometría
Industria y maquinaria,Suministros,38111100,Brújulas
Industria y maquinaria,Suministros,38111110,Accesorios para brújulas
Industria y maquinaria,Suministros,38112000,Sextantes
Industria y maquinaria,Suministros,38112100,Sistemas de navegación y posicionamiento globales (GPS o equivalentes)
Industria y maquinaria,Suministros,38113000,Sonares
Industria y maquinaria,Suministros,38114000,Ecosondas
Industria y maquinaria,Suministros,38115000,Aparatos de radar
Industria y maquinaria,Suministros,38115100,Equipo de vigilancia por radar
Industria y maquinaria,Suministros,38120000,Instrumentos de meteorología
Industria y maquinaria,Suministros,38121000,Anemómetros
Industria y maquinaria,Suministros,38122000,Barómetros
Industria y maquinaria,Suministros,38123000,Aparatos de registro de precipitaciones o evaporación
Industria y maquinaria,Suministros,38124000,Aparatos de radiosondeo
Industria y maquinaria,Suministros,38125000,Pluviógrafos
Industria y maquinaria,Suministros,38126000,Aparatos de observación en superficie
Industria y maquinaria,Suministros,38126100,Aparatos de observación en superficie de las precipitaciones o la evaporación
Industria y maquinaria,Suministros,38126200,Aparatos de observación en superficie de la radiación solar
Industria y maquinaria,Suministros,38126300,Aparatos de observación en superficie de la temperatura o la humedad
Industria y maquinaria,Suministros,38126400,Aparatos de observación en superficie del viento
Industria y maquinaria,Suministros,38127000,Estaciones meteorológicas
Industria y maquinaria,Suministros,38128000,Accesorios para instrumentos meteorológicos
Industria y maquinaria,Suministros,38200000,Instrumentos geológicos y geofísicos
Industria y maquinaria,Suministros,38210000,Brújulas geológicas
Industria y maquinaria,Suministros,38220000,Aparatos de prospección geológica
Industria y maquinaria,Suministros,38221000,Sistemas de información geográfica (SIG o equivalentes)
Industria y maquinaria,Suministros,38230000,Instrumentos geofísicos electromagnéticos
Industria y maquinaria,Suministros,38240000,Instrumentos geofísicos de medición de la gravedad
Industria y maquinaria,Suministros,38250000,Instrumentos geofísicos de polarización inducida (PI)
Industria y maquinaria,Suministros,38260000,Instrumentos geofísicos de magnetometría
Industria y maquinaria,Suministros,38270000,Instrumentos geofísicos de resistividad
Industria y maquinaria,Suministros,38280000,Gravímetros
Industria y maquinaria,Suministros,38290000,"Instrumentos y aparatos de geodesia, hidrografía, oceanografía e hidrología"
Industria y maquinaria,Suministros,38291000,Telémetros
Industria y maquinaria,Suministros,38292000,Instrumentos de hidrografía
Industria y maquinaria,Suministros,38293000,Equipo sísmico
Industria y maquinaria,Suministros,38294000,Teodolitos
Industria y maquinaria,Suministros,38295000,Equipo topográfico
Industria y maquinaria,Suministros,38296000,Instrumentos de geodesia
Industria y maquinaria,Suministros,38300000,Instrumentos de medición
Industria y maquinaria,Suministros,38310000,Balanzas de precisión
Industria y maquinaria,Suministros,38311000,Básculas electrónicas y sus accesorios
Industria y maquinaria,Suministros,38311100,Balanzas electrónicas analíticas
Industria y maquinaria,Suministros,38311200,Balanzas electrónicas técnicas
Industria y maquinaria,Suministros,38311210,Pesas de calibración
Industria y maquinaria,Suministros,38320000,Mesas de dibujo
Industria y maquinaria,Suministros,38321000,Máquinas de dibujar
Industria y maquinaria,Suministros,38322000,Pantógrafos
Industria y maquinaria,Suministros,38323000,Reglas de cálculo
Industria y maquinaria,Suministros,38330000,Instrumentos de uso manual para medir longitudes
Industria y maquinaria,Suministros,38331000,Escuadras
Industria y maquinaria,Suministros,38340000,Instrumentos de medida de cantidades
Industria y maquinaria,Suministros,38341000,Aparatos para medir radiaciones
Industria y maquinaria,Suministros,38341100,Registradores de haces electrónicos
Industria y maquinaria,Suministros,38341200,Dosímetros de radiaciones
Industria y maquinaria,Suministros,38341300,Instrumentos de medida de magnitudes eléctricas
Industria y maquinaria,Suministros,38341310,Amperímetros
Industria y maquinaria,Suministros,38341320,Voltímetros
Industria y maquinaria,Suministros,38341400,Contadores geiger
Industria y maquinaria,Suministros,38341500,Aparatos para el control de la contaminación
Industria y maquinaria,Suministros,38341600,Monitores de radiación
Industria y maquinaria,Suministros,38342000,Osciloscopios
Industria y maquinaria,Suministros,38342100,Oscilógrafos
Industria y maquinaria,Suministros,38343000,Instrumentos para control de errores
Industria y maquinaria,Suministros,38344000,Aparatos para el control de la polución
Industria y maquinaria,Suministros,38400000,Instrumentos de medida o control de características físicas
Industria y maquinaria,Suministros,38410000,Instrumentos de cómputo
Industria y maquinaria,Suministros,38411000,Hidrómetros
Industria y maquinaria,Suministros,38412000,Termómetros
Industria y maquinaria,Suministros,38413000,Pirómetros
Industria y maquinaria,Suministros,38414000,Higrómetros
Industria y maquinaria,Suministros,38415000,Sicrómetros
Industria y maquinaria,Suministros,38416000,PH-metros
Industria y maquinaria,Suministros,38417000,Termopares
Industria y maquinaria,Suministros,38418000,Calorímetros
Industria y maquinaria,Suministros,38420000,"Instrumentos de medida del caudal, nivel y presión de líquidos y gases"
Industria y maquinaria,Suministros,38421000,Equipo de medida del caudal
Industria y maquinaria,Suministros,38421100,Contadores de agua
Industria y maquinaria,Suministros,38421110,Caudalímetros
Industria y maquinaria,Suministros,38422000,Equipo de medida del nivel
Industria y maquinaria,Suministros,38423000,Equipo de medida de la presión
Industria y maquinaria,Suministros,38423100,Manómetros
Industria y maquinaria,Suministros,38424000,Equipo de medida y de control
Industria y maquinaria,Suministros,38425000,Equipo para la mecánica de fluidos
Industria y maquinaria,Suministros,38425100,Manómetros (mecánica de fluidos)
Industria y maquinaria,Suministros,38425200,Viscosímetros
Industria y maquinaria,Suministros,38425300,Indicador de profundidad
Industria y maquinaria,Suministros,38425400,Aparatos de estimación de la estructura
Industria y maquinaria,Suministros,38425500,Aparatos de estimación de la fuerza
Industria y maquinaria,Suministros,38425600,Picnómetros
Industria y maquinaria,Suministros,38425700,Instrumentos para medir la tensión superficial
Industria y maquinaria,Suministros,38425800,Densitómetros
Industria y maquinaria,Suministros,38426000,Culombímetros
Industria y maquinaria,Suministros,38427000,Fluxómetros
Industria y maquinaria,Suministros,38428000,Reómetros
Industria y maquinaria,Suministros,38429000,Rotámetros
Industria y maquinaria,Suministros,38430000,Aparatos de detección y análisis
Industria y maquinaria,Suministros,38431000,Aparatos detectores
Industria y maquinaria,Suministros,38431100,Aparatos detectores de gas
Industria y maquinaria,Suministros,38431200,Aparatos detectores de humos
Industria y maquinaria,Suministros,38431300,Buscafugas
Industria y maquinaria,Suministros,38432000,Aparatos de análisis
Industria y maquinaria,Suministros,38432100,Aparatos analizadores de gas
Industria y maquinaria,Suministros,38432200,Cromatógrafos
Industria y maquinaria,Suministros,38432210,Cromatógrafos de gas
Industria y maquinaria,Suministros,38432300,Aparatos analizadores de humos
Industria y maquinaria,Suministros,38433000,Espectrómetros
Industria y maquinaria,Suministros,38433100,Espectrómetros de masas
Industria y maquinaria,Suministros,38433200,Equipo de medir emisiones
Industria y maquinaria,Suministros,38433210,Espectrómetros de emisión
Industria y maquinaria,Suministros,38433300,Analizador de espectro
Industria y maquinaria,Suministros,38434000,Analizadores
Industria y maquinaria,Suministros,38434100,Analizadores de dilatación
Industria y maquinaria,Suministros,38434200,Equipo de sonometría
Industria y maquinaria,Suministros,38434210,Sonómetros
Industria y maquinaria,Suministros,38434220,Analizadores de velocidad del sonido
Industria y maquinaria,Suministros,38434300,Equipo medidor del ruido
Industria y maquinaria,Suministros,38434310,Aparatos para medir decibelios
Industria y maquinaria,Suministros,38434400,Analizadores de vibraciones
Industria y maquinaria,Suministros,38434500,Analizadores bioquímicos
Industria y maquinaria,Suministros,38434510,Citómetros
Industria y maquinaria,Suministros,38434520,Analizadores de sangre
Industria y maquinaria,Suministros,38434530,Analizadores de leche
Industria y maquinaria,Suministros,38434540,Equipo biomédico
Industria y maquinaria,Suministros,38434550,Contadores de células sanguíneas
Industria y maquinaria,Suministros,38434560,Analizador químico
Industria y maquinaria,Suministros,38434570,Analizadores hematológicos
Industria y maquinaria,Suministros,38434580,Analizadores de inmunoensayo
Industria y maquinaria,Suministros,38435000,Aparatos de detección de fluidos
Industria y maquinaria,Suministros,38436000,Agitadores y sus accesorios
Industria y maquinaria,Suministros,38436100,Agitadores mecánicos
Industria y maquinaria,Suministros,38436110,Cestas de matraces Erlenmeyer para agitadores
Industria y maquinaria,Suministros,38436120,Soportes de matraz Erlenmeyer para agitadores
Industria y maquinaria,Suministros,38436130,Soportes de embudos de decantación
Industria y maquinaria,Suministros,38436140,Plataformas para soportes de matraz Erlenmeyer para agitadores
Industria y maquinaria,Suministros,38436150,Soportes de placas de Petri para agitadores
Industria y maquinaria,Suministros,38436160,Soportes de tubos de ensayo para agitadores
Industria y maquinaria,Suministros,38436170,Adaptador de matraz para agitadores
Industria y maquinaria,Suministros,38436200,Evaporadores rotatorios
Industria y maquinaria,Suministros,38436210,Pantalla de protección para evaporadores rotatorios
Industria y maquinaria,Suministros,38436220,Sensores de temperatura de ebullición para evaporadores rotatorios
Industria y maquinaria,Suministros,38436230,Regulador de presión para evaporadores rotatorios
Industria y maquinaria,Suministros,38436300,Agitadores de incubación
Industria y maquinaria,Suministros,38436310,Placas térmicas
Industria y maquinaria,Suministros,38436320,Placas térmicas para matraces
Industria y maquinaria,Suministros,38436400,Agitadores magnéticos
Industria y maquinaria,Suministros,38436410,Reguladores térmicos para agitadores mecánicos con placas térmicas
Industria y maquinaria,Suministros,38436500,Mezcladores mecánicos
Industria y maquinaria,Suministros,38436510,Rotores de paletas para mezcladores mecánicos
Industria y maquinaria,Suministros,38436600,Homogeneizadores de inmersión
Industria y maquinaria,Suministros,38436610,Instrumentos de dispersión para homogeneizadores de inmersión
Industria y maquinaria,Suministros,38436700,Desintegrador ultrasónico
Industria y maquinaria,Suministros,38436710,Sondas para desintegradores ultrasónicos
Industria y maquinaria,Suministros,38436720,Convertidores para desintegradores ultrasónicos
Industria y maquinaria,Suministros,38436730,Cámaras de flujo continuo para desintegradores ultrasónicos
Industria y maquinaria,Suministros,38436800,Homogeneizadores de paletas rotatorias
Industria y maquinaria,Suministros,38437000,Pipetas de laboratorio y sus accesorios
Industria y maquinaria,Suministros,38437100,Pipetas
Industria y maquinaria,Suministros,38437110,Puntas de pipeta
Industria y maquinaria,Suministros,38437120,Soportes de pipeta
Industria y maquinaria,Suministros,38500000,Aparatos de control y prueba
Industria y maquinaria,Suministros,38510000,Microscopios
Industria y maquinaria,Suministros,38511000,Microscopios electrónicos
Industria y maquinaria,Suministros,38511100,Microscopios electrónicos de barrido
Industria y maquinaria,Suministros,38511200,Microscopio electrónico de transmisión
Industria y maquinaria,Suministros,38512000,Microscopios de iones y moleculares
Industria y maquinaria,Suministros,38512100,Microscopios de iones
Industria y maquinaria,Suministros,38512200,Microscopios moleculares
Industria y maquinaria,Suministros,38513000,Microscopios invertidos y metalográficos
Industria y maquinaria,Suministros,38513100,Microscopios invertidos
Industria y maquinaria,Suministros,38513200,Microscopios metalográficos
Industria y maquinaria,Suministros,38514000,Microscopios de campo oscuro y de sonda de barrido
Industria y maquinaria,Suministros,38514100,Microscopios de campo oscuro
Industria y maquinaria,Suministros,38514200,Microscopios de sonda de barrido
Industria y maquinaria,Suministros,38515000,Microscopios de fluorescencia y polarizantes
Industria y maquinaria,Suministros,38515100,Microscopios polarizantes
Industria y maquinaria,Suministros,38515200,Microscopios de fluorescencia
Industria y maquinaria,Suministros,38516000,Microscopios ópticos compuestos monoculares o binoculares
Industria y maquinaria,Suministros,38517000,Microscopios acústicos y de proyección
Industria y maquinaria,Suministros,38517100,Microscopios acústicos
Industria y maquinaria,Suministros,38517200,Microscopios de proyección
Industria y maquinaria,Suministros,38518000,Microscopios de campo amplio y estereoscópicos
Industria y maquinaria,Suministros,38518100,Microscopios de campo amplio
Industria y maquinaria,Suministros,38518200,Microscopios estereoscópicos
Industria y maquinaria,Suministros,38519000,Compuestos diversos para microscopios
Industria y maquinaria,Suministros,38519100,Iluminadores para microscopios
Industria y maquinaria,Suministros,38519200,Objetivos de microscopio
Industria y maquinaria,Suministros,38519300,Dispositivos fotográficos o de vídeo para microscopios
Industria y maquinaria,Suministros,38519310,Dispositivos fotográficos para microscopios
Industria y maquinaria,Suministros,38519320,Dispositivos de vídeo para microscopios
Industria y maquinaria,Suministros,38519400,Platinas automáticas de microscopio
Industria y maquinaria,Suministros,38519500,Bombillas de repuesto para microscopio de laboratorio
Industria y maquinaria,Suministros,38519600,"Oculares, condensadores, lentes colectoras, tubos, platinas y fundas para microscopio"
Industria y maquinaria,Suministros,38519610,Oculares de microscopio
Industria y maquinaria,Suministros,38519620,Condensadores de microscopio
Industria y maquinaria,Suministros,38519630,Lentes colectoras de microscopio
Industria y maquinaria,Suministros,38519640,Tubos de microscopio
Industria y maquinaria,Suministros,38519650,Platinas de microscopio
Industria y maquinaria,Suministros,38519660,Fundas para microscopio
Industria y maquinaria,Suministros,38520000,Escáneres
Industria y maquinaria,Suministros,38521000,Escáneres de presión
Industria y maquinaria,Suministros,38522000,Escáneres cromatográficos
Industria y maquinaria,Suministros,38527100,Dosímetros con cámaras de ionización
Industria y maquinaria,Suministros,38527200,Dosímetros
Industria y maquinaria,Suministros,38527300,Sistemas de dosimetría de patrón secundario
Industria y maquinaria,Suministros,38527400,Dosímetros para maniquí
Industria y maquinaria,Suministros,38530000,Difractógrafos
Industria y maquinaria,Suministros,38540000,Máquinas y aparatos de pruebas y medida
Industria y maquinaria,Suministros,38541000,Equipos de ensayo de soldabilidad
Industria y maquinaria,Suministros,38542000,Aparatos servohidráulicos de pruebas
Industria y maquinaria,Suministros,38543000,Equipo de detección de gases
Industria y maquinaria,Suministros,38544000,Aparatos detectores de drogas
Industria y maquinaria,Suministros,38545000,Kits para análisis de gases
Industria y maquinaria,Suministros,38546000,Sistema de detección de explosivos
Industria y maquinaria,Suministros,38546100,Detectores de bombas
Industria y maquinaria,Suministros,38547000,Sistema de dosimetría
Industria y maquinaria,Suministros,38548000,Instrumentos para vehículos
Industria y maquinaria,Suministros,38550000,Contadores
Industria y maquinaria,Suministros,38551000,Medidores de energía
Industria y maquinaria,Suministros,38552000,Contadores electrónicos
Industria y maquinaria,Suministros,38553000,Contadores magnéticos
Industria y maquinaria,Suministros,38554000,Contadores de electricidad
Industria y maquinaria,Suministros,38560000,Contadores de producción
Industria y maquinaria,Suministros,38561000,Cuentavueltas
Industria y maquinaria,Suministros,38561100,Velocímetros para vehículos
Industria y maquinaria,Suministros,38561110,Tacómetros
Industria y maquinaria,Suministros,38561120,Taxímetros
Industria y maquinaria,Suministros,38562000,Estroboscopios
Industria y maquinaria,Suministros,38570000,Instrumentos y aparatos de regulación y control
Industria y maquinaria,Suministros,38571000,Limitadores de velocidad
Industria y maquinaria,Suministros,38580000,Equipo no médico basado en el uso de radiaciones
Industria y maquinaria,Suministros,38581000,Equipo de escáner para equipajes
Industria y maquinaria,Suministros,38582000,Equipo de control por rayos X
Industria y maquinaria,Suministros,38600000,Instrumentos ópticos
Industria y maquinaria,Suministros,38620000,Materias polarizantes
Industria y maquinaria,Suministros,38621000,Aparatos de fibra óptica
Industria y maquinaria,Suministros,38622000,Espejos
Industria y maquinaria,Suministros,38623000,Filtros ópticos
Industria y maquinaria,Suministros,38624000,Ayudas ópticas
Industria y maquinaria,Suministros,38630000,Instrumentos ópticos y de astronomía
Industria y maquinaria,Suministros,38631000,Binoculares
Industria y maquinaria,Suministros,38632000,Gafas para visión nocturna
Industria y maquinaria,Suministros,38633000,Miras telescópicas
Industria y maquinaria,Suministros,38634000,Microscopios ópticos
Industria y maquinaria,Suministros,38635000,Telescopios
Industria y maquinaria,Suministros,38636000,Instrumentos ópticos especializados
Industria y maquinaria,Suministros,38636100,Láseres
Industria y maquinaria,Suministros,38636110,Láseres industriales
Industria y maquinaria,Suministros,38640000,Dispositivos de cristal líquido
Industria y maquinaria,Suministros,38641000,Periscopios
Industria y maquinaria,Suministros,38650000,Equipo fotográfico
Industria y maquinaria,Suministros,38651000,Cámaras fotográficas
Industria y maquinaria,Suministros,38651100,Lentes para cámaras fotográficas
Industria y maquinaria,Suministros,38651200,Cuerpos de cámaras fotográficas
Industria y maquinaria,Suministros,38651300,Cámaras para la preparación de clisés o cilindros de imprenta
Industria y maquinaria,Suministros,38651400,Cámaras fotográficas con autorrevelado
Industria y maquinaria,Suministros,38651500,Cámaras cinematográficas
Industria y maquinaria,Suministros,38651600,Cámaras fotográficas digitales
Industria y maquinaria,Suministros,38652000,Proyectores cinematográficos
Industria y maquinaria,Suministros,38652100,Proyectores
Industria y maquinaria,Suministros,38652110,Proyectores de diapositivas
Industria y maquinaria,Suministros,38652120,Videoproyectores
Industria y maquinaria,Suministros,38652200,Ampliadoras
Industria y maquinaria,Suministros,38652300,Reductoras
Industria y maquinaria,Suministros,38653000,Aparatos para laboratorios fotográficos
Industria y maquinaria,Suministros,38653100,Lámparas-flash
Industria y maquinaria,Suministros,38653110,Lámparas de destello para fotografía
Industria y maquinaria,Suministros,38653111,Cubos de destello para fotografía
Industria y maquinaria,Suministros,38653200,Ampliadoras fotográficas
Industria y maquinaria,Suministros,38653300,Aparatos y equipos para el revelado de películas
Industria y maquinaria,Suministros,38653400,Pantallas de proyección
Industria y maquinaria,Suministros,38654000,Equipo para microfilmes y microfichas
Industria y maquinaria,Suministros,38654100,Equipo para microfilmes
Industria y maquinaria,Suministros,38654110,Lectores de microfilmes
Industria y maquinaria,Suministros,38654200,Equipo para microfichas
Industria y maquinaria,Suministros,38654210,Lectores de microfichas
Industria y maquinaria,Suministros,38654300,Equipo para microformatos
Industria y maquinaria,Suministros,38654310,Lectores de microformatos
Industria y maquinaria,Suministros,38700000,Registradores de asistencia y contadores similares; parquímetros
Industria y maquinaria,Suministros,38710000,Registradores de asistencia
Industria y maquinaria,Suministros,38720000,Fechadores y contadores
Industria y maquinaria,Suministros,38730000,Parquímetros
Industria y maquinaria,Suministros,38731000,Contadores accionados por fichas
Industria y maquinaria,Suministros,38740000,Cronómetros de tiempos de fabricación
Industria y maquinaria,Suministros,38750000,Interruptores horarios
Industria y maquinaria,Suministros,38800000,Equipo de control de procesos industriales y equipo con mando a distancia
Industria y maquinaria,Suministros,38810000,Equipo de control de procesos industriales
Industria y maquinaria,Suministros,38820000,Equipo con mando a distancia
Industria y maquinaria,Suministros,38821000,Aparatos de radiocontrol
Industria y maquinaria,Suministros,38822000,Dispositivos de telecontrol por sirenas
Industria y maquinaria,Suministros,38900000,Instrumentos de evaluación o ensayo diversos
Industria y maquinaria,Suministros,38910000,Equipo de control y ensayo higiénicos
Industria y maquinaria,Suministros,38911000,Kits de ensayo de frotis manuales
Industria y maquinaria,Suministros,38912000,Kits de ensayo de frotis automatizados
Industria y maquinaria,Suministros,38920000,Equipo para semillas y piensos
Industria y maquinaria,Suministros,38921000,Analizadores de grano
Industria y maquinaria,Suministros,38922000,Contadores de semillas
Industria y maquinaria,Suministros,38923000,Analizadores de piensos
Industria y maquinaria,Suministros,38930000,Instrumentos de medición de la humedad
Industria y maquinaria,Suministros,38931000,Comprobadores de temperatura y humedad
Industria y maquinaria,Suministros,38932000,Medidores de humedad
Industria y maquinaria,Suministros,38940000,Instrumentos de evaluación nuclear
Industria y maquinaria,Suministros,38941000,Contadores alfa
Industria y maquinaria,Suministros,38942000,Contadores alfa beta
Industria y maquinaria,Suministros,38943000,Contadores beta
Industria y maquinaria,Suministros,38944000,Contadores beta gamma
Industria y maquinaria,Suministros,38945000,Contadores gamma
Industria y maquinaria,Suministros,38946000,Contadores de kVc
Industria y maquinaria,Suministros,38947000,Microanalizadores para radiología
Industria y maquinaria,Suministros,38950000,Equipo para reacción en cadena de la polimerasa (PCR)
Industria y maquinaria,Suministros,38951000,Equipo para reacción en cadena de la polimerasa (PCR) en tiempo real
Industria y maquinaria,Suministros,38960000,Dispositivo antiarranque por alcoholemia
Industria y maquinaria,Suministros,38970000,"Investigación, ensayos y simuladores científico-técnicos"
Mobiliario,Suministros,39000000,"Mobiliario (incluido el de oficina), complementos de mobiliario, aparatos electrodomésticos (excluida la iluminación) y productos de limpieza"
Mobiliario,Suministros,39100000,Mobiliario
Mobiliario,Suministros,39110000,"Asientos, sillas y productos conexos y piezas correspondientes"
Mobiliario,Suministros,39111000,Asientos
Mobiliario,Suministros,39111100,Asientos giratorios
Mobiliario,Suministros,39111200,Butacas de teatro
Mobiliario,Suministros,39111300,Asientos eyectables
Mobiliario,Suministros,39112000,Sillas
Mobiliario,Suministros,39112100,Sillas de comedor
Mobiliario,Suministros,39113000,Asientos y sillas diversos
Mobiliario,Suministros,39113100,Sillones
Mobiliario,Suministros,39113200,Sofás
Mobiliario,Suministros,39113300,Banquetas
Mobiliario,Suministros,39113400,Tumbonas
Mobiliario,Suministros,39113500,Taburetes
Mobiliario,Suministros,39113600,Bancos para sentarse
Mobiliario,Suministros,39113700,Reposapiés
Mobiliario,Suministros,39114000,Partes de asientos
Mobiliario,Suministros,39114100,Tapizado
Mobiliario,Suministros,39120000,"Mesas, armarios, escritorios y librerías"
Mobiliario,Suministros,39121000,Escritorios y mesas
Mobiliario,Suministros,39121100,Escritorios
Mobiliario,Suministros,39121200,Mesas
Mobiliario,Suministros,39122000,Armarios y librerías
Mobiliario,Suministros,39122100,Armarios
Mobiliario,Suministros,39122200,Librerías
Mobiliario,Suministros,39130000,Muebles de oficina
Mobiliario,Suministros,39131000,Estanterías de oficina
Mobiliario,Suministros,39131100,Estanterías de archivo
Mobiliario,Suministros,39132000,Sistemas de archivo
Mobiliario,Suministros,39132100,Archivadores
Mobiliario,Suministros,39132200,Ficheros
Mobiliario,Suministros,39132300,Carpetas colgantes de archivo
Mobiliario,Suministros,39132400,Sistemas carrusel
Mobiliario,Suministros,39132500,Carritos para oficina
Mobiliario,Suministros,39133000,Expositores
Mobiliario,Suministros,39134000,Mobiliario de informática
Mobiliario,Suministros,39134100,Mesas para equipo informático
Mobiliario,Suministros,39135000,Mesas de clasificación
Mobiliario,Suministros,39135100,Estructuras de clasificación
Mobiliario,Suministros,39136000,Perchas
Mobiliario,Suministros,39137000,Ablandadores de agua
Mobiliario,Suministros,39140000,Mobiliario doméstico
Mobiliario,Suministros,39141000,Muebles y equipo de cocina
Mobiliario,Suministros,39141100,Estantes
Mobiliario,Suministros,39141200,Encimeras
Mobiliario,Suministros,39141300,Armarios vitrina
Mobiliario,Suministros,39141400,Cocinas equipadas
Mobiliario,Suministros,39141500,Campanas extractoras de humos
Mobiliario,Suministros,39142000,Muebles de jardín
Mobiliario,Suministros,39143000,"Muebles de dormitorio, comedor y cuarto de estar"
Mobiliario,Suministros,39143100,Muebles de dormitorio
Mobiliario,Suministros,39143110,Camas y ropa de cama y pasamanería especializada
Mobiliario,Suministros,39143111,Somieres
Mobiliario,Suministros,39143112,Colchones
Mobiliario,Suministros,39143113,Pasamanería especializada
Mobiliario,Suministros,39143114,Mantas eléctricas
Mobiliario,Suministros,39143115,Sábanas de hule
Mobiliario,Suministros,39143116,Cunas
Mobiliario,Suministros,39143120,Muebles de dormitorio distintos de las camas y ropa de cama
Mobiliario,Suministros,39143121,Armarios roperos
Mobiliario,Suministros,39143122,Cómodas
Mobiliario,Suministros,39143123,Mesillas de noche
Mobiliario,Suministros,39143200,Muebles de comedor
Mobiliario,Suministros,39143210,Mesas de comedor
Mobiliario,Suministros,39143300,Muebles de cuarto de estar
Mobiliario,Suministros,39143310,Mesitas bajas
Mobiliario,Suministros,39144000,Mobiliario de cuarto de baño
Mobiliario,Suministros,39145000,Accesorios para bodegas
Mobiliario,Suministros,39150000,Mobiliario y equipo diverso
Mobiliario,Suministros,39151000,Mobiliario diverso
Mobiliario,Suministros,39151100,Estanterías
Mobiliario,Suministros,39151200,Bancos de trabajo
Mobiliario,Suministros,39151300,Mobiliario modular
Mobiliario,Suministros,39152000,Estanterías móviles para libros
Mobiliario,Suministros,39153000,Mobiliario para sala de conferencias
Mobiliario,Suministros,39153100,Atriles
Mobiliario,Suministros,39154000,Equipamiento de exposición
Mobiliario,Suministros,39154100,Stands de exposición
Mobiliario,Suministros,39155000,Mobiliario de biblioteca
Mobiliario,Suministros,39155100,Equipamiento de biblioteca
Mobiliario,Suministros,39156000,Mobiliario de recepción y sala de espera
Mobiliario,Suministros,39157000,Partes de muebles
Mobiliario,Suministros,39160000,Mobiliario escolar
Mobiliario,Suministros,39161000,Mobiliario de jardín de infancia
Mobiliario,Suministros,39162000,Equipamiento de enseñanza
Mobiliario,Suministros,39162100,Material pedagógico
Mobiliario,Suministros,39162110,Material escolar
Mobiliario,Suministros,39162200,Material y útiles de formación
Mobiliario,Suministros,39170000,Mobiliario de tienda
Mobiliario,Suministros,39171000,Vitrinas
Mobiliario,Suministros,39172000,Mostradores
Mobiliario,Suministros,39172100,Barras de hostelería
Mobiliario,Suministros,39173000,Unidades de almacenamiento
Mobiliario,Suministros,39174000,Rótulos comerciales
Mobiliario,Suministros,39180000,Mobiliario de laboratorio
Mobiliario,Suministros,39181000,Bancos de laboratorio
Mobiliario,Suministros,39190000,Papel para decorar y otros revestimientos
Mobiliario,Suministros,39191000,Revestimientos de pared a base de papel o cartón
Mobiliario,Suministros,39191100,Papel para decorar
Mobiliario,Suministros,39192000,Revestimientos textiles de pared
Mobiliario,Suministros,39193000,Revestimientos de piso a base de papel o cartón
Mobiliario,Suministros,39200000,Complementos de mobiliario
Mobiliario,Suministros,39220000,"Equipo de cocina, artículos de uso doméstico y artículos de catering"
Mobiliario,Suministros,39221000,Equipo de cocina
Mobiliario,Suministros,39221100,Utensilios de cocina
Mobiliario,Suministros,39221110,Loza
Mobiliario,Suministros,39221120,Tazas y vasos
Mobiliario,Suministros,39221121,Tazas
Mobiliario,Suministros,39221122,Tacitas
Mobiliario,Suministros,39221123,Artículos de vidrio para beber
Mobiliario,Suministros,39221130,Recipientes para comida
Mobiliario,Suministros,39221140,Cantimploras
Mobiliario,Suministros,39221150,Termos
Mobiliario,Suministros,39221160,Bandejas
Mobiliario,Suministros,39221170,Escurridores
Mobiliario,Suministros,39221180,Utensilios para cocinar
Mobiliario,Suministros,39221190,Escurreplatos
Mobiliario,Suministros,39221200,Servicios de mesa
Mobiliario,Suministros,39221210,Platos
Mobiliario,Suministros,39221220,Fuentes
Mobiliario,Suministros,39221230,Platillos
Mobiliario,Suministros,39221240,Tazones
Mobiliario,Suministros,39221250,Decantadoras
Mobiliario,Suministros,39221260,Escudillas de campaña
Mobiliario,Suministros,39222000,Artículos para catering
Mobiliario,Suministros,39222100,Artículos desechables para catering
Mobiliario,Suministros,39222110,Cubiertos y platos desechables
Mobiliario,Suministros,39222120,Tazas desechables
Mobiliario,Suministros,39222200,Bandejas para comida
Mobiliario,Suministros,39223000,Cucharas y tenedores
Mobiliario,Suministros,39223100,Cucharas
Mobiliario,Suministros,39223200,Tenedores
Mobiliario,Suministros,39224000,Escobas y cepillos y otros artículos de diversos tipos
Mobiliario,Suministros,39224100,Escobas
Mobiliario,Suministros,39224200,Cepillos
Mobiliario,Suministros,39224210,Brochas de pintor
Mobiliario,Suministros,39224300,Escobas y cepillos y otros artículos de limpieza del hogar
Mobiliario,Suministros,39224310,Escobillas para el inodoro
Mobiliario,Suministros,39224320,Esponjas
Mobiliario,Suministros,39224330,Cubos
Mobiliario,Suministros,39224340,Cubos de basura
Mobiliario,Suministros,39224350,Recogedores
Mobiliario,Suministros,39225000,"Encendedores, artículos de material combustible, de pirotecnia, cerillas y combustibles líquidos o de gas licuado"
Mobiliario,Suministros,39225100,Encendedores
Mobiliario,Suministros,39225200,Aleaciones pirofóricas
Mobiliario,Suministros,39225300,Cerillas
Mobiliario,Suministros,39225400,Gas para encendedores
Mobiliario,Suministros,39225500,Artículos pirotécnicos
Mobiliario,Suministros,39225600,Velas
Mobiliario,Suministros,39225700,"Botellas, jarros y redomas"
Mobiliario,Suministros,39225710,Botellas
Mobiliario,Suministros,39225720,Jarros
Mobiliario,Suministros,39225730,Redomas
Mobiliario,Suministros,39226000,"Garrafas, cajas de botellas, frascos y bobinas"
Mobiliario,Suministros,39226100,Cajas de botellas
Mobiliario,Suministros,39226200,Garrafas y frascos
Mobiliario,Suministros,39226210,Garrafas
Mobiliario,Suministros,39226220,Frascos
Mobiliario,Suministros,39226300,Carretes o bobinas
Mobiliario,Suministros,39227000,Agujas de coser y tejer y dedales
Mobiliario,Suministros,39227100,Agujas de coser o agujas de tejer
Mobiliario,Suministros,39227110,Agujas de coser
Mobiliario,Suministros,39227120,Agujas de tejer
Mobiliario,Suministros,39227200,Dedales
Mobiliario,Suministros,39230000,Producto para usos especiales
Mobiliario,Suministros,39234000,Cajas para compost
Mobiliario,Suministros,39235000,Fichas
Mobiliario,Suministros,39236000,Cabinas de pintura
Mobiliario,Suministros,39237000,Postes indicadores del nivel de nieve
Mobiliario,Suministros,39240000,Cubertería
Mobiliario,Suministros,39241000,Cuchillos y tijeras
Mobiliario,Suministros,39241100,Cuchillos
Mobiliario,Suministros,39241110,Cuchillos de mesa
Mobiliario,Suministros,39241120,Cuchillos de cocina
Mobiliario,Suministros,39241130,Cúteres
Mobiliario,Suministros,39241200,Tijeras
Mobiliario,Suministros,39254000,Relojería
Mobiliario,Suministros,39254100,"Relojes, excepto de pulsera o de bolsillo"
Mobiliario,Suministros,39254110,Despertadores
Mobiliario,Suministros,39254120,Relojes de pared
Mobiliario,Suministros,39254130,Cristal para relojes de pared
Mobiliario,Suministros,39260000,Bandejas de distribución y material de escritorio
Mobiliario,Suministros,39261000,Bandejas de distribución
Mobiliario,Suministros,39263000,Material de escritorio
Mobiliario,Suministros,39263100,Juegos de escritorio
Mobiliario,Suministros,39264000,Accesorios para clasificadores de hojas intercambiables o para archivadores
Mobiliario,Suministros,39265000,Corchetes y hebillas
Mobiliario,Suministros,39270000,Artículos religiosos
Mobiliario,Suministros,39290000,Complementos de mobiliario diversos
Mobiliario,Suministros,39291000,Material de lavandería
Mobiliario,Suministros,39292000,Pizarras o tableros escolares con superficies o utensilios para escribir o dibujar
Mobiliario,Suministros,39292100,Encerados
Mobiliario,Suministros,39292110,Borradores para encerados
Mobiliario,Suministros,39292200,Pizarras para escribir
Mobiliario,Suministros,39292300,Utensilios de dibujo
Mobiliario,Suministros,39292400,Utensilios de escritura
Mobiliario,Suministros,39292500,Reglas
Mobiliario,Suministros,39293000,Productos artificiales
Mobiliario,Suministros,39293100,Fruta artificial
Mobiliario,Suministros,39293200,Flores artificiales
Mobiliario,Suministros,39293300,Hierba artificial
Mobiliario,Suministros,39293400,Césped artificial
Mobiliario,Suministros,39293500,Bisutería
Mobiliario,Suministros,39294000,Aparatos y material diseñados para demostraciones
Mobiliario,Suministros,39294100,Productos de información y promoción
Mobiliario,Suministros,39295000,Paraguas y sombrillas; bastones y bastones-asiento
Mobiliario,Suministros,39295100,Sombrillas
Mobiliario,Suministros,39295200,Paraguas
Mobiliario,Suministros,39295300,Bastones-asiento
Mobiliario,Suministros,39295400,Bastones
Mobiliario,Suministros,39295500,"Partes, adornos y accesorios de paraguas, sombrillas, bastones y artículos similares"
Mobiliario,Suministros,39296000,Artículos funerarios
Mobiliario,Suministros,39296100,Ataúdes
Mobiliario,Suministros,39297000,Suministros para cuartel
Mobiliario,Suministros,39298000,"Estatuillas, objetos de adorno, marcos para fotografías o para cuadros y espejos"
Mobiliario,Suministros,39298100,Marcos para fotografías
Mobiliario,Suministros,39298200,Marcos para cuadros
Mobiliario,Suministros,39298300,Floreros
Mobiliario,Suministros,39298400,Estatuillas
Mobiliario,Suministros,39298500,Objetos de adorno
Mobiliario,Suministros,39298600,Globos
Mobiliario,Suministros,39298700,Trofeos
Mobiliario,Suministros,39298800,Acuarios
Mobiliario,Suministros,39298900,Artículos de decoración diversos
Mobiliario,Suministros,39298910,Árboles de Navidad
Mobiliario,Suministros,39299000,Artículos de cristal
Mobiliario,Suministros,39299100,Ampollas de vidrio
Mobiliario,Suministros,39299200,Vidrio de seguridad
Mobiliario,Suministros,39299300,Espejos de vidrio
Mobiliario,Suministros,39300000,Equipo diverso
Mobiliario,Suministros,39310000,Equipo de catering
Mobiliario,Suministros,39311000,Equipo ligero de catering
Mobiliario,Suministros,39312000,Equipo para preparación de comidas
Mobiliario,Suministros,39312100,Cortadoras de carne
Mobiliario,Suministros,39312200,Equipo de cantina
Mobiliario,Suministros,39313000,Equipo de hostelería
Mobiliario,Suministros,39314000,Equipo para cocinas industriales
Mobiliario,Suministros,39315000,Equipo de restaurante
Mobiliario,Suministros,39330000,Equipo de desinfección
Mobiliario,Suministros,39340000,Equipo para red de distribución de gas
Mobiliario,Suministros,39341000,Equipo para la presión del gas
Mobiliario,Suministros,39350000,Equipo para estaciones de depuración
Mobiliario,Suministros,39360000,Equipo de sellado
Mobiliario,Suministros,39370000,Instalaciones de tratamiento de aguas
Mobiliario,Suministros,39500000,Artículos textiles
Mobiliario,Suministros,39510000,Artículos textiles para uso doméstico
Mobiliario,Suministros,39511000,Mantas y mantas de viaje
Mobiliario,Suministros,39511100,Mantas
Mobiliario,Suministros,39511200,Mantas de viaje
Mobiliario,Suministros,39512000,Ropa de cama
Mobiliario,Suministros,39512100,Sábanas
Mobiliario,Suministros,39512200,Fundas de edredón
Mobiliario,Suministros,39512300,Fundas de colchones
Mobiliario,Suministros,39512400,Edredones
Mobiliario,Suministros,39512500,Fundas de almohada
Mobiliario,Suministros,39512600,Fundas de almohadón
Mobiliario,Suministros,39513000,Ropa de mesa
Mobiliario,Suministros,39513100,Manteles
Mobiliario,Suministros,39513200,Servilletas de mesa
Mobiliario,Suministros,39514000,Ropa de tocador y de cocina
Mobiliario,Suministros,39514100,Toallas
Mobiliario,Suministros,39514200,Paños de vajilla
Mobiliario,Suministros,39514300,Toalla continua
Mobiliario,Suministros,39514400,Dispensadores automáticos de papel toalla
Mobiliario,Suministros,39514500,Paños de tocador
Mobiliario,Suministros,39515000,"Cortinas, cortinajes, guardamalletas y estores de materia textil"
Mobiliario,Suministros,39515100,Cortinas
Mobiliario,Suministros,39515110,Cortinas de contención de humos
Mobiliario,Suministros,39515200,Cortinajes
Mobiliario,Suministros,39515300,Guardamalletas
Mobiliario,Suministros,39515400,Estores
Mobiliario,Suministros,39515410,Estores de interior
Mobiliario,Suministros,39515420,Estores de tela
Mobiliario,Suministros,39515430,Persianas venecianas
Mobiliario,Suministros,39515440,Persianas verticales
Mobiliario,Suministros,39516000,Artículos de mobiliario
Mobiliario,Suministros,39516100,Tejidos para mobiliario
Mobiliario,Suministros,39516110,Cojines
Mobiliario,Suministros,39516120,Almohadas
Mobiliario,Suministros,39518000,Ropa de hospital
Mobiliario,Suministros,39518100,Ropa blanca para quirófano
Mobiliario,Suministros,39518200,Sábanas para quirófano
Mobiliario,Suministros,39520000,Artículos textiles de confección
Mobiliario,Suministros,39522000,"Lonas, velas para embarcaciones, tablas de vela o carros de vela, toldos, persianas, tiendas de campaña y artículos para acampar"
Mobiliario,Suministros,39522100,"Lonas, toldos y estores de exterior"
Mobiliario,Suministros,39522110,Lonas
Mobiliario,Suministros,39522120,Toldos
Mobiliario,Suministros,39522130,Estores de exterior
Mobiliario,Suministros,39522200,Fundas de camuflaje
Mobiliario,Suministros,39522400,Velas para embarcaciones
Mobiliario,Suministros,39522500,Artículos de acampada de materia textil
Mobiliario,Suministros,39522510,Colchones neumáticos
Mobiliario,Suministros,39522520,Camas de acampada
Mobiliario,Suministros,39522530,Tiendas de campaña
Mobiliario,Suministros,39522540,Sacos de dormir
Mobiliario,Suministros,39522541,Sacos de dormir rellenos de plumas o de plumón
Mobiliario,Suministros,39523000,Paracaídas
Mobiliario,Suministros,39523100,Paracaídas dirigibles
Mobiliario,Suministros,39523200,Paracaídas con aspas giratorias
Mobiliario,Suministros,39525000,Artículos textiles manufacturados diversos
Mobiliario,Suministros,39525100,Bayetas para el polvo
Mobiliario,Suministros,39525200,Elementos de tela para filtros
Mobiliario,Suministros,39525300,Chalecos salvavidas
Mobiliario,Suministros,39525400,Mantas ignífugas
Mobiliario,Suministros,39525500,Mosquiteros
Mobiliario,Suministros,39525600,Paños de cocina
Mobiliario,Suministros,39525700,Cinturones salvavidas
Mobiliario,Suministros,39525800,Bayetas
Mobiliario,Suministros,39525810,Trapos para encerar
Mobiliario,Suministros,39530000,"Alfombras, esteras y alfombrillas"
Mobiliario,Suministros,39531000,Alfombras
Mobiliario,Suministros,39531100,Alfombrado de nudos
Mobiliario,Suministros,39531200,Alfombrado tejido
Mobiliario,Suministros,39531300,Alfombrado de pelo insertado
Mobiliario,Suministros,39531310,Losetas de moqueta
Mobiliario,Suministros,39531400,Alfombrado
Mobiliario,Suministros,39532000,Esteras
Mobiliario,Suministros,39533000,Alfombrillas
Mobiliario,Suministros,39534000,Alfombrado industrial
Mobiliario,Suministros,39540000,"Cordaje diverso, cuerda, bramante y redes"
Mobiliario,Suministros,39541000,"Cordaje, cuerda, bramante y redes"
Mobiliario,Suministros,39541100,"Bramante, cordaje y cuerda"
Mobiliario,Suministros,39541110,Cuerda
Mobiliario,Suministros,39541120,Cordaje
Mobiliario,Suministros,39541130,Cordel
Mobiliario,Suministros,39541140,Bramante
Mobiliario,Suministros,39541200,Redes de materia textil
Mobiliario,Suministros,39541210,Redes de malla anudada
Mobiliario,Suministros,39541220,Eslingas
Mobiliario,Suministros,39542000,Trapos
Mobiliario,Suministros,39550000,Artículos no tejidos
Mobiliario,Suministros,39560000,Artículos textiles diversos
Mobiliario,Suministros,39561000,"Tul, encaje, cintas y galones, artículos de pasamanería y bordados"
Mobiliario,Suministros,39561100,Cintas y galones; artículos de pasamanería
Mobiliario,Suministros,39561110,Cinta
Mobiliario,Suministros,39561120,Cinta de materia textil
Mobiliario,Suministros,39561130,Etiquetas y escudos de materia textil
Mobiliario,Suministros,39561131,Etiquetas de materia textil
Mobiliario,Suministros,39561132,Escudos de materia textil
Mobiliario,Suministros,39561133,Insignias
Mobiliario,Suministros,39561140,Artículos de pasamanería y ornamentales
Mobiliario,Suministros,39561141,Trenzas
Mobiliario,Suministros,39561142,Hombreras
Mobiliario,Suministros,39561200,Tejidos de punto de malla
Mobiliario,Suministros,39562000,Fieltro
Mobiliario,Suministros,39563000,"Guata de materias textiles, hilados, tejidos y artículos textiles para usos técnicos"
Mobiliario,Suministros,39563100,Guata de materias textiles
Mobiliario,Suministros,39563200,Hilados metalizados
Mobiliario,Suministros,39563300,Tejidos de hilos de metal
Mobiliario,Suministros,39563400,"Tejidos impregnados, recubiertos o revestidos"
Mobiliario,Suministros,39563500,Artículos textiles para usos técnicos
Mobiliario,Suministros,39563510,Mangueras de materia textil
Mobiliario,Suministros,39563520,Cintas transportadoras de materia textil
Mobiliario,Suministros,39563530,Conductos de ventilación
Mobiliario,Suministros,39563600,Productos textiles acolchados
Mobiliario,Suministros,39700000,Aparatos domésticos
Mobiliario,Suministros,39710000,Aparatos electrodomésticos
Mobiliario,Suministros,39711000,Aparatos electrodomésticos destinados a los alimentos
Mobiliario,Suministros,39711100,Refrigeradores y congeladores
Mobiliario,Suministros,39711110,Combinaciones de refrigerador y congelador-conservador
Mobiliario,Suministros,39711120,Congeladores
Mobiliario,Suministros,39711121,Congeladores de arcón
Mobiliario,Suministros,39711122,Congeladores domésticos
Mobiliario,Suministros,39711123,Congeladores verticales
Mobiliario,Suministros,39711124,Congeladores industriales
Mobiliario,Suministros,39711130,Refrigeradores
Mobiliario,Suministros,39711200,Procesadores de alimentos
Mobiliario,Suministros,39711210,Licuadoras
Mobiliario,Suministros,39711211,Batidoras
Mobiliario,Suministros,39711300,Aparatos electrotérmicos
Mobiliario,Suministros,39711310,Cafeteras eléctricas
Mobiliario,Suministros,39711320,Teteras eléctricas
Mobiliario,Suministros,39711330,Tostadores eléctricos
Mobiliario,Suministros,39711340,Calientaplatos
Mobiliario,Suministros,39711350,Aparatos para hacer barquillos
Mobiliario,Suministros,39711360,Hornos
Mobiliario,Suministros,39711361,Hornos eléctricos
Mobiliario,Suministros,39711362,Hornos de microondas
Mobiliario,Suministros,39711400,"Asadores, placas calentadoras y hornillos"
Mobiliario,Suministros,39711410,Asadores
Mobiliario,Suministros,39711420,Placas para calentar comidas
Mobiliario,Suministros,39711430,Placas calentadoras
Mobiliario,Suministros,39711440,Hornillos
Mobiliario,Suministros,39711500,Abrelatas
Mobiliario,Suministros,39712000,Aparatos electrodomésticos para el cuidado del cuerpo humano
Mobiliario,Suministros,39712100,Máquinas de cortar el pelo
Mobiliario,Suministros,39712200,Aparatos de peluquería
Mobiliario,Suministros,39712210,Secadores de pelo
Mobiliario,Suministros,39712300,Aparatos para secar las manos
Mobiliario,Suministros,39713000,Aparatos electrodomésticos para la limpieza; alisadores
Mobiliario,Suministros,39713100,Lavavajillas
Mobiliario,Suministros,39713200,Lavadoras y secadoras
Mobiliario,Suministros,39713210,Lavadoras-secadoras
Mobiliario,Suministros,39713211,Unidad de secado y prensado
Mobiliario,Suministros,39713300,Compactadores de basuras
Mobiliario,Suministros,39713400,Máquinas para mantenimiento de pisos
Mobiliario,Suministros,39713410,Máquinas para limpieza de pisos
Mobiliario,Suministros,39713420,Enceradoras de pisos
Mobiliario,Suministros,39713430,Aspiradoras
Mobiliario,Suministros,39713431,Accesorios para aspiradoras
Mobiliario,Suministros,39713500,Planchas eléctricas
Mobiliario,Suministros,39713510,Planchas de vapor
Mobiliario,Suministros,39714000,Campanas aspirantes para extracción o reciclado
Mobiliario,Suministros,39714100,Mecanismos de ventilación
Mobiliario,Suministros,39714110,Mecanismos de ventilación mediante extracción
Mobiliario,Suministros,39715000,Calentadores de agua y calefacción para edificios; equipo de instalación sanitaria
Mobiliario,Suministros,39715100,"Calentadores eléctricos de agua, instantáneos o de acumulación, y calentadores de inmersión"
Mobiliario,Suministros,39715200,Equipo de calefacción
Mobiliario,Suministros,39715210,Equipo de calefacción central
Mobiliario,Suministros,39715220,Resistencias eléctricas de calentamiento
Mobiliario,Suministros,39715230,Aparatos eléctricos para la calefacción del suelo
Mobiliario,Suministros,39715240,Aparatos eléctricos de calefacción de locales
Mobiliario,Suministros,39715300,Equipo de fontanería
Mobiliario,Suministros,39716000,Partes de aparatos electrodomésticos
Mobiliario,Suministros,39717000,Ventiladores y aparatos de aire acondicionado
Mobiliario,Suministros,39717100,Ventiladores
Mobiliario,Suministros,39717200,Aparatos de aire acondicionado
Mobiliario,Suministros,39720000,Aparatos domésticos no eléctricos
Mobiliario,Suministros,39721000,Aparatos domésticos para cocinar o calentar
Mobiliario,Suministros,39721100,Aparatos domésticos para cocinar
Mobiliario,Suministros,39721200,Frigoríficos de gas
Mobiliario,Suministros,39721300,Generadores o distribuidores de aire caliente no eléctricos
Mobiliario,Suministros,39721310,Generadores de aire caliente
Mobiliario,Suministros,39721320,Secadores de aire
Mobiliario,Suministros,39721321,Secadores de aire comprimido
Mobiliario,Suministros,39721400,"Calentadores de agua, instantáneos o de acumulación, no eléctricos"
Mobiliario,Suministros,39721410,Aparatos de gas
Mobiliario,Suministros,39721411,Calentadores de gas
Mobiliario,Suministros,39722000,"Partes de estufas, cocinas, calientaplatos y aparatos domésticos"
Mobiliario,Suministros,39722100,Partes de estufas
Mobiliario,Suministros,39722200,Partes de cocinas
Mobiliario,Suministros,39722300,Partes de calientaplatos
Mobiliario,Suministros,39800000,Productos de limpieza y pulido
Mobiliario,Suministros,39810000,Preparaciones odoríferas y ceras
Mobiliario,Suministros,39811000,Preparaciones para perfumar o desodorizar ambientes
Mobiliario,Suministros,39811100,Ambientadores
Mobiliario,Suministros,39811110,Dispensadores ambientadores
Mobiliario,Suministros,39811200,Purificadores de aire
Mobiliario,Suministros,39811300,Desodorizadores
Mobiliario,Suministros,39812000,Betunes y cremas
Mobiliario,Suministros,39812100,Ceras para pisos
Mobiliario,Suministros,39812200,Betunes para calzado
Mobiliario,Suministros,39812300,Encáusticos
Mobiliario,Suministros,39812400,Compuestos absorbentes para barrer
Mobiliario,Suministros,39812500,Agentes de estanqueidad
Mobiliario,Suministros,39813000,Pastas y polvos para fregar
Mobiliario,Suministros,39820000,Agentes orgánicos tensoactivos
Mobiliario,Suministros,39821000,Limpiadores con amoniaco
Mobiliario,Suministros,39822000,Limpiadores cáusticos
Mobiliario,Suministros,39830000,Productos de limpieza
Mobiliario,Suministros,39831000,Preparados para lavar
Mobiliario,Suministros,39831100,Dispersantes
Mobiliario,Suministros,39831200,Detergentes
Mobiliario,Suministros,39831210,Detergentes para lavavajillas
Mobiliario,Suministros,39831220,Agentes desengrasantes
Mobiliario,Suministros,39831230,Digestores de grasa
Mobiliario,Suministros,39831240,Compuestos para limpieza
Mobiliario,Suministros,39831250,Soluciones para enjuague
Mobiliario,Suministros,39831300,Limpiasuelos
Mobiliario,Suministros,39831400,Limpiapantallas
Mobiliario,Suministros,39831500,Productos de limpieza para coches
Mobiliario,Suministros,39831600,Limpiainodoros
Mobiliario,Suministros,39831700,Dispensadores automáticos de jabón
Mobiliario,Suministros,39832000,Productos para el lavavajillas
Mobiliario,Suministros,39832100,Detergentes en polvo para el lavavajillas
Mobiliario,Suministros,39833000,Productos contra el polvo
Mobiliario,Suministros,39834000,Soluciones para limpiar joyas
Medio ambiente,Suministros,41000000,Agua recogida y depurada
Medio ambiente,Suministros,41100000,Agua natural
Medio ambiente,Suministros,41110000,Agua potable
Medio ambiente,Suministros,41120000,Agua no potable
Industria y maquinaria,Suministros,42000000,Maquinaria industrial
Industria y maquinaria,Suministros,42100000,Maquinaria para producción y uso de energía mecánica
Industria y maquinaria,Suministros,42110000,Turbinas y motores
Industria y maquinaria,Suministros,42111000,Motores (potencia motriz)
Industria y maquinaria,Suministros,42111100,Motores fueraborda para propulsión marina
Industria y maquinaria,Suministros,42112000,Instalaciones de turbinas
Industria y maquinaria,Suministros,42112100,Turbinas de vapor de agua
Industria y maquinaria,Suministros,42112200,Turbinas hidráulicas
Industria y maquinaria,Suministros,42112210,Ruedas hidráulicas
Industria y maquinaria,Suministros,42112300,Turbinas de gas
Industria y maquinaria,Suministros,42112400,Equipo de turbina
Industria y maquinaria,Suministros,42112410,Instrumentos para turbinas
Industria y maquinaria,Suministros,42113000,Partes de turbinas
Industria y maquinaria,Suministros,42113100,Partes de turbinas de vapor de agua
Industria y maquinaria,Suministros,42113110,Placas de asiento
Industria y maquinaria,Suministros,42113120,Entubado de revestimiento
Industria y maquinaria,Suministros,42113130,Sistemas de refrigeración de aire por condensador
Industria y maquinaria,Suministros,42113150,Sistemas de lubrificación
Industria y maquinaria,Suministros,42113160,Separadores de humedad
Industria y maquinaria,Suministros,42113161,Deshumectadores
Industria y maquinaria,Suministros,42113170,Equipo rotatorio
Industria y maquinaria,Suministros,42113171,Rotores
Industria y maquinaria,Suministros,42113172,Álabes
Industria y maquinaria,Suministros,42113190,Mecanismos de rotación
Industria y maquinaria,Suministros,42113200,Partes de turbinas hidráulicas
Industria y maquinaria,Suministros,42113300,Partes de turbinas de gas
Industria y maquinaria,Suministros,42113310,Sistemas de admisión de aire
Industria y maquinaria,Suministros,42113320,Módulo de inyección de gas
Industria y maquinaria,Suministros,42113390,Sistemas de gas combustible
Industria y maquinaria,Suministros,42113400,Partes de ruedas hidráulicas
Industria y maquinaria,Suministros,42120000,Bombas y compresores
Industria y maquinaria,Suministros,42121000,Máquinas y motores hidráulicos o neumáticos
Industria y maquinaria,Suministros,42121100,Cilindros hidráulicos o neumáticos
Industria y maquinaria,Suministros,42121200,Motores hidráulicos (vehículos)
Industria y maquinaria,Suministros,42121300,Motores neumáticos (vehículos)
Industria y maquinaria,Suministros,42121400,Motores hidráulicos (potencia motriz)
Industria y maquinaria,Suministros,42121500,Motores neumáticos (potencia motriz)
Industria y maquinaria,Suministros,42122000,Bombas (equipos de bombeo)
Industria y maquinaria,Suministros,42122100,Bombas para líquidos
Industria y maquinaria,Suministros,42122110,Bombas para extinción de incendios
Industria y maquinaria,Suministros,42122120,Dispositivos de repostaje de helicópteros
Industria y maquinaria,Suministros,42122130,Bombas de agua
Industria y maquinaria,Suministros,42122160,Bombas de enfriamiento
Industria y maquinaria,Suministros,42122161,Bombas de agua de enfriamiento
Industria y maquinaria,Suministros,42122170,Bombas de lubrificación
Industria y maquinaria,Suministros,42122180,Bombas de alimentación de combustible
Industria y maquinaria,Suministros,42122190,Bombas de hormigón
Industria y maquinaria,Suministros,42122200,Bombas alternativas de desplazamiento positivo para líquidos
Industria y maquinaria,Suministros,42122210,Grupos hidráulicos
Industria y maquinaria,Suministros,42122220,Bombas para aguas residuales
Industria y maquinaria,Suministros,42122230,Bombas dosificadoras
Industria y maquinaria,Suministros,42122300,Elevadores de presión para líquidos
Industria y maquinaria,Suministros,42122400,Bombas centrífugas y elevadores de líquidos
Industria y maquinaria,Suministros,42122410,Bombas para uso médico
Industria y maquinaria,Suministros,42122411,Bombas para uso nutricional
Industria y maquinaria,Suministros,42122419,Bombas de perfusión
Industria y maquinaria,Suministros,42122420,Elevadores de líquidos
Industria y maquinaria,Suministros,42122430,Bombas centrífugas
Industria y maquinaria,Suministros,42122440,Bombas rotatorias
Industria y maquinaria,Suministros,42122450,Bombas de vacío
Industria y maquinaria,Suministros,42122460,Bombas de aire
Industria y maquinaria,Suministros,42122480,Bombas de impulsor
Industria y maquinaria,Suministros,42122500,Bombas de laboratorio y accesorios
Industria y maquinaria,Suministros,42122510,Bombas peristálticas
Industria y maquinaria,Suministros,42123000,Compresores
Industria y maquinaria,Suministros,42123100,Compresores de gas
Industria y maquinaria,Suministros,42123200,Compresores rotatorios
Industria y maquinaria,Suministros,42123300,Compresores para equipos frigoríficos
Industria y maquinaria,Suministros,42123400,Compresores de aire
Industria y maquinaria,Suministros,42123410,Compresores de aire montados
Industria y maquinaria,Suministros,42123500,Turbocompresores
Industria y maquinaria,Suministros,42123600,Compresores volumétricos alternativos
Industria y maquinaria,Suministros,42123610,Grupo de aire comprimido
Industria y maquinaria,Suministros,42123700,Compresores centrífugos
Industria y maquinaria,Suministros,42123800,Compresores para aeronaves civiles
Industria y maquinaria,Suministros,42124000,"Partes de bombas, compresores, máquinas o motores"
Industria y maquinaria,Suministros,42124100,Partes de máquinas o motores
Industria y maquinaria,Suministros,42124130,Partes de máquinas neumáticas
Industria y maquinaria,Suministros,42124150,Partes de máquinas o motores hidráulicos
Industria y maquinaria,Suministros,42124170,Partes de motores de reacción
Industria y maquinaria,Suministros,42124200,Partes de bombas o elevadores de líquidos
Industria y maquinaria,Suministros,42124210,"Partes de bombas para combustible, manuales y para hormigón"
Industria y maquinaria,Suministros,42124211,Partes de bombas para combustible
Industria y maquinaria,Suministros,42124212,Partes de bombas manuales
Industria y maquinaria,Suministros,42124213,Partes de bombas de hormigón
Industria y maquinaria,Suministros,42124220,Partes de bombas alternativas de desplazamiento positivo
Industria y maquinaria,Suministros,42124221,Partes de grupos hidráulicos
Industria y maquinaria,Suministros,42124222,Partes de bombas dosificadoras
Industria y maquinaria,Suministros,42124230,Partes de bombas rotativas de desplazamiento positivo
Industria y maquinaria,Suministros,42124290,Partes de bombas centrífugas
Industria y maquinaria,Suministros,42124300,"Partes de bombas de aire o de vacío, de compresores de aire o de gas"
Industria y maquinaria,Suministros,42124310,Partes de bombas de aire
Industria y maquinaria,Suministros,42124320,Partes de bombas de vacío
Industria y maquinaria,Suministros,42124330,Partes de compresores de aire
Industria y maquinaria,Suministros,42124340,Partes de compresores de gas
Industria y maquinaria,Suministros,42130000,"Grifos, llaves, válvulas y aparatos similares"
Industria y maquinaria,Suministros,42131000,"Grifos, llaves y válvulas"
Industria y maquinaria,Suministros,42131100,Válvulas definidas según su función
Industria y maquinaria,Suministros,42131110,Válvulas de radiador de calefacción central
Industria y maquinaria,Suministros,42131120,Válvulas de esclusa
Industria y maquinaria,Suministros,42131130,Reguladores de temperatura
Industria y maquinaria,Suministros,42131140,"Válvulas reductoras de presión, de control, de registro o seguridad"
Industria y maquinaria,Suministros,42131141,Válvulas reductoras de presión
Industria y maquinaria,Suministros,42131142,Válvulas de control
Industria y maquinaria,Suministros,42131143,Válvulas de regulación de crecidas
Industria y maquinaria,Suministros,42131144,Válvulas de regulación
Industria y maquinaria,Suministros,42131145,Válvulas de registro
Industria y maquinaria,Suministros,42131146,Válvulas antirretorno
Industria y maquinaria,Suministros,42131147,Válvulas de seguridad
Industria y maquinaria,Suministros,42131148,Válvulas de cierre
Industria y maquinaria,Suministros,42131150,Válvulas de columnas hidráulicas
Industria y maquinaria,Suministros,42131160,Hidrantes
Industria y maquinaria,Suministros,42131170,Válvulas de escape de botellas y bombonas de gas
Industria y maquinaria,Suministros,42131200,Válvulas definidas según su construcción
Industria y maquinaria,Suministros,42131210,Válvulas de cuchilla
Industria y maquinaria,Suministros,42131220,Válvulas de tubería forzada
Industria y maquinaria,Suministros,42131230,Válvulas de compuerta
Industria y maquinaria,Suministros,42131240,Válvulas de asiento
Industria y maquinaria,Suministros,42131250,Válvulas de aguja
Industria y maquinaria,Suministros,42131260,Válvulas esféricas
Industria y maquinaria,Suministros,42131270,Válvulas de obturación (de macho cónico)
Industria y maquinaria,Suministros,42131280,Válvulas de mariposa
Industria y maquinaria,Suministros,42131290,Válvulas de membrana
Industria y maquinaria,Suministros,42131291,Válvulas de corredera
Industria y maquinaria,Suministros,42131292,Válvulas de clapeta
Industria y maquinaria,Suministros,42131300,"""Árboles de Navidad"" y demás conjuntos de válvulas"
Industria y maquinaria,Suministros,42131310,"""Árboles de Navidad"" de plataforma petrolífera"
Industria y maquinaria,Suministros,42131320,Colectores de estrangulamiento
Industria y maquinaria,Suministros,42131390,Conjuntos de válvulas
Industria y maquinaria,Suministros,42131400,"Grifos, llaves para uso sanitario"
Industria y maquinaria,Suministros,42132000,Partes de grifos y válvulas
Industria y maquinaria,Suministros,42132100,Servoválvulas
Industria y maquinaria,Suministros,42132110,Servoválvulas eléctricas
Industria y maquinaria,Suministros,42132120,Servoválvulas hidráulicas
Industria y maquinaria,Suministros,42132130,Servoválvulas neumáticas
Industria y maquinaria,Suministros,42132200,Partes de grifos
Industria y maquinaria,Suministros,42132300,Partes de válvulas
Industria y maquinaria,Suministros,42140000,"Engranajes, ruedas de fricción y elementos de transmisión"
Industria y maquinaria,Suministros,42141000,"Engranajes, ruedas de fricción y elementos de transmisión cilíndrico-rectos"
Industria y maquinaria,Suministros,42141100,"Árboles de transmisión, árboles de levas y cigÃ¼eñales"
Industria y maquinaria,Suministros,42141110,Árboles de transmisión
Industria y maquinaria,Suministros,42141120,Árboles de levas
Industria y maquinaria,Suministros,42141130,CigÃ¼eñales
Industria y maquinaria,Suministros,42141200,Cajas de cojinetes
Industria y maquinaria,Suministros,42141300,Engranajes y ruedas de fricción
Industria y maquinaria,Suministros,42141400,Volantes y poleas
Industria y maquinaria,Suministros,42141410,Chigres
Industria y maquinaria,Suministros,42141500,Embragues
Industria y maquinaria,Suministros,42141600,Motones
Industria y maquinaria,Suministros,42141700,Órganos de acoplamiento
Industria y maquinaria,Suministros,42141800,Juntas de articulación
Industria y maquinaria,Suministros,42142000,Partes de ruedas de fricción y de elementos de transmisión
Industria y maquinaria,Suministros,42142100,Partes de ruedas de fricción
Industria y maquinaria,Suministros,42142200,Partes de elementos de transmisión
Industria y maquinaria,Suministros,42150000,Reactores nucleares y sus partes
Industria y maquinaria,Suministros,42151000,Reactores nucleares
Industria y maquinaria,Suministros,42152000,Partes de reactores nucleares
Industria y maquinaria,Suministros,42152100,Sistemas de refrigeración de reactores
Industria y maquinaria,Suministros,42152200,Partes de cubas de seguridad de reactores nucleares
Industria y maquinaria,Suministros,42160000,Instalaciones de calderas
Industria y maquinaria,Suministros,42161000,Calderas de agua caliente
Industria y maquinaria,Suministros,42162000,Calderas generadoras de vapor
Industria y maquinaria,Suministros,42163000,Generadores de vapor
Industria y maquinaria,Suministros,42164000,Instalaciones auxiliares para calderas
Industria y maquinaria,Suministros,42165000,Condensadores de vapor
Industria y maquinaria,Suministros,42200000,"Máquinas y aparatos para la elaboración de alimentos, bebidas y tabaco, y sus partes"
Industria y maquinaria,Suministros,42210000,"Máquinas y aparatos para la elaboración de alimentos, bebidas y tabaco"
Industria y maquinaria,Suministros,42211000,Máquinas y aparatos para la industria lechera
Industria y maquinaria,Suministros,42211100,Desnatadoras centrífugas
Industria y maquinaria,Suministros,42212000,Máquinas y aparatos para procesar cereales o legumbres secas
Industria y maquinaria,Suministros,42213000,Máquinas y aparatos usados para la producción de bebidas alcohólicas o jugos de frutas
Industria y maquinaria,Suministros,42214000,"Hornos de cocina, secadores para productos agrícolas y equipo para cocinar o calentar"
Industria y maquinaria,Suministros,42214100,Hornos de cocina
Industria y maquinaria,Suministros,42214110,Parrillas
Industria y maquinaria,Suministros,42214200,Secadores para productos agrícolas
Industria y maquinaria,Suministros,42215000,Máquinas y aparatos para la preparación o la fabricación industrial de alimentos o bebidas
Industria y maquinaria,Suministros,42215100,Máquinas y aparatos para cortar alimentos
Industria y maquinaria,Suministros,42215110,Rebanadoras de pan
Industria y maquinaria,Suministros,42215120,Cortafiambres
Industria y maquinaria,Suministros,42215200,Máquinas y aparatos para procesar alimentos
Industria y maquinaria,Suministros,42215300,Máquinas para la fabricación de pastas alimenticias
Industria y maquinaria,Suministros,42216000,Máquinas y aparatos para procesar tabaco
Industria y maquinaria,Suministros,42220000,"Partes de máquinas y aparatos para procesar alimentos, bebidas y tabaco"
Industria y maquinaria,Suministros,42221000,Partes de máquinas y aparatos para procesar alimentos
Industria y maquinaria,Suministros,42221100,Partes de máquinas y aparatos para la industria láctea
Industria y maquinaria,Suministros,42221110,Partes de ordeñadoras
Industria y maquinaria,Suministros,42222000,Partes de máquinas y aparatos para procesar bebidas
Industria y maquinaria,Suministros,42223000,Partes de máquinas y aparatos para procesar tabaco
Industria y maquinaria,Suministros,42300000,Hornos e incineradores industriales o de laboratorio
Industria y maquinaria,Suministros,42310000,Quemadores para la alimentación de hornos
Industria y maquinaria,Suministros,42320000,Incineradores de residuos
Industria y maquinaria,Suministros,42330000,Hornos de fusión
Industria y maquinaria,Suministros,42340000,Hornos de uso no doméstico
Industria y maquinaria,Suministros,42341000,Hornos comerciales
Industria y maquinaria,Suministros,42350000,Crematorios
Industria y maquinaria,Suministros,42390000,Partes de quemadores o de hornos
Industria y maquinaria,Suministros,42400000,"Equipos de elevación y manipulación, y sus partes"
Industria y maquinaria,Suministros,42410000,Equipos de elevación y de manipulación
Industria y maquinaria,Suministros,42411000,Polipastos y elevadores
Industria y maquinaria,Suministros,42412000,Tornos para los pozos de minas; tornos para el interior de las minas; cabrestantes
Industria y maquinaria,Suministros,42412100,Tornos para los pozos de minas y tornos para el interior de las minas
Industria y maquinaria,Suministros,42412110,Máquinas extractoras
Industria y maquinaria,Suministros,42412120,Tornos para el interior de las minas
Industria y maquinaria,Suministros,42412200,Cabrestantes
Industria y maquinaria,Suministros,42413000,Gatos y elevadores de vehículos
Industria y maquinaria,Suministros,42413100,Elevadores fijos
Industria y maquinaria,Suministros,42413200,Gatos hidráulicos
Industria y maquinaria,Suministros,42413300,Gatos neumáticos
Industria y maquinaria,Suministros,42413400,Gatos mecánicos
Industria y maquinaria,Suministros,42413500,Elevadores de vehículos
Industria y maquinaria,Suministros,42414000,"Grúas, pórticos móviles sobre neumáticos y carretillas grúa"
Industria y maquinaria,Suministros,42414100,Grúas
Industria y maquinaria,Suministros,42414110,Grúas de puerto
Industria y maquinaria,Suministros,42414120,Grúas de muelle
Industria y maquinaria,Suministros,42414130,Grúas de apilamiento
Industria y maquinaria,Suministros,42414140,Grúas de contenedores
Industria y maquinaria,Suministros,42414150,Grúas de torre
Industria y maquinaria,Suministros,42414200,Puentes rodantes
Industria y maquinaria,Suministros,42414210,Grúa locomóvil
Industria y maquinaria,Suministros,42414220,Puente transbordador
Industria y maquinaria,Suministros,42414300,Grúas de brazo de pórtico
Industria y maquinaria,Suministros,42414310,Pórticos móviles
Industria y maquinaria,Suministros,42414320,Postes grúa
Industria y maquinaria,Suministros,42414400,Grúas montadas en vehículos
Industria y maquinaria,Suministros,42414410,Grúas para camiones
Industria y maquinaria,Suministros,42414500,Puentes grúa
Industria y maquinaria,Suministros,42415000,"Carretillas elevadoras de horquilla, carretillas-automóviles, carretillas tractor de estación de ferrocarril"
Industria y maquinaria,Suministros,42415100,Carretillas elevadoras
Industria y maquinaria,Suministros,42415110,Carretillas elevadoras de horquilla
Industria y maquinaria,Suministros,42415200,Carretillas-automóviles
Industria y maquinaria,Suministros,42415210,Carretillas-automóviles dotadas de equipo para manipulación
Industria y maquinaria,Suministros,42415300,Carretillas tractor del tipo de las utilizadas en las estaciones de ferrocarril
Industria y maquinaria,Suministros,42415310,Vehículos con dirección inalámbrica
Industria y maquinaria,Suministros,42415320,Equipamiento para vehículos de emergencia
Industria y maquinaria,Suministros,42416000,"Ascensores, montacargas de cajón de vía inclinada, aparatos de elevación, escaleras mecánicas y pasillos móviles"
Industria y maquinaria,Suministros,42416100,Ascensores
Industria y maquinaria,Suministros,42416110,Elevadores para bañeras
Industria y maquinaria,Suministros,42416120,Montacargas pequeños
Industria y maquinaria,Suministros,42416130,Elevadores mecánicos
Industria y maquinaria,Suministros,42416200,Montacargas de cajón de vía inclinada
Industria y maquinaria,Suministros,42416210,Elevadores de recipientes acumuladores
Industria y maquinaria,Suministros,42416300,Aparatos de elevación
Industria y maquinaria,Suministros,42416400,Escaleras mecánicas
Industria y maquinaria,Suministros,42416500,Pasillos móviles
Industria y maquinaria,Suministros,42417000,Elevadores y transportadores
Industria y maquinaria,Suministros,42417100,Elevadores o transportadores neumáticos
Industria y maquinaria,Suministros,42417200,Transportadores
Industria y maquinaria,Suministros,42417210,"Elevadores o transportadores, de acción continua, de tipo cangilón"
Industria y maquinaria,Suministros,42417220,"Elevadores o transportadores de acción continua, de banda o correa"
Industria y maquinaria,Suministros,42417230,Transportadores para minería con blindaje frontal
Industria y maquinaria,Suministros,42417300,Equipo de transporte
Industria y maquinaria,Suministros,42417310,Correas transportadoras
Industria y maquinaria,Suministros,42418000,"Máquinas de elevación, manipulación, carga o descarga"
Industria y maquinaria,Suministros,42418100,Empujavagones para minas y transbordadores de locomotoras o vagones
Industria y maquinaria,Suministros,42418200,Equipo de monocarril o de remonte de esquí
Industria y maquinaria,Suministros,42418210,Monorraíles aéreos
Industria y maquinaria,Suministros,42418220,Telesillas
Industria y maquinaria,Suministros,42418290,Equipo de telesquís
Industria y maquinaria,Suministros,42418300,Equipos de recogida con punta abocinada
Industria y maquinaria,Suministros,42418400,Carruseles para almacenamiento y recuperación
Industria y maquinaria,Suministros,42418500,Equipo mecánico de manipulación
Industria y maquinaria,Suministros,42418900,Maquinaria de carga o manipulación
Industria y maquinaria,Suministros,42418910,Equipo de carga
Industria y maquinaria,Suministros,42418920,Equipo de descarga
Industria y maquinaria,Suministros,42418930,Cargadores laterales
Industria y maquinaria,Suministros,42418940,Equipo de manipulación de contenedores
Industria y maquinaria,Suministros,42419000,Partes de equipos de elevación y manipulación
Industria y maquinaria,Suministros,42419100,Partes de grúas
Industria y maquinaria,Suministros,42419200,Partes de carretillas-automóviles
Industria y maquinaria,Suministros,42419500,"Partes de ascensores, montacargas de cajón de vía inclinada o escaleras mecánicas"
Industria y maquinaria,Suministros,42419510,Partes de ascensores
Industria y maquinaria,Suministros,42419520,Partes de montacargas de cajón de vía inclinada
Industria y maquinaria,Suministros,42419530,Partes de escaleras mecánicas
Industria y maquinaria,Suministros,42419540,Partes de pasillos móviles
Industria y maquinaria,Suministros,42419800,Partes de transportadores
Industria y maquinaria,Suministros,42419810,Partes de correas transportadoras
Industria y maquinaria,Suministros,42419890,Partes de transportadores de tipo cangilón
Industria y maquinaria,Suministros,42419900,Partes de cabrestantes y demás equipos de elevación o manipulación
Industria y maquinaria,Suministros,42420000,"Cangilones, cucharas, cucharas de almeja, palas y garras o pinzas para grúas o excavadoras"
Industria y maquinaria,Suministros,42500000,Equipos de refrigeración y ventilación
Industria y maquinaria,Suministros,42510000,"Intercambiadores de calor, equipos de aire acondicionado y refrigeración y aparatos para filtrar"
Industria y maquinaria,Suministros,42511000,Intercambiadores de calor y aparatos para la licuefacción de aire u otros gases
Industria y maquinaria,Suministros,42511100,Intercambiadores de calor
Industria y maquinaria,Suministros,42511110,Bombas de calor
Industria y maquinaria,Suministros,42511200,Aparatos para la licuefacción de aire u otros gases
Industria y maquinaria,Suministros,42512000,Instalaciones de aire acondicionado
Industria y maquinaria,Suministros,42512100,Acondicionadores de aire para ventanas
Industria y maquinaria,Suministros,42512200,Acondicionadores de aire para empotrar
Industria y maquinaria,Suministros,42512300,Unidades de climatización
Industria y maquinaria,Suministros,42512400,Acondicionadores de aire para vehículos
Industria y maquinaria,Suministros,42512500,Partes de acondicionadores de aire
Industria y maquinaria,Suministros,42512510,Reguladores de tiro
Industria y maquinaria,Suministros,42512520,Rejillas de ventilación
Industria y maquinaria,Suministros,42513000,Equipos de refrigeración y congelación
Industria y maquinaria,Suministros,42513100,Equipo de congelación
Industria y maquinaria,Suministros,42513200,Equipo de refrigeración
Industria y maquinaria,Suministros,42513210,Vitrinas frigoríficas
Industria y maquinaria,Suministros,42513220,Mostradores refrigerados
Industria y maquinaria,Suministros,42513290,Equipo frigorífico comercial
Industria y maquinaria,Suministros,42514000,Maquinaria y aparatos de filtrado o purificación de gases
Industria y maquinaria,Suministros,42514200,Depuradores electrostáticos de aire y gases
Industria y maquinaria,Suministros,42514300,Aparatos de filtrado
Industria y maquinaria,Suministros,42514310,Filtros de aire
Industria y maquinaria,Suministros,42514320,Filtros de gas
Industria y maquinaria,Suministros,42515000,Caldera de calefacción urbana
Industria y maquinaria,Suministros,42520000,Equipo de ventilación
Industria y maquinaria,Suministros,42521000,Equipo de extracción de humos
Industria y maquinaria,Suministros,42522000,Ventiladores de uso no doméstico
Industria y maquinaria,Suministros,42522100,Partes de ventiladores
Industria y maquinaria,Suministros,42530000,"Partes de equipos refrigeradores y congeladores, y de bombas de calor"
Industria y maquinaria,Suministros,42531000,Partes de equipos refrigeradores
Industria y maquinaria,Suministros,42532000,Partes de equipos congeladores
Industria y maquinaria,Suministros,42533000,Partes de bombas de calor
Industria y maquinaria,Suministros,42600000,Máquinas herramienta
Industria y maquinaria,Suministros,42610000,Máquinas herramienta que funcionan con láser y centros de mecanizado
Industria y maquinaria,Suministros,42611000,Máquinas herramienta para usos especiales
Industria y maquinaria,Suministros,42612000,Centro de mecanizado
Industria y maquinaria,Suministros,42612100,Centro de mecanizado de eje horizontal
Industria y maquinaria,Suministros,42612200,Centro de mecanizado de eje vertical
Industria y maquinaria,Suministros,42620000,Tornos y máquinas herramienta para taladrar y fresar
Industria y maquinaria,Suministros,42621000,Tornos
Industria y maquinaria,Suministros,42621100,Torno CNC
Industria y maquinaria,Suministros,42622000,"Máquinas de roscar ""terrajar o filetear"""
Industria y maquinaria,Suministros,42623000,Máquinas para fresar
Industria y maquinaria,Suministros,42630000,Máquinas herramienta para trabajar metales
Industria y maquinaria,Suministros,42631000,Máquinas herramienta para acabado de metales
Industria y maquinaria,Suministros,42632000,Máquinas de control numérico para metales
Industria y maquinaria,Suministros,42633000,"Máquinas para curvar, plegar, enderezar o aplanar"
Industria y maquinaria,Suministros,42634000,Máquinas para forjar
Industria y maquinaria,Suministros,42635000,Máquinas para estampar
Industria y maquinaria,Suministros,42636000,Prensas
Industria y maquinaria,Suministros,42636100,Prensas hidráulicas
Industria y maquinaria,Suministros,42637000,"Máquinas herramienta para taladrar, mandrinar o fresar metales"
Industria y maquinaria,Suministros,42637100,Máquinas herramienta para taladrar metales
Industria y maquinaria,Suministros,42637200,Máquinas herramienta para mandrinar metales
Industria y maquinaria,Suministros,42637300,Máquinas herramienta para fresar metales
Industria y maquinaria,Suministros,42638000,Centro de mecanizado para trabajar metales
Industria y maquinaria,Suministros,42640000,"Máquinas herramienta para trabajar materiales duros, excepto metales"
Industria y maquinaria,Suministros,42641000,"Máquinas herramienta para trabajar piedra, cerámica, hormigón o vidrio"
Industria y maquinaria,Suministros,42641100,Máquinas herramienta para trabajar piedra
Industria y maquinaria,Suministros,42641200,Máquinas herramienta para trabajar cerámica
Industria y maquinaria,Suministros,42641300,Máquinas herramienta para trabajar hormigón
Industria y maquinaria,Suministros,42641400,Máquinas herramienta para trabajar vidrio
Industria y maquinaria,Suministros,42642000,"Máquinas herramienta para trabajar madera, hueso, corcho, caucho endurecido o plásticos duros"
Industria y maquinaria,Suministros,42642100,Máquinas herramienta para trabajar madera
Industria y maquinaria,Suministros,42642200,Máquinas herramienta para trabajar hueso
Industria y maquinaria,Suministros,42642300,Máquinas herramienta para trabajar corcho
Industria y maquinaria,Suministros,42642400,Máquinas herramienta para trabajar caucho endurecido
Industria y maquinaria,Suministros,42642500,Máquinas herramienta para trabajar plásticos duros
Industria y maquinaria,Suministros,42650000,Herramientas manuales neumáticas o con motor
Industria y maquinaria,Suministros,42651000,Herramientas manuales neumáticas
Industria y maquinaria,Suministros,42652000,Herramientas electromecánicas de uso manual
Industria y maquinaria,Suministros,42660000,"Herramientas para soldadura blanda y soldadura fuerte, máquinas y equipo para templado de superficies y pulverización en caliente"
Industria y maquinaria,Suministros,42661000,Equipos de soldadura blanda y de soldadura fuerte
Industria y maquinaria,Suministros,42661100,Equipo de soldadura blanda
Industria y maquinaria,Suministros,42661200,Equipo de soldadura fuerte
Industria y maquinaria,Suministros,42662000,Equipo de soldadura
Industria y maquinaria,Suministros,42662100,Equipo eléctrico de soldadura
Industria y maquinaria,Suministros,42662200,Equipo no eléctrico de soldadura
Industria y maquinaria,Suministros,42663000,Máquina para templado de superficies
Industria y maquinaria,Suministros,42664000,Equipo de fusión
Industria y maquinaria,Suministros,42664100,Equipo de fusión para plásticos
Industria y maquinaria,Suministros,42665000,Máquinas de metalización por aspersión de metal licuado
Industria y maquinaria,Suministros,42670000,Partes y accesorios de máquinas herramienta
Industria y maquinaria,Suministros,42671000,Ãštiles portaherramientas
Industria y maquinaria,Suministros,42671100,Portaherramientas de laboratorio
Industria y maquinaria,Suministros,42671110,Gradilla de tubos de ensayo para baños
Industria y maquinaria,Suministros,42672000,Portapiezas para máquinas herramienta
Industria y maquinaria,Suministros,42673000,Dispositivos divisores especiales para máquinas herramienta
Industria y maquinaria,Suministros,42674000,Partes y accesorios de máquinas herramienta para trabajar metales
Industria y maquinaria,Suministros,42675000,Partes y accesorios de máquinas herramienta para trabajar materiales duros
Industria y maquinaria,Suministros,42675100,Partes de sierras de cadena
Industria y maquinaria,Suministros,42676000,Partes de herramientas manuales
Industria y maquinaria,Suministros,42677000,Partes de herramientas neumáticas
Industria y maquinaria,Suministros,42700000,"Maquinaria para la fabricación de materias textiles, prendas de vestir y cuero"
Industria y maquinaria,Suministros,42710000,Maquinaria para la industria textil
Industria y maquinaria,Suministros,42711000,Máquinas para procesar materias textiles manufacturadas
Industria y maquinaria,Suministros,42712000,Máquinas para el hilado de materias textiles
Industria y maquinaria,Suministros,42713000,Telares
Industria y maquinaria,Suministros,42714000,Tricotosas
Industria y maquinaria,Suministros,42715000,Máquinas de coser
Industria y maquinaria,Suministros,42716000,Máquinas para lavar y para secar ropa y máquinas para limpieza en seco
Industria y maquinaria,Suministros,42716100,Instalación de lavado
Industria y maquinaria,Suministros,42716110,Equipo de lavado
Industria y maquinaria,Suministros,42716120,Lavadoras
Industria y maquinaria,Suministros,42716130,Máquinas para limpieza en seco
Industria y maquinaria,Suministros,42716200,Secadoras
Industria y maquinaria,Suministros,42717000,Equipo de planchado y plegado de ropa blanca
Industria y maquinaria,Suministros,42717100,Equipo de plegado de ropa blanca
Industria y maquinaria,Suministros,42718000,Máquinas de acabado de textiles
Industria y maquinaria,Suministros,42718100,Máquinas de planchado
Industria y maquinaria,Suministros,42718200,Prensas de planchado
Industria y maquinaria,Suministros,42720000,Partes de máquinas y aparatos para la producción de materias textiles y prendas de vestir
Industria y maquinaria,Suministros,42800000,Maquinaria para la producción de papel o cartón
Industria y maquinaria,Suministros,42810000,Partes de máquinas para la producción de papel o cartón
Industria y maquinaria,Suministros,42900000,Máquinas diversas para usos generales y especiales
Industria y maquinaria,Suministros,42910000,"Aparatos de destilación, filtración o rectificación"
Industria y maquinaria,Suministros,42912000,Maquinaria y aparatos para filtrar o depurar líquidos
Industria y maquinaria,Suministros,42912100,Máquinas y aparatos para filtrar líquidos
Industria y maquinaria,Suministros,42912110,Aparatos para filtrar lodos de perforación
Industria y maquinaria,Suministros,42912120,Hidrociclones
Industria y maquinaria,Suministros,42912130,Aparatos de filtrado o depuración de bebidas
Industria y maquinaria,Suministros,42912300,Maquinaria y aparatos para filtrar o depurar agua
Industria y maquinaria,Suministros,42912310,Aparatos para filtrar agua
Industria y maquinaria,Suministros,42912320,Aparatos de desaeración
Industria y maquinaria,Suministros,42912330,Aparatos para depurar agua
Industria y maquinaria,Suministros,42912340,Aparatos para desalinizar
Industria y maquinaria,Suministros,42912350,Equipo para planta de filtrado
Industria y maquinaria,Suministros,42913000,"Filtros de aceite, de carburante y de entrada de aire"
Industria y maquinaria,Suministros,42913300,Filtros de aceite
Industria y maquinaria,Suministros,42913400,Filtros de carburante
Industria y maquinaria,Suministros,42913500,Filtros de entrada de aire
Industria y maquinaria,Suministros,42914000,Equipo de reciclado
Industria y maquinaria,Suministros,42920000,"Máquinas y aparatos para limpiar botellas, empaquetar y pesar, y máquinas y aparatos para pulverizar"
Industria y maquinaria,Suministros,42921000,"Máquinas y aparatos para limpiar, llenar, empaquetar o envolver botellas y demás recipientes"
Industria y maquinaria,Suministros,42921100,Máquinas y aparatos para limpiar o secar botellas y demás recipientes
Industria y maquinaria,Suministros,42921200,"Máquinas y aparatos para llenar y capsular botellas, latas y demás recipientes"
Industria y maquinaria,Suministros,42921300,Máquinas y aparatos para empaquetar o envolver
Industria y maquinaria,Suministros,42921310,Aparatos para zunchar envases
Industria y maquinaria,Suministros,42921320,Máquinas para empaquetar
Industria y maquinaria,Suministros,42921330,Máquinas para envolver
Industria y maquinaria,Suministros,42923000,Instrumentos y aparatos de pesar y balanzas
Industria y maquinaria,Suministros,42923100,Instrumentos y aparatos de pesar
Industria y maquinaria,Suministros,42923110,Balanzas
Industria y maquinaria,Suministros,42923200,Básculas
Industria y maquinaria,Suministros,42923210,Balanzas de tienda
Industria y maquinaria,Suministros,42923220,Básculas de pesada continua de mercancías
Industria y maquinaria,Suministros,42923230,Básculas de control de pesos
Industria y maquinaria,Suministros,42924200,Máquinas de chorro de arena o de vapor
Industria y maquinaria,Suministros,42924300,Equipo de pulverización
Industria y maquinaria,Suministros,42924310,Pistoletes de pulverización
Industria y maquinaria,Suministros,42924700,"Aparatos mecánicos para proyectar, dispersar o pulverizar"
Industria y maquinaria,Suministros,42924710,Aparatos para dispersar gases
Industria y maquinaria,Suministros,42924720,Equipo de descontaminación
Industria y maquinaria,Suministros,42924730,Aparatos de limpieza por agua a presión
Industria y maquinaria,Suministros,42924740,Aparatos de limpieza de alta presión
Industria y maquinaria,Suministros,42924790,Aparatos para enmascarar olores
Industria y maquinaria,Suministros,42930000,"Centrifugadoras, calandrias o máquinas automáticas distribuidoras"
Industria y maquinaria,Suministros,42931000,Centrifugadoras
Industria y maquinaria,Suministros,42931100,Centrifugadoras de laboratorio y accesorios
Industria y maquinaria,Suministros,42931110,Centrifugadoras de pie
Industria y maquinaria,Suministros,42931120,Centrifugadoras de mesa
Industria y maquinaria,Suministros,42931130,Reductores para centrifugadoras
Industria y maquinaria,Suministros,42931140,Equipo rotatorio para centrifugadoras
Industria y maquinaria,Suministros,42932000,Calandrias
Industria y maquinaria,Suministros,42932100,Laminadores
Industria y maquinaria,Suministros,42933000,Máquinas automáticas distribuidoras
Industria y maquinaria,Suministros,42933100,Máquinas automáticas distribuidoras de productos sanitarios
Industria y maquinaria,Suministros,42933200,Máquinas expendedoras automáticas de sellos
Industria y maquinaria,Suministros,42933300,Máquinas automáticas distribuidoras de productos
Industria y maquinaria,Suministros,42940000,Maquinaria para el tratamiento térmico de materiales
Industria y maquinaria,Suministros,42941000,Maquinaria para el tratamiento térmico de gases
Industria y maquinaria,Suministros,42942000,Hornos y accesorios
Industria y maquinaria,Suministros,42942200,Hornos de vacío
Industria y maquinaria,Suministros,42943000,Baños termostáticos y accesorios
Industria y maquinaria,Suministros,42943100,Serpentín de refrigeración
Industria y maquinaria,Suministros,42943200,Baños de ultrasonidos
Industria y maquinaria,Suministros,42943210,Termostatos de inmersión
Industria y maquinaria,Suministros,42943300,Enfriadores de inmersión
Industria y maquinaria,Suministros,42943400,Circuladores refrigerados y refrigerados/de calefacción
Industria y maquinaria,Suministros,42943500,Enfriadores de recirculación
Industria y maquinaria,Suministros,42943600,Circuladores de alta temperatura
Industria y maquinaria,Suministros,42943700,Circuladores de calefacción
Industria y maquinaria,Suministros,42943710,Tapas de baño
Industria y maquinaria,Suministros,42950000,Partes de máquinas de uso general
Industria y maquinaria,Suministros,42952000,Partes de centrifugadoras
Industria y maquinaria,Suministros,42953000,Partes de calandrias
Industria y maquinaria,Suministros,42954000,Partes de máquinas laminadoras
Industria y maquinaria,Suministros,42955000,Partes de máquinas de filtrado
Industria y maquinaria,Suministros,42956000,Partes de máquinas depuradoras
Industria y maquinaria,Suministros,42957000,Partes de máquinas de pulverización
Industria y maquinaria,Suministros,42958000,Pesas para máquinas de pesaje
Industria y maquinaria,Suministros,42959000,Lavavajillas industriales
Industria y maquinaria,Suministros,42960000,"Sistema de mando y control, equipo gráfico, de impresión, ofimático y de procesamiento de la información"
Industria y maquinaria,Suministros,42961000,Sistema de mando y control
Industria y maquinaria,Suministros,42961100,Sistema de control de acceso
Industria y maquinaria,Suministros,42961200,Sistema Scada o equivalente
Industria y maquinaria,Suministros,42961300,Sistema de localización de vehículos
Industria y maquinaria,Suministros,42961400,Sistema de expedición
Industria y maquinaria,Suministros,42962000,Equipo gráfico y de impresión
Industria y maquinaria,Suministros,42962100,Sistema de impresión sobre película
Industria y maquinaria,Suministros,42962200,Prensa de imprimir
Industria y maquinaria,Suministros,42962300,Puestos de trabajo para la realización de gráficos
Industria y maquinaria,Suministros,42962400,Hectógrafos
Industria y maquinaria,Suministros,42962500,Máquinas para grabado
Industria y maquinaria,Suministros,42963000,Prensa para monedas
Industria y maquinaria,Suministros,42964000,Equipo de ofimática
Industria y maquinaria,Suministros,42965000,Equipo de procesamiento de la información
Industria y maquinaria,Suministros,42965100,Sistema de gestión de almacenes
Industria y maquinaria,Suministros,42965110,Sistema de depósito
Industria y maquinaria,Suministros,42967000,Controlador
Industria y maquinaria,Suministros,42967100,Unidad de control remoto digital
Industria y maquinaria,Suministros,42968000,Distribuidores
Industria y maquinaria,Suministros,42968100,Distribuidores de bebidas
Industria y maquinaria,Suministros,42968200,Distribuidores de artículos higiénicos
Industria y maquinaria,Suministros,42968300,Sistema portarrollos para papel higiénico
Industria y maquinaria,Suministros,42970000,"Partes de lavavajillas y máquinas de limpieza, llenado, empaquetado o embalado"
Industria y maquinaria,Suministros,42971000,Partes de lavavajillas
Industria y maquinaria,Suministros,42972000,Partes de máquinas de limpieza
Industria y maquinaria,Suministros,42973000,Partes de máquinas de llenado
Industria y maquinaria,Suministros,42974000,Partes de máquinas de empaquetado
Industria y maquinaria,Suministros,42975000,Partes de envolvedoras
Industria y maquinaria,Suministros,42980000,Generadores de gas
Industria y maquinaria,Suministros,42981000,Generadores de ozono
Industria y maquinaria,Suministros,42990000,Máquinas diversas para usos especiales
Industria y maquinaria,Suministros,42991000,"Maquinaria para la producción de papel, la impresión y la encuadernación, y sus partes"
Industria y maquinaria,Suministros,42991100,Máquinas y aparatos para encuadernación
Industria y maquinaria,Suministros,42991110,Máquinas para coser pliegos
Industria y maquinaria,Suministros,42991200,Maquinaria de imprenta
Industria y maquinaria,Suministros,42991210,Impresoras offset
Industria y maquinaria,Suministros,42991220,Máquinas de composición
Industria y maquinaria,Suministros,42991230,Impresoras de billetes
Industria y maquinaria,Suministros,42991300,Sistema de fotocomposición
Industria y maquinaria,Suministros,42991400,"Secadoras de madera, pasta de papel, papel o cartón"
Industria y maquinaria,Suministros,42991500,Partes de máquinas y aparatos para impresión y encuadernación
Industria y maquinaria,Suministros,42992000,Materiales eléctricos para usos especiales
Industria y maquinaria,Suministros,42992100,Pantalla Faraday
Industria y maquinaria,Suministros,42992200,Cámara anecoica
Industria y maquinaria,Suministros,42992300,Material electromagnético absorbente
Industria y maquinaria,Suministros,42993000,Maquinaria para la industria química
Industria y maquinaria,Suministros,42993100,Cloradores
Industria y maquinaria,Suministros,42993200,Planta dosificadora
Industria y maquinaria,Suministros,42994000,Máquinas para trabajar caucho o plásticos
Industria y maquinaria,Suministros,42994100,Máquinas para la fabricación de ventanas y marcos de plástico
Industria y maquinaria,Suministros,42994200,Máquinas para trabajar plásticos
Industria y maquinaria,Suministros,42994220,Accesorios de laminación
Industria y maquinaria,Suministros,42994230,Laminadoras
Industria y maquinaria,Suministros,42995000,Máquinas de limpieza diversas
Industria y maquinaria,Suministros,42995100,Túnel de lavado
Industria y maquinaria,Suministros,42995200,Máquinas de limpieza de playas
Industria y maquinaria,Suministros,42996000,Máquinas y aparatos para tratamiento de aguas residuales
Industria y maquinaria,Suministros,42996100,Trituradoras
Industria y maquinaria,Suministros,42996110,Maceradoras para el tratamiento de aguas residuales
Industria y maquinaria,Suministros,42996200,Prensas para aguas residuales
Industria y maquinaria,Suministros,42996300,Rascadores
Industria y maquinaria,Suministros,42996400,Mezcladores
Industria y maquinaria,Suministros,42996500,Rejillas para depuración de aguas residuales
Industria y maquinaria,Suministros,42996600,Equipos de oxigenación
Industria y maquinaria,Suministros,42996700,Precipitadores
Industria y maquinaria,Suministros,42996800,Lechos de sedimentación
Industria y maquinaria,Suministros,42996900,Equipo para el tratamiento de lodos
Industria y maquinaria,Suministros,42997000,Equipo para conducciones
Industria y maquinaria,Suministros,42997100,Máquinas para la inspección de la superficie interior de conducciones
Industria y maquinaria,Suministros,42997200,Máquinas para la limpieza de la superficie interior de conducciones
Industria y maquinaria,Suministros,42997300,Robots industriales
Industria y maquinaria,Suministros,42998000,Sistema de recogida en paletas
Industria y maquinaria,Suministros,42998100,Sistema de recuperación de paletas
Industria y maquinaria,Suministros,42999000,Aspiradoras y enceradoras de uso no doméstico
Industria y maquinaria,Suministros,42999100,Aspiradoras industriales
Industria y maquinaria,Suministros,42999200,Enceradoras industriales
Industria y maquinaria,Suministros,42999300,Partes de aspiradoras industriales
Industria y maquinaria,Suministros,42999400,Partes de enceradoras industriales
Industria y maquinaria,Suministros,43000000,Maquinaria para la minería y la explotación de canteras y equipo de construcción
Industria y maquinaria,Suministros,43100000,Equipo para minería
Industria y maquinaria,Suministros,43120000,Cortadoras y arrancadoras de carbón o roca y maquinaria para hacer túneles o galerías; máquinas de sondeo o de perforación
Industria y maquinaria,Suministros,43121000,Máquinas para la perforación de pozos
Industria y maquinaria,Suministros,43121100,Herramientas de boca de pozo
Industria y maquinaria,Suministros,43121200,"Dispositivos conectores del ""riser"""
Industria y maquinaria,Suministros,43121300,Equipo para acabado de pozos
Industria y maquinaria,Suministros,43121400,Equipo de intervención para pozos
Industria y maquinaria,Suministros,43121500,Equipo para pruebas y ensayos para pozos
Industria y maquinaria,Suministros,43121600,Dispositivos antierupción
Industria y maquinaria,Suministros,43122000,Cortadoras y arrancadoras de carbón o roca
Industria y maquinaria,Suministros,43123000,Tuneladoras
Industria y maquinaria,Suministros,43124000,Máquinas perforadoras
Industria y maquinaria,Suministros,43124100,Topos
Industria y maquinaria,Suministros,43124900,Equipo de perforación de rocas
Industria y maquinaria,Suministros,43125000,Maquinaria para excavación de pozos
Industria y maquinaria,Suministros,43130000,Equipo de perforación
Industria y maquinaria,Suministros,43131000,Plataformas flotantes de explotación
Industria y maquinaria,Suministros,43131100,Equipo de alta mar
Industria y maquinaria,Suministros,43131200,Unidad de perforación de alta mar
Industria y maquinaria,Suministros,43132000,Equipo de perforación para la extracción de petróleo
Industria y maquinaria,Suministros,43132100,Equipo de sondeo
Industria y maquinaria,Suministros,43132200,Plataforma de perforación
Industria y maquinaria,Suministros,43132300,Taladros
Industria y maquinaria,Suministros,43132400,Oleoducto
Industria y maquinaria,Suministros,43132500,Sujetadores de tuberías colgantes
Industria y maquinaria,Suministros,43133000,Equipo para plataforma de petróleo
Industria y maquinaria,Suministros,43133100,Unidades sobre patines
Industria y maquinaria,Suministros,43133200,Módulos sobre patines
Industria y maquinaria,Suministros,43134000,Maquinaria para yacimientos de petróleo
Industria y maquinaria,Suministros,43134100,Bombas sumergibles
Industria y maquinaria,Suministros,43135000,Equipo submarino
Industria y maquinaria,Suministros,43135100,Sistemas de control submarino
Industria y maquinaria,Suministros,43136000,Equipo situado en el fondo del pozo
Industria y maquinaria,Suministros,43140000,Entibados móviles hidráulicos para minas
Industria y maquinaria,Suministros,43200000,"Maquinaria para el movimiento de tierras y la excavación, y sus partes"
Industria y maquinaria,Suministros,43210000,Maquinaria para el movimiento de tierras
Industria y maquinaria,Suministros,43211000,Bulldozers
Industria y maquinaria,Suministros,43212000,Empujadoras de ángulo
Industria y maquinaria,Suministros,43220000,Niveladoras
Industria y maquinaria,Suministros,43221000,Motoniveladoras
Industria y maquinaria,Suministros,43230000,Máquinas de traillar
Industria y maquinaria,Suministros,43240000,Bateadoras
Industria y maquinaria,Suministros,43250000,Palas cargadoras de carga frontal
Industria y maquinaria,Suministros,43251000,"Palas cargadoras de carga frontal, con pala retroexcavadora"
Industria y maquinaria,Suministros,43252000,"Palas cargadoras de carga frontal, sin pala retroexcavadora"
Industria y maquinaria,Suministros,43260000,"Palas mecánicas, excavadoras y palas cargadoras, y otras máquinas para la minería"
Industria y maquinaria,Suministros,43261000,Palas mecánicas
Industria y maquinaria,Suministros,43261100,Palas cargadoras mecánicas
Industria y maquinaria,Suministros,43262000,Maquinaria para excavación
Industria y maquinaria,Suministros,43262100,Excavadoras mecánicas
Industria y maquinaria,Suministros,43300000,Maquinaria y equipo de construcción
Industria y maquinaria,Suministros,43310000,Maquinaria de ingeniería civil
Industria y maquinaria,Suministros,43311000,Martinetes
Industria y maquinaria,Suministros,43312000,Máquinas y aparatos para el acabado de superficies de carreteras
Industria y maquinaria,Suministros,43312100,Alisadoras de asfalto
Industria y maquinaria,Suministros,43312200,Máquinas esparcidoras de gravilla
Industria y maquinaria,Suministros,43312300,Máquinas y aparatos para pavimentar
Industria y maquinaria,Suministros,43312400,Rodillos apisonadores
Industria y maquinaria,Suministros,43312500,Rodillos mecánicos
Industria y maquinaria,Suministros,43313000,Máquinas y turbinas quitanieves
Industria y maquinaria,Suministros,43313100,Máquinas quitanieves
Industria y maquinaria,Suministros,43313200,Turbinas quitanieves
Industria y maquinaria,Suministros,43314000,Arrancapilotes
Industria y maquinaria,Suministros,43315000,Compactadores
Industria y maquinaria,Suministros,43316000,Máquinas para tendido de cables
Industria y maquinaria,Suministros,43320000,Equipo de construcción
Industria y maquinaria,Suministros,43321000,Equipo de suspensión de puentes
Industria y maquinaria,Suministros,43322000,Equipo de desmantelamiento
Industria y maquinaria,Suministros,43323000,Equipo de irrigación
Industria y maquinaria,Suministros,43324000,Equipo de drenaje
Industria y maquinaria,Suministros,43324100,Equipo para piscinas
Industria y maquinaria,Suministros,43325000,Equipo para parques y áreas de juego
Industria y maquinaria,Suministros,43325100,Equipo de mantenimiento de terrenos
Industria y maquinaria,Suministros,43327000,Equipo prefabricado
Industria y maquinaria,Suministros,43328000,Instalaciones hidráulicas
Industria y maquinaria,Suministros,43328100,Equipo hidráulico
Industria y maquinaria,Suministros,43329000,Juegos de material
Industria y maquinaria,Suministros,43400000,Máquinas y aparatos para la fabricación de moldes de fundición y el tratamiento de minerales
Industria y maquinaria,Suministros,43410000,Máquinas y aparatos para el tratamiento de minerales
Industria y maquinaria,Suministros,43411000,Máquinas y aparatos para clasificar y cribar
Industria y maquinaria,Suministros,43412000,Máquinas para mezclar grava con asfalto
Industria y maquinaria,Suministros,43413000,Hormigoneras o mezcladores de mortero
Industria y maquinaria,Suministros,43413100,Mezcladores de cemento
Industria y maquinaria,Suministros,43414000,Amoladoras
Industria y maquinaria,Suministros,43414100,Molinos para pulverizar carbón
Industria y maquinaria,Suministros,43415000,Moldes de fundición
Industria y maquinaria,Suministros,43420000,Maquinaria para fabricar moldes de fundición
Industria y maquinaria,Suministros,43500000,Vehículos oruga
Industria y maquinaria,Suministros,43600000,"Partes de máquinas para la minería, la explotación de canteras y la construcción"
Industria y maquinaria,Suministros,43610000,Partes para máquinas de sondeo
Industria y maquinaria,Suministros,43611000,Partes de máquinas de perforación de pozos
Industria y maquinaria,Suministros,43611100,Tapones de detención
Industria y maquinaria,Suministros,43611200,Brocas para taladros industriales
Industria y maquinaria,Suministros,43611300,Tijeras de perforación
Industria y maquinaria,Suministros,43611400,Sondas de hierro
Industria y maquinaria,Suministros,43611500,Mesas rotatorias
Industria y maquinaria,Suministros,43611600,Equipo de suspensión de tubería de lodos
Industria y maquinaria,Suministros,43611700,Equipo de unión de tuberías
Industria y maquinaria,Suministros,43612000,Partes de máquinas y aparatos para extracción en pozos
Industria y maquinaria,Suministros,43612100,Colgadores de tuberías
Industria y maquinaria,Suministros,43612200,Equipo de sujeción de tuberías colgantes
Industria y maquinaria,Suministros,43612300,"Tensores del ""riser"" de producción"
Industria y maquinaria,Suministros,43612400,Cabezas de pozo
Industria y maquinaria,Suministros,43612500,"Equipo de unión de ""risers"" de producción"
Industria y maquinaria,Suministros,43612600,Sistema de control de cabeza de pozo
Industria y maquinaria,Suministros,43612700,Equipo de cabeza de pozo
Industria y maquinaria,Suministros,43612800,Elevadores para torre de perforación
Industria y maquinaria,Suministros,43613000,Partes de cortadoras y arrancadoras de carbón o roca
Industria y maquinaria,Suministros,43613100,Partes de cortadoras y arrancadoras de carbón
Industria y maquinaria,Suministros,43613200,Partes de cortadoras y arrancadoras de roca
Industria y maquinaria,Suministros,43614000,Partes de máquinas para perforar túneles o galerías
Industria y maquinaria,Suministros,43620000,Partes de máquinas para tratamiento de minerales
Industria y maquinaria,Suministros,43630000,Partes de máquinas o aparatos de perforación
Industria y maquinaria,Suministros,43640000,Partes de maquinaria para excavar
Industria y maquinaria,Suministros,43700000,Maquinaria para la metalurgia y sus partes
Industria y maquinaria,Suministros,43710000,Máquinas para laminado de metales
Industria y maquinaria,Suministros,43711000,Partes de maquinaria para laminado de metales
Industria y maquinaria,Suministros,43720000,Máquinas de colar
Industria y maquinaria,Suministros,43721000,Partes de máquinas de colar
Industria y maquinaria,Suministros,43800000,Equipo de talleres
Industria y maquinaria,Suministros,43810000,Equipo para trabajar madera
Industria y maquinaria,Suministros,43811000,Máquinas lijadoras
Industria y maquinaria,Suministros,43812000,Equipo de aserrado
Industria y maquinaria,Suministros,43820000,Equipo para la fabricación de calzado
Industria y maquinaria,Suministros,43830000,Herramientas mecánicas
Industria y maquinaria,Suministros,43840000,Equipo de herrería
Construcción,Suministros,44000000,Estructuras y materiales de construcción; productos auxiliares para la construcción (excepto aparatos eléctricos)
Construcción,Suministros,44100000,Materiales de construcción y elementos afines
Construcción,Suministros,44110000,Materiales de construcción
Construcción,Suministros,44111000,Materiales para obras de construcción
Construcción,Suministros,44111100,Ladrillos
Construcción,Suministros,44111200,Cemento
Construcción,Suministros,44111210,Cemento de perforación
Construcción,Suministros,44111300,Cerámica
Construcción,Suministros,44111400,Pinturas y revestimientos de paredes
Construcción,Suministros,44111500,Aislantes y accesorios aislantes
Construcción,Suministros,44111510,Aislantes
Construcción,Suministros,44111511,Aislantes eléctricos
Construcción,Suministros,44111520,Material aislante térmico
Construcción,Suministros,44111530,Accesorios de aislamiento eléctrico
Construcción,Suministros,44111540,Vidrio aislante
Construcción,Suministros,44111600,Bloques
Construcción,Suministros,44111700,Baldosas
Construcción,Suministros,44111800,Mortero (construcción)
Construcción,Suministros,44111900,Losas de cerámica
Construcción,Suministros,44112000,Estructuras de edificación diversas
Construcción,Suministros,44112100,Refugios
Construcción,Suministros,44112110,Partes de refugios
Construcción,Suministros,44112120,Secciones de perfiles
Construcción,Suministros,44112200,Revestimientos para suelos
Construcción,Suministros,44112210,Revestimientos compactos para suelos
Construcción,Suministros,44112220,Falsos suelos
Construcción,Suministros,44112230,Linóleo
Construcción,Suministros,44112240,Parqué
Construcción,Suministros,44112300,Tabiques
Construcción,Suministros,44112310,Paredes divisorias
Construcción,Suministros,44112400,Tejados
Construcción,Suministros,44112410,Bastidores para tejados
Construcción,Suministros,44112420,Cimbras
Construcción,Suministros,44112430,Cerchas
Construcción,Suministros,44112500,Materiales para tejados
Construcción,Suministros,44112510,Tablillas
Construcción,Suministros,44112600,Aislamiento acústico
Construcción,Suministros,44112700,Vigas
Construcción,Suministros,44113000,Materiales para la construcción de carreteras
Construcción,Suministros,44113100,Materiales de pavimentación
Construcción,Suministros,44113120,Losetas
Construcción,Suministros,44113130,Piedra para pavimentación
Construcción,Suministros,44113140,Pavimentos de cantos rodados
Construcción,Suministros,44113200,Losas
Construcción,Suministros,44113300,Materiales revestidos
Construcción,Suministros,44113310,Materiales revestidos para carreteras
Construcción,Suministros,44113320,Grava bituminosa
Construcción,Suministros,44113330,Materiales de recubrimiento
Construcción,Suministros,44113500,Cuentas de vidrio
Construcción,Suministros,44113600,Betún y asfalto
Construcción,Suministros,44113610,Betún
Construcción,Suministros,44113620,Asfalto
Construcción,Suministros,44113700,Materiales para reparación de carreteras
Construcción,Suministros,44113800,Materiales para el acabado de superficies de carreteras
Construcción,Suministros,44113810,Tratamiento de superficies
Construcción,Suministros,44113900,Materiales para el mantenimiento de carreteras
Construcción,Suministros,44113910,Materiales para la viabilidad invernal
Construcción,Suministros,44114000,Hormigón
Construcción,Suministros,44114100,Hormigón preamasado
Construcción,Suministros,44114200,Productos de hormigón
Construcción,Suministros,44114210,Pilotes de hormigón
Construcción,Suministros,44114220,Tuberías y accesorios de hormigón
Construcción,Suministros,44114250,Losas de hormigón
Construcción,Suministros,44115000,Accesorios para la construcción
Construcción,Suministros,44115100,Cañerías
Construcción,Suministros,44115200,Materiales para fontanería y calefacción
Construcción,Suministros,44115210,Materiales de fontanería
Construcción,Suministros,44115220,Materiales para calefacción
Construcción,Suministros,44115310,Persianas enrollables
Construcción,Suministros,44115400,Claraboyas
Construcción,Suministros,44115500,Sistemas de extinción por aspersor
Construcción,Suministros,44115600,Remonte-escalera
Construcción,Suministros,44115700,Persianas exteriores
Construcción,Suministros,44115710,Marquesinas
Construcción,Suministros,44115800,Accesorios para interiores de edificios
Construcción,Suministros,44115810,Rieles para cortinas y cortinajes
Construcción,Suministros,44115811,Rieles para cortinas
Construcción,Suministros,44115900,Dispositivos de protección contra el sol
Construcción,Suministros,44130000,Colectores
Construcción,Suministros,44131000,Cámaras para aguas residuales
Construcción,Suministros,44132000,Elementos para alcantarillas
Construcción,Suministros,44133000,Cofias de hierro dúctil
Construcción,Suministros,44134000,Curvas
Construcción,Suministros,44140000,Productos relacionados con materiales de construcción
Construcción,Suministros,44141000,Conductos
Construcción,Suministros,44141100,Conductos eléctricos
Construcción,Suministros,44142000,Marcos
Construcción,Suministros,44143000,Palets
Construcción,Suministros,44144000,Postes (construcción)
Construcción,Suministros,44160000,"Conducciones, canalizaciones, tuberías de revestimiento, tubos y artículos conexos"
Construcción,Suministros,44161000,Conducciones
Construcción,Suministros,44161100,Gasoductos
Construcción,Suministros,44161110,Red de distribución de gas
Construcción,Suministros,44161200,Tuberías maestras
Construcción,Suministros,44161400,Conducciones subacuáticas
Construcción,Suministros,44161410,Conducciones submarinas
Construcción,Suministros,44161500,Conducciones de alta presión
Construcción,Suministros,44161600,Conductos de baja presión
Construcción,Suministros,44161700,Rascadores de conducciones
Construcción,Suministros,44161710,Lanzarrascadores
Construcción,Suministros,44161720,Receptores de rascador
Construcción,Suministros,44161730,Estaciones de rascador
Construcción,Suministros,44162000,Canalizaciones
Construcción,Suministros,44162100,Suministros para canalizaciones
Construcción,Suministros,44162200,Canalizaciones de distribución
Construcción,Suministros,44162300,Canalizaciones de descarga
Construcción,Suministros,44162400,Cámaras registro en arcilla vitrificada
Construcción,Suministros,44162500,Canalización de agua potable
Construcción,Suministros,44163000,Tuberías y accesorios
Construcción,Suministros,44163100,Tuberías
Construcción,Suministros,44163110,Tuberías de desagÃ¼e
Construcción,Suministros,44163111,Tuberías de drenaje
Construcción,Suministros,44163112,Sistema de drenaje
Construcción,Suministros,44163120,Tuberías de calefacción a distancia
Construcción,Suministros,44163121,Tuberías de calefacción
Construcción,Suministros,44163130,Tuberías de alcantarilla
Construcción,Suministros,44163140,Tuberías de agua y vapor
Construcción,Suministros,44163150,Tuberías de baja presión
Construcción,Suministros,44163160,Tuberías de distribución y sus accesorios
Construcción,Suministros,44163200,Accesorios para tubería
Construcción,Suministros,44163210,Abrazaderas para tuberías
Construcción,Suministros,44163230,Racores para tuberías
Construcción,Suministros,44163240,Juntas de tuberías
Construcción,Suministros,44163241,Juntas aislantes
Construcción,Suministros,44164000,Tubos de entubado y tubos de producción
Construcción,Suministros,44164100,Tubos de entubado
Construcción,Suministros,44164200,Tubos de producción
Construcción,Suministros,44164300,Artículos tubulares
Construcción,Suministros,44164310,Tubos y accesorios
Construcción,Suministros,44165000,"Mangueras, tubos y manguitos"
Construcción,Suministros,44165100,Mangueras
Construcción,Suministros,44165110,Mangueras de perforación
Construcción,Suministros,44165200,Tubos
Construcción,Suministros,44165210,Tubos ascendentes flexibles
Construcción,Suministros,44165300,Manguitos
Construcción,Suministros,44166000,Material tubular para pozos de petróleo
Construcción,Suministros,44167000,Accesorios diversos para tuberías
Construcción,Suministros,44167100,Acoplamientos
Construcción,Suministros,44167110,Bridas
Construcción,Suministros,44167111,Adaptadores de brida
Construcción,Suministros,44167200,Abrazaderas y collares de reparación
Construcción,Suministros,44167300,"Curvas, tes y accesorios para tuberías"
Construcción,Suministros,44167400,Codos
Construcción,Suministros,44170000,"Planchas, hojas, bandas y láminas relacionadas con materiales de construcción"
Construcción,Suministros,44171000,Planchas (construcción)
Construcción,Suministros,44172000,Hojas (construcción)
Construcción,Suministros,44173000,Bandas
Construcción,Suministros,44174000,Láminas
Construcción,Suministros,44175000,Paneles
Construcción,Suministros,44176000,Películas
Construcción,Suministros,44190000,Materiales de construcción diversos
Construcción,Suministros,44191000,Materiales de madera diversos para construcción
Construcción,Suministros,44191100,Madera contrachapada
Construcción,Suministros,44191200,Madera laminada
Construcción,Suministros,44191300,Tableros de partículas
Construcción,Suministros,44191400,Tableros de fibra
Construcción,Suministros,44191500,Madera densificada
Construcción,Suministros,44191600,Paneles de parqué
Construcción,Suministros,44192000,Otros materiales de construcción diversos
Construcción,Suministros,44192100,Espuma de PVC
Construcción,Suministros,44192200,Puntas
Construcción,Suministros,44200000,Productos estructurales
Construcción,Suministros,44210000,Estructuras y partes de estructuras
Construcción,Suministros,44211000,Edificios prefabricados
Construcción,Suministros,44211100,Edificios prefabricados modulares
Construcción,Suministros,44211110,Cabinas
Construcción,Suministros,44211200,Cubículos
Construcción,Suministros,44211300,Hospital de campaña
Construcción,Suministros,44211400,Cocinas de campaña
Construcción,Suministros,44211500,Invernaderos
Construcción,Suministros,44212000,"Productos estructurales y partes correspondientes, excepto edificios prefabricados"
Construcción,Suministros,44212100,Puente
Construcción,Suministros,44212110,Secciones de puentes
Construcción,Suministros,44212120,Estructuras de puentes
Construcción,Suministros,44212200,"Torres, mástiles de celosía, castilletes y pilares"
Construcción,Suministros,44212210,Castilletes
Construcción,Suministros,44212211,Torres de perforación
Construcción,Suministros,44212212,Torres de perforación estáticas
Construcción,Suministros,44212220,"Pilares, postes y estacas"
Construcción,Suministros,44212221,Pilares
Construcción,Suministros,44212222,Torres para transporte de energía eléctrica
Construcción,Suministros,44212223,Soportes para pilones
Construcción,Suministros,44212224,Postes para líneas aéreas
Construcción,Suministros,44212225,Postes
Construcción,Suministros,44212226,Postes de electricidad
Construcción,Suministros,44212227,Estacas
Construcción,Suministros,44212230,Torres
Construcción,Suministros,44212233,Torres de agua
Construcción,Suministros,44212240,Vigas de carga
Construcción,Suministros,44212250,Mástiles
Construcción,Suministros,44212260,Mástiles de antena de radio o de televisión
Construcción,Suministros,44212261,Mástiles de antena de radio
Construcción,Suministros,44212262,Mástiles de antena de televisión
Construcción,Suministros,44212263,Mástiles de celosía
Construcción,Suministros,44212300,Estructuras y partes
Construcción,Suministros,44212310,Andamiaje
Construcción,Suministros,44212311,Puntales de arco
Construcción,Suministros,44212312,Soportes de arco
Construcción,Suministros,44212313,Soportes
Construcción,Suministros,44212314,Soportes para suspensión de tubos
Construcción,Suministros,44212315,Equipo para andamiaje
Construcción,Suministros,44212316,Bridas de arco
Construcción,Suministros,44212317,Estructuras de andamiaje
Construcción,Suministros,44212318,Soportes de conducciones
Construcción,Suministros,44212320,Estructuras diversas
Construcción,Suministros,44212321,Marquesinas para paradas de autobús
Construcción,Suministros,44212322,Cabinas telefónicas
Construcción,Suministros,44212329,Mamparas de seguridad
Construcción,Suministros,44212380,Partes de estructuras
Construcción,Suministros,44212381,Revestimiento
Construcción,Suministros,44212382,Compuertas de descarga
Construcción,Suministros,44212383,Compuertas
Construcción,Suministros,44212390,Esclusas
Construcción,Suministros,44212391,Compuertas de esclusa
Construcción,Suministros,44212400,Estacada
Construcción,Suministros,44212410,Tablestacado
Construcción,Suministros,44212500,Ángulos y secciones
Construcción,Suministros,44212510,Ángulos
Construcción,Suministros,44212520,Secciones
Construcción,Suministros,44220000,Trabajos de ebanistería para la construcción
Construcción,Suministros,44221000,"Ventanas, puertas y elementos conexos"
Construcción,Suministros,44221100,Ventanas
Construcción,Suministros,44221110,Marcos para ventana
Construcción,Suministros,44221111,Unidades de doble acristalamiento
Construcción,Suministros,44221120,Puertas-ventana
Construcción,Suministros,44221200,Puertas
Construcción,Suministros,44221210,Tableros en bruto para puertas
Construcción,Suministros,44221211,Marcos para puerta
Construcción,Suministros,44221212,Puertas mosquiteras
Construcción,Suministros,44221213,Umbrales de puerta
Construcción,Suministros,44221220,Puertas cortafuego
Construcción,Suministros,44221230,Puertas de corredera
Construcción,Suministros,44221240,Puertas de garaje
Construcción,Suministros,44221300,Portones
Construcción,Suministros,44221310,Puertas de acceso
Construcción,Suministros,44221400,Contraventanas
Construcción,Suministros,44221500,Umbrales
Construcción,Suministros,44230000,Trabajos de carpintería para la construcción
Construcción,Suministros,44231000,Paneles prefabricados para cercas
Construcción,Suministros,44232000,Vigas de madera para tejado
Construcción,Suministros,44233000,Escaleras
Construcción,Suministros,44300000,"Cable, alambre y productos conexos"
Construcción,Suministros,44310000,Productos de alambre
Construcción,Suministros,44311000,Alambre de cabos
Construcción,Suministros,44312000,Alambre para cercas
Construcción,Suministros,44312300,Alambre de púas
Construcción,Suministros,44313000,Malla metálica
Construcción,Suministros,44313100,Cercado de tela metálica
Construcción,Suministros,44313200,Tela metálica
Construcción,Suministros,44315000,Hilo de máquina
Construcción,Suministros,44315100,Accesorios para soldadura autógena
Construcción,Suministros,44315200,Materiales para soldadura autógena
Construcción,Suministros,44315300,Materiales para soldadura blanda o para soldadura fuerte
Construcción,Suministros,44315310,Materiales para soldadura blanda
Construcción,Suministros,44315320,Materiales para soldadura fuerte
Construcción,Suministros,44316000,Ferretería
Construcción,Suministros,44316100,Yunques
Construcción,Suministros,44316200,Fragua portátil
Construcción,Suministros,44316300,Rejillas
Construcción,Suministros,44316400,Artículos de ferretería
Construcción,Suministros,44316500,Artículos de forja
Construcción,Suministros,44316510,Artículos de herrería
Construcción,Suministros,44317000,Eslingas de hierro o de acero
Construcción,Suministros,44318000,Conductores
Construcción,Suministros,44320000,Cables y productos conexos
Construcción,Suministros,44321000,Cables
Construcción,Suministros,44322000,Accesorios para cables
Construcción,Suministros,44322100,Conductos para cables
Construcción,Suministros,44322200,Conectores para cables
Construcción,Suministros,44322300,Tuberías para cables
Construcción,Suministros,44322400,Sujetacables
Construcción,Suministros,44330000,"Barras, varillas, alambre y perfiles utilizados en la construcción"
Construcción,Suministros,44331000,Barras
Construcción,Suministros,44332000,Varillas (construcción)
Construcción,Suministros,44333000,Alambre
Construcción,Suministros,44334000,Perfiles
Construcción,Suministros,44400000,Productos manufacturados diversos y artículos conexos
Construcción,Suministros,44410000,Artículos para baño y cocina
Construcción,Suministros,44411000,Aparatos sanitarios
Construcción,Suministros,44411100,Grifos
Construcción,Suministros,44411200,Bañeras
Construcción,Suministros,44411300,Lavabos
Construcción,Suministros,44411400,Platos de ducha
Construcción,Suministros,44411600,Bidés
Construcción,Suministros,44411700,"Asientos, tapas, cubetas, tazas y cisternas de inodoro"
Construcción,Suministros,44411710,Asientos de inodoro
Construcción,Suministros,44411720,Tapas de inodoro
Construcción,Suministros,44411740,Tazas de inodoro
Construcción,Suministros,44411750,Cisternas de inodoro
Construcción,Suministros,44411800,Urinarios
Construcción,Suministros,44420000,Artículos utilizados en la construcción
Construcción,Suministros,44421000,"Cajas fuertes, cajas de seguridad y puertas, blindadas o reforzadas"
Construcción,Suministros,44421300,Cajas de caudales
Construcción,Suministros,44421500,Puertas blindadas o reforzadas
Construcción,Suministros,44421600,Taquillas de seguridad
Construcción,Suministros,44421700,Cajas y taquillas
Construcción,Suministros,44421710,Taquillas para equipajes en consigna
Construcción,Suministros,44421720,Taquillas
Construcción,Suministros,44421721,Cajas fuertes
Construcción,Suministros,44421722,Cajas de seguridad
Construcción,Suministros,44421780,Cajas de seguridad para documentos
Construcción,Suministros,44421790,Cajas de seguridad para fondos
Construcción,Suministros,44422000,Buzones
Construcción,Suministros,44423000,Artículos diversos
Construcción,Suministros,44423100,Campanas
Construcción,Suministros,44423200,Escaleras de mano
Construcción,Suministros,44423220,Escaleras de tijera
Construcción,Suministros,44423230,Taburetes con escalones
Construcción,Suministros,44423300,Equipo para manipulación de mercancías
Construcción,Suministros,44423330,Plataformas para la manipulación de mercancías
Construcción,Suministros,44423340,Accesorios de cable para la manipulación de mercancías
Construcción,Suministros,44423400,Señales y artículos conexos
Construcción,Suministros,44423450,Placas indicadoras
Construcción,Suministros,44423460,Placas de dirección
Construcción,Suministros,44423700,Elementos para registros
Construcción,Suministros,44423710,Cajas de superficie
Construcción,Suministros,44423720,Cajas de delimitación
Construcción,Suministros,44423730,Marcos protectores de registros
Construcción,Suministros,44423740,Tapas de registro
Construcción,Suministros,44423750,Rejillas de sumidero
Construcción,Suministros,44423760,Tapas de acceso
Construcción,Suministros,44423790,Escalones de horquilla de registros
Construcción,Suministros,44423800,Sellos metálicos
Construcción,Suministros,44423810,Sellos de caucho
Construcción,Suministros,44423850,Formas
Construcción,Suministros,44423900,Ánodos sacrificatorios
Construcción,Suministros,44424000,Cajas y precintos para contadores
Construcción,Suministros,44424100,Cajas para contadores
Construcción,Suministros,44424200,Cinta adhesiva
Construcción,Suministros,44424300,Cinta reflectante
Construcción,Suministros,44425000,"Arandelas, juntas, bandas, barras y morteros de relleno"
Construcción,Suministros,44425100,Arandelas elásticas
Construcción,Suministros,44425110,Arandelas de refuerzo autoadhesivas
Construcción,Suministros,44425200,Juntas de caucho
Construcción,Suministros,44425300,Bandas elásticas
Construcción,Suministros,44425400,Morteros de relleno
Construcción,Suministros,44425500,Barras de plástico
Construcción,Suministros,44430000,Blindaje
Construcción,Suministros,44431000,Cubrejuntas
Construcción,Suministros,44440000,Cojinetes
Construcción,Suministros,44441000,Microesferas
Construcción,Suministros,44442000,Cojinetes de rodillos
Construcción,Suministros,44450000,Acero dulce
Construcción,Suministros,44451000,Cospeles
Construcción,Suministros,44452000,Depósitos para monedas de máquinas o aparatos que funcionan con monedas
Construcción,Suministros,44460000,Estemples y puntales de mina
Construcción,Suministros,44461000,Estemples
Construcción,Suministros,44461100,Estemples de mina
Construcción,Suministros,44462000,Puntales de mina
Construcción,Suministros,44464000,Orugas
Construcción,Suministros,44470000,Productos de hierro fundido
Construcción,Suministros,44480000,Equipos diversos contra incendios
Construcción,Suministros,44481000,Escaleras de plataforma
Construcción,Suministros,44481100,Escaleras contra incendios
Construcción,Suministros,44482000,Dispositivos contra incendios
Construcción,Suministros,44482100,Mangueras para incendios
Construcción,Suministros,44482200,Bocas de incendio
Construcción,Suministros,44500000,"Herramientas, cerraduras, llaves, bisagras, elementos de sujeción, cadenas y muelles"
Construcción,Suministros,44510000,Herramientas
Construcción,Suministros,44511000,Herramientas manuales
Construcción,Suministros,44511100,Layas y palas
Construcción,Suministros,44511110,Layas
Construcción,Suministros,44511120,Palas
Construcción,Suministros,44511200,Horcas de jardinería
Construcción,Suministros,44511300,"Azadas, picos, binaderas, rastrillos y rastrillos para playa"
Construcción,Suministros,44511310,Azadas
Construcción,Suministros,44511320,Picos
Construcción,Suministros,44511330,Binaderas
Construcción,Suministros,44511340,Rastrillos
Construcción,Suministros,44511341,Rastrillos para playa
Construcción,Suministros,44511400,Hachas
Construcción,Suministros,44511500,Sierras de mano
Construcción,Suministros,44511510,Hojas para sierras de mano
Construcción,Suministros,44512000,Herramientas manuales diversas
Construcción,Suministros,44512100,Formones
Construcción,Suministros,44512200,Alicates
Construcción,Suministros,44512210,Alicates de engarzar
Construcción,Suministros,44512300,Martillos
Construcción,Suministros,44512400,Perrillos tensores de mano
Construcción,Suministros,44512500,Llaves de tuercas
Construcción,Suministros,44512600,Herramientas para trabajos viales
Construcción,Suministros,44512610,Púas para estriar superficies de carreteras
Construcción,Suministros,44512700,Limas o escofinas
Construcción,Suministros,44512800,Destornilladores
Construcción,Suministros,44512900,"Brocas para taladros, cabezas para destornillador y demás accesorios"
Construcción,Suministros,44512910,Brocas para taladros
Construcción,Suministros,44512920,Cabezas para destornillador
Construcción,Suministros,44512930,Portaherramientas
Construcción,Suministros,44512940,Estuches de herramientas
Construcción,Suministros,44513000,Herramientas de pedal
Construcción,Suministros,44514000,Mangos y piezas de herramientas
Construcción,Suministros,44514100,Mangos de herramientas
Construcción,Suministros,44514200,Piezas de herramientas
Construcción,Suministros,44520000,"Cerraduras, llaves y bisagras"
Construcción,Suministros,44521000,Cerraduras y candados diversos
Construcción,Suministros,44521100,Cerraduras
Construcción,Suministros,44521110,Cerraduras para puertas
Construcción,Suministros,44521120,Cerraduras de seguridad electrónicas
Construcción,Suministros,44521130,Cerraduras de alta seguridad
Construcción,Suministros,44521140,Cerraduras para muebles
Construcción,Suministros,44521200,Candados y cadenas
Construcción,Suministros,44521210,Candados
Construcción,Suministros,44522000,"Cierres, partes de cerraduras y llaves"
Construcción,Suministros,44522100,Cierres
Construcción,Suministros,44522200,Llaves
Construcción,Suministros,44522300,Partes de candados
Construcción,Suministros,44522400,Partes de cerraduras
Construcción,Suministros,44523000,"Bisagras, guarniciones y accesorios"
Construcción,Suministros,44523100,Bisagras
Construcción,Suministros,44523200,Guarniciones
Construcción,Suministros,44523300,Accesorios
Construcción,Suministros,44530000,Elementos de sujeción
Construcción,Suministros,44531000,Elementos roscados de sujeción
Construcción,Suministros,44531100,Tornillos para madera
Construcción,Suministros,44531200,"Escarpias o armellas, roscadas"
Construcción,Suministros,44531300,Tornillos taladradores
Construcción,Suministros,44531400,Pernos
Construcción,Suministros,44531500,Juegos de uniones de bridas
Construcción,Suministros,44531510,Pernos y tornillos
Construcción,Suministros,44531520,Tirafondos y tornillos
Construcción,Suministros,44531600,Tuercas
Construcción,Suministros,44531700,Artículos con rosca de hierro o de acero
Construcción,Suministros,44532000,Elementos de sujeción sin roscar
Construcción,Suministros,44532100,Remaches
Construcción,Suministros,44532200,Arandelas
Construcción,Suministros,44532300,Pasadores de chaveta
Construcción,Suministros,44532400,Bridas de acero
Construcción,Suministros,44533000,Elementos de sujeción de cobre
Construcción,Suministros,44540000,Cadenas
Construcción,Suministros,44541000,Cadena articulada
Construcción,Suministros,44542000,Partes de cadenas
Construcción,Suministros,44550000,Muelles (resortes)
Construcción,Suministros,44600000,"Cisternas, depósitos y contenedores; radiadores y calderas de calefacción central"
Construcción,Suministros,44610000,"Cisternas, depósitos, contenedores y recipientes a presión"
Construcción,Suministros,44611000,Cisternas
Construcción,Suministros,44611100,Cilindros de aire
Construcción,Suministros,44611110,Cilindros neumáticos
Construcción,Suministros,44611200,Aparatos respiratorios
Construcción,Suministros,44611400,Cisternas para almacenamiento
Construcción,Suministros,44611410,Cisternas para almacenamiento de petróleo
Construcción,Suministros,44611420,Cisternas para almacenamiento de lodos
Construcción,Suministros,44611500,Cisternas para agua
Construcción,Suministros,44611600,Depósitos
Construcción,Suministros,44612000,Recipientes de gas licuado
Construcción,Suministros,44612100,Bombonas de gas
Construcción,Suministros,44612200,Depósitos de gas
Construcción,Suministros,44613000,Grandes contenedores
Construcción,Suministros,44613110,Silos
Construcción,Suministros,44613200,Contenedores refrigerados
Construcción,Suministros,44613210,Cisternas de agua
Construcción,Suministros,44613300,Contenedores estandarizados para transporte
Construcción,Suministros,44613400,Contenedores de almacenamiento
Construcción,Suministros,44613500,Contenedores para agua
Construcción,Suministros,44613600,Contenedores sobre ruedas
Construcción,Suministros,44613700,Contenedores de basura
Construcción,Suministros,44613800,Contenedores para residuos
Construcción,Suministros,44614000,Barriles
Construcción,Suministros,44614100,Recipientes de almacenamiento
Construcción,Suministros,44614300,Sistema de almacenamiento en contenedores
Construcción,Suministros,44614310,Apiladora mecánica
Construcción,Suministros,44615000,Recipientes a presión
Construcción,Suministros,44615100,Recipientes a presión de acero
Construcción,Suministros,44616000,Bidones
Construcción,Suministros,44616200,Bidones de residuos
Construcción,Suministros,44617000,Cajas
Construcción,Suministros,44617100,Cartones
Construcción,Suministros,44617200,Compartimentos para contadores
Construcción,Suministros,44617300,Cajas prefabricadas
Construcción,Suministros,44618000,"Recipientes ligeros, tapones, tapas, cubas y tapaderas"
Construcción,Suministros,44618100,Recipientes ligeros
Construcción,Suministros,44618300,"Tapones, tapones de rosca, tapas y tapaderas"
Construcción,Suministros,44618310,Tapones con opérculo de corcho
Construcción,Suministros,44618320,Tapones de rosca
Construcción,Suministros,44618330,Tapas para contenedores
Construcción,Suministros,44618340,Tapaderas
Construcción,Suministros,44618350,Cápsulas de plástico
Construcción,Suministros,44618400,Latas
Construcción,Suministros,44618420,Latas de conservas
Construcción,Suministros,44618500,Cubas
Construcción,Suministros,44619000,Otros recipientes
Construcción,Suministros,44619100,Estuches
Construcción,Suministros,44619200,Carretes para cables
Construcción,Suministros,44619300,Jaulas
Construcción,Suministros,44619400,Barriles de madera
Construcción,Suministros,44619500,Cajas paleta
Construcción,Suministros,44620000,"Radiadores y calderas para calefacción central, y sus partes"
Construcción,Suministros,44621000,Radiadores y calderas
Construcción,Suministros,44621100,Radiadores
Construcción,Suministros,44621110,Radiadores para calefacción central
Construcción,Suministros,44621111,Radiadores para calefacción central no eléctricos
Construcción,Suministros,44621112,Partes de radiadores para calefacción central
Construcción,Suministros,44621200,Calderas
Construcción,Suministros,44621210,Calderas de agua
Construcción,Suministros,44621220,Calderas para calefacción central
Construcción,Suministros,44621221,Partes de calderas para calefacción central
Construcción,Suministros,44622000,Sistemas de termorrecuperación
Construcción,Suministros,44622100,Equipo termorrecuperador
Construcción,Suministros,44800000,"Pinturas, barnices y mástiques"
Construcción,Suministros,44810000,Pinturas
Construcción,Suministros,44811000,Pintura para señalización de carreteras
Construcción,Suministros,44812000,Pinturas para pintura artística
Construcción,Suministros,44812100,Esmaltes y pinturas transparentes
Construcción,Suministros,44812200,Pinturas al óleo y al agua
Construcción,Suministros,44812210,Pinturas al óleo
Construcción,Suministros,44812220,Pinturas al agua
Construcción,Suministros,44812300,Pinturas para la enseñanza
Construcción,Suministros,44812310,Juegos de colores
Construcción,Suministros,44812320,Colores para pintura de letreros
Construcción,Suministros,44812400,Artículos para decoración
Construcción,Suministros,44820000,Barnices
Construcción,Suministros,44830000,"Mástiques, plastes de relleno, masillas y disolventes"
Construcción,Suministros,44831000,"Mástiques, plastes de relleno y masilla"
Construcción,Suministros,44831100,Mástiques
Construcción,Suministros,44831200,Plastes de relleno
Construcción,Suministros,44831300,Masilla
Construcción,Suministros,44831400,Lechada de cemento
Construcción,Suministros,44832000,Disolventes
Construcción,Suministros,44832100,Decapante para pintura
Construcción,Suministros,44832200,Diluyentes
Construcción,Suministros,44900000,"Piedra para construcción, piedra caliza, yeso y pizarra"
Construcción,Suministros,44910000,Piedra para construcción
Construcción,Suministros,44911000,Mármol y piedra calcárea de construcción
Construcción,Suministros,44911100,Mármol
Construcción,Suministros,44911200,Travertino
Construcción,Suministros,44912000,Diversas piedras de construcción
Construcción,Suministros,44912100,Granito
Construcción,Suministros,44912200,Arenisca
Construcción,Suministros,44912300,Basalto
Construcción,Suministros,44912400,Piedras de bordillo
Construcción,Suministros,44920000,"Piedra caliza, yeso y creta"
Construcción,Suministros,44921000,Piedra caliza y yeso
Construcción,Suministros,44921100,Yeso
Construcción,Suministros,44921200,Cal
Construcción,Suministros,44921210,Cal en polvo
Construcción,Suministros,44921300,Piedra caliza
Construcción,Suministros,44922000,Creta y dolomita
Construcción,Suministros,44922100,Creta
Construcción,Suministros,44922200,Dolomita
Construcción,Suministros,44930000,Pizarra
Construcción,Obras,45000000,Trabajos de construcción
Construcción,Obras,45100000,Trabajos de preparación del terreno
Construcción,Obras,45110000,Trabajos de demolición de inmuebles y movimiento de tierras
Construcción,Obras,45111000,"Trabajos de demolición, explanación y limpieza del terreno"
Construcción,Obras,45111100,Trabajos de demolición
Construcción,Obras,45111200,Trabajos de explanación y limpieza del terreno
Construcción,Obras,45111210,Trabajos de voladura y consiguiente retirada de rocas
Construcción,Obras,45111211,Trabajos de voladura
Construcción,Obras,45111212,Trabajos de retirada de rocas
Construcción,Obras,45111213,Trabajos de limpieza del terreno
Construcción,Obras,45111214,Trabajos de evacuación de escombros de demolición
Construcción,Obras,45111220,Trabajos de desbrozo
Construcción,Obras,45111230,Trabajos de estabilización del terreno
Construcción,Obras,45111240,Trabajos de drenaje del terreno
Construcción,Obras,45111250,Trabajos de estudio del suelo
Construcción,Obras,45111260,Trabajos de preparación del terreno para la minería
Construcción,Obras,45111290,Trabajos primarios para servicios
Construcción,Obras,45111291,Trabajos de ordenación del terreno
Construcción,Obras,45111300,Trabajos de desmantelamiento
Construcción,Obras,45111310,Trabajos de desmantelamiento para instalaciones militares
Construcción,Obras,45111320,Trabajos de desmantelamiento para instalaciones de seguridad
Construcción,Obras,45112000,Trabajos de excavación y movimiento de tierras
Construcción,Obras,45112100,Trabajos de excavación de zanjas
Construcción,Obras,45112200,Trabajos de desmonte de suelos
Construcción,Obras,45112210,Trabajos de levantamiento de las capas superficiales
Construcción,Obras,45112300,Trabajos de relleno y recuperación del suelo
Construcción,Obras,45112310,Trabajos de relleno
Construcción,Obras,45112320,Trabajos de recuperación del suelo
Construcción,Obras,45112330,Trabajos de recuperación del terreno
Construcción,Obras,45112340,Trabajos de descontaminación de suelos
Construcción,Obras,45112350,Aprovechamiento de tierras estériles
Construcción,Obras,45112360,Trabajos de rehabilitación del suelo
Construcción,Obras,45112400,Trabajos de excavación
Construcción,Obras,45112410,Trabajos de excavación de sepulturas
Construcción,Obras,45112420,Trabajos de excavación del basamento
Construcción,Obras,45112440,Terraplenado de laderas
Construcción,Obras,45112441,Trabajos de terraplenado
Construcción,Obras,45112450,Obras de excavación en yacimientos arqueológicos
Construcción,Obras,45112500,Trabajos de movimiento de tierras
Construcción,Obras,45112600,Corte y relleno
Construcción,Obras,45112700,Trabajos de paisajismo
Construcción,Obras,45112710,Trabajos de paisajismo en zonas verdes
Construcción,Obras,45112711,Trabajos de paisajismo en parques
Construcción,Obras,45112712,Trabajos de paisajismo en jardines
Construcción,Obras,45112713,Paisajismo para jardines de terraza
Construcción,Obras,45112714,Trabajos de paisajismo en cementerios
Construcción,Obras,45112720,Trabajos de paisajismo en zonas deportivas y recreativas
Construcción,Obras,45112721,Trabajos de paisajismo en campos de golf
Construcción,Obras,45112722,Trabajos de paisajismo de campos de equitación
Construcción,Obras,45112723,Trabajos de paisajismo en parques infantiles
Construcción,Obras,45112730,Paisajismo en carreteras y autopistas
Construcción,Obras,45112740,Obras de paisajismo en aeropuertos
Construcción,Obras,45113000,Trabajos a pie de obra
Construcción,Obras,45120000,Trabajos de perforación y sondeo
Construcción,Obras,45121000,Trabajos de perforación
Construcción,Obras,45122000,Trabajos de sondeo
Construcción,Obras,45200000,Trabajos generales de construcción de inmuebles y obras de ingeniería civil
Construcción,Obras,45210000,Trabajos de construcción de inmuebles
Construcción,Obras,45211000,Trabajos de construcción de inmuebles de viviendas colectivas y unifamiliares
Construcción,Obras,45211100,Trabajos de construcción para viviendas
Construcción,Obras,45211200,Trabajos de construcción de viviendas tuteladas
Construcción,Obras,45211300,Trabajos de construcción de viviendas
Construcción,Obras,45211310,Trabajos de construcción de cuartos de baño
Construcción,Obras,45211320,Trabajos de construcción de porches
Construcción,Obras,45211340,Trabajos de construcción de inmuebles de viviendas colectivas
Construcción,Obras,45211341,Trabajos de construcción de pisos
Construcción,Obras,45211350,Trabajos de construcción de inmuebles multifuncionales
Construcción,Obras,45211360,Trabajos de construcción de desarrollo urbano
Construcción,Obras,45211370,Trabajos de construcción de saunas
Construcción,Obras,45212000,"Trabajos de construcción de edificios relacionados con el ocio, los deportes, la cultura y el alojamiento y restaurantes"
Construcción,Obras,45212100,Trabajos de construcción de instalaciones de ocio
Construcción,Obras,45212110,Trabajos de construcción de centros de ocio
Construcción,Obras,45212120,Trabajos de construcción de parques temáticos
Construcción,Obras,45212130,Trabajos de construcción de parques de atracciones
Construcción,Obras,45212140,Instalación de recreo
Construcción,Obras,45212150,Trabajos de construcción de cines
Construcción,Obras,45212160,Trabajos de construcción de casinos
Construcción,Obras,45212170,Trabajos de construcción de edificios para actividades de recreo
Construcción,Obras,45212171,Trabajos de construcción de centros de esparcimiento
Construcción,Obras,45212172,Trabajos de construcción de centros de recreo
Construcción,Obras,45212180,Trabajos de construcción de taquillas de billetes
Construcción,Obras,45212190,Obras de protección contra el sol
Construcción,Obras,45212200,Trabajos de construcción de instalaciones deportivas
Construcción,Obras,45212210,Trabajos de construcción de instalaciones deportivas para la práctica de un solo deporte
Construcción,Obras,45212211,Trabajos de construcción de pistas de patinaje
Construcción,Obras,45212212,Trabajos de construcción de piscinas
Construcción,Obras,45212213,Trabajos de marcado para instalaciones deportivas
Construcción,Obras,45212220,Trabajos de construcción de instalaciones polideportivas
Construcción,Obras,45212221,Trabajos de construcción de estructuras para campos de deportes
Construcción,Obras,45212222,Trabajos de construcción de gimnasios
Construcción,Obras,45212223,Trabajos de construcción de instalaciones para deportes de invierno
Construcción,Obras,45212224,Trabajos de construcción de estadios
Construcción,Obras,45212225,Trabajos de construcción de polideportivos
Construcción,Obras,45212230,Instalación de vestuarios
Construcción,Obras,45212290,Reparación y mantenimiento de instalaciones deportivas
Construcción,Obras,45212300,Trabajos de construcción de edificios culturales y relacionados con el arte
Construcción,Obras,45212310,Trabajos de construcción de edificios relacionados con exposiciones
Construcción,Obras,45212311,Trabajos de construcción de galerías de arte
Construcción,Obras,45212312,Trabajos de construcción de centros de exposiciones
Construcción,Obras,45212313,Trabajos de construcción de museos
Construcción,Obras,45212314,Trabajos de construcción de monumentos históricos o conmemorativos
Construcción,Obras,45212320,Trabajos de construcción de edificios relacionados con actividades artísticas
Construcción,Obras,45212321,Trabajos de construcción de auditorios
Construcción,Obras,45212322,Trabajos de construcción de teatros
Construcción,Obras,45212330,Trabajos de construcción de bibliotecas
Construcción,Obras,45212331,Trabajos de construcción de bibliotecas multimedia
Construcción,Obras,45212340,Trabajos de construcción de salas de conferencias
Construcción,Obras,45212350,Edificios de interés histórico o arquitectónico
Construcción,Obras,45212351,Trabajos de construcción de monumentos prehistóricos
Construcción,Obras,45212352,Trabajos de construcción de monumentos industriales
Construcción,Obras,45212353,Trabajos de construcción de palacios
Construcción,Obras,45212354,Trabajos de construcción de castillos
Construcción,Obras,45212360,Trabajos de construcción de edificios religiosos
Construcción,Obras,45212361,Trabajos de construcción de iglesias
Construcción,Obras,45212400,Edificios de alojamiento y de restauración
Construcción,Obras,45212410,Trabajos de construcción de edificios de alojamiento
Construcción,Obras,45212411,Trabajos de construcción de hoteles
Construcción,Obras,45212412,Trabajos de construcción de albergues
Construcción,Obras,45212413,Trabajos de construcción de alojamientos de corta duración
Construcción,Obras,45212420,Trabajos de construcción de restaurantes y establecimientos similares
Construcción,Obras,45212421,Trabajos de construcción de restaurantes
Construcción,Obras,45212422,Trabajos de construcción de cantinas
Construcción,Obras,45212423,Trabajos de construcción de cafeterías
Construcción,Obras,45212500,Transformación de cocinas o restaurantes
Construcción,Obras,45212600,Trabajos de construcción de pabellones
Construcción,Obras,45213000,"Trabajos de construcción de locales comerciales, almacenes y edificios industriales, edificios relacionados con el transporte"
Construcción,Obras,45213100,Trabajos de construcción de edificios comerciales
Construcción,Obras,45213110,Trabajos de construcción de establecimientos comerciales
Construcción,Obras,45213111,Trabajos de construcción de centros comerciales
Construcción,Obras,45213112,Trabajos de construcción de comercios
Construcción,Obras,45213120,Trabajos de construcción de oficinas de correos
Construcción,Obras,45213130,Trabajos de construcción de bancos
Construcción,Obras,45213140,Trabajos de construcción de mercados
Construcción,Obras,45213141,Trabajos de construcción de mercados cubiertos
Construcción,Obras,45213142,Trabajos de construcción de mercados al aire libre
Construcción,Obras,45213150,Trabajos de construcción de edificios de oficinas
Construcción,Obras,45213200,Trabajos de construcción de almacenes y edificios industriales
Construcción,Obras,45213210,Instalaciones de depósitos frigoríficos
Construcción,Obras,45213220,Trabajos de construcción de locales de almacenamiento
Construcción,Obras,45213221,Trabajos de construcción de almacenes
Construcción,Obras,45213230,Trabajos de construcción de mataderos
Construcción,Obras,45213240,Trabajos de construcción de edificios agrícolas
Construcción,Obras,45213241,Trabajos de construcción de graneros
Construcción,Obras,45213242,Trabajos de construcción de establos
Construcción,Obras,45213250,Trabajos de construcción de edificios industriales
Construcción,Obras,45213251,Trabajos de construcción de locales industriales
Construcción,Obras,45213252,Trabajos de construcción de talleres
Construcción,Obras,45213260,Trabajos de construcción de depósitos
Construcción,Obras,45213270,Trabajos de construcción de plantas de reciclado
Construcción,Obras,45213280,Trabajos de construcción de instalaciones de compostaje
Construcción,Obras,45213300,Edificios relacionados con el transporte
Construcción,Obras,45213310,Trabajos de construcción de edificios relacionados con el transporte por carretera
Construcción,Obras,45213311,Trabajos de construcción de estaciones de autobuses
Construcción,Obras,45213312,Trabajos de construcción de edificios de estacionamiento de vehículos
Construcción,Obras,45213313,Trabajos de construcción de edificios de áreas de servicio
Construcción,Obras,45213314,Trabajos de construcción de cocheras de autobuses
Construcción,Obras,45213315,Trabajos de construcción de marquesinas de paradas de autobús
Construcción,Obras,45213316,Trabajos de instalación de pasarelas
Construcción,Obras,45213320,Trabajos de construcción de edificios relacionados con el transporte ferroviario
Construcción,Obras,45213321,Trabajos de construcción de estaciones de ferrocarril
Construcción,Obras,45213322,Trabajos de construcción de edificios de terminales ferroviarias
Construcción,Obras,45213330,Trabajos de construcción de edificios relacionados con el transporte aéreo
Construcción,Obras,45213331,Trabajos de construcción de edificios de aeropuerto
Construcción,Obras,45213332,Trabajos de construcción de torres de control de aeropuerto
Construcción,Obras,45213333,Trabajos de instalación de mostradores de facturación de aeropuertos
Construcción,Obras,45213340,Trabajos de construcción de edificios relacionados con el transporte por vías navegables
Construcción,Obras,45213341,Trabajos de construcción de edificios de terminales de transbordadores
Construcción,Obras,45213342,Trabajos de construcción de terminales Ro-Ro
Construcción,Obras,45213350,Trabajos de construcción de edificios relacionados con diversos medios de transporte
Construcción,Obras,45213351,Trabajos de construcción de hangares de mantenimiento
Construcción,Obras,45213352,Trabajos de construcción de depósitos de servicio
Construcción,Obras,45213353,Trabajos de instalación de pasarelas de embarque de pasajeros
Construcción,Obras,45213400,Instalación de salas de personal
Construcción,Obras,45214000,Trabajos de construcción de edificios relacionados con la enseñanza y la investigación
Construcción,Obras,45214100,Trabajos de construcción de edificios para jardín de infancia
Construcción,Obras,45214200,Trabajos de construcción de edificios escolares
Construcción,Obras,45214210,Trabajos de construcción de centros de enseñanza primaria
Construcción,Obras,45214220,Trabajos de construcción de centros de enseñanza secundaria
Construcción,Obras,45214230,Trabajos de construcción de centros de enseñanzas especiales
Construcción,Obras,45214300,Trabajos de construcción de centros de formación profesional y técnica
Construcción,Obras,45214310,Trabajos de construcción de centros de formación profesional
Construcción,Obras,45214320,Trabajos de construcción de centros de formación técnica
Construcción,Obras,45214400,Trabajos de construcción de edificios universitarios
Construcción,Obras,45214410,Trabajos de construcción de escuelas politécnicas superiores
Construcción,Obras,45214420,Trabajos de construcción de aulas de conferencias
Construcción,Obras,45214430,Trabajos de construcción de laboratorios de idiomas
Construcción,Obras,45214500,Trabajos de construcción de edificios de enseñanza postescolar
Construcción,Obras,45214600,Trabajos de construcción de edificios de investigaciones
Construcción,Obras,45214610,Trabajos de construcción de edificios de laboratorio
Construcción,Obras,45214620,Trabajos de construcción de instalaciones para investigación y ensayos
Construcción,Obras,45214630,Instalaciones científicas
Construcción,Obras,45214631,Trabajos de instalación de salas blancas
Construcción,Obras,45214640,Trabajos de construcción de estaciones meteorológicas
Construcción,Obras,45214700,Trabajos de construcción de colegios mayores
Construcción,Obras,45214710,Trabajos de construcción de vestíbulos
Construcción,Obras,45214800,Edificio con instalaciones para formación
Construcción,Obras,45215000,"Trabajos de construcción de edificios relacionados con la salud y los servicios sociales, de crematorios y aseos públicos"
Construcción,Obras,45215100,Trabajos de construcción de edificios relacionados con la salud
Construcción,Obras,45215110,Trabajos de construcción de balnearios
Construcción,Obras,45215120,Trabajos de construcción de edificios de medicina especializada
Construcción,Obras,45215130,Trabajos de construcción de clínicas
Construcción,Obras,45215140,Trabajos de construcción de establecimientos hospitalarios
Construcción,Obras,45215141,Trabajos de construcción de quirófanos
Construcción,Obras,45215142,Trabajos de construcción de unidades de cuidados intensivos
Construcción,Obras,45215143,Trabajos de construcción de salas de detección y diagnóstico
Construcción,Obras,45215144,Trabajos de construcción de salas de detección de enfermedades
Construcción,Obras,45215145,Trabajos de construcción de salas de fluoroscopia
Construcción,Obras,45215146,Trabajos de construcción de salas de patología
Construcción,Obras,45215147,Trabajos de construcción de salas de medicina legal
Construcción,Obras,45215148,Trabajos de construcción de salas de catéteres
Construcción,Obras,45215200,Trabajos de construcción de edificios para servicios sociales
Construcción,Obras,45215210,Trabajos de construcción de centros de acogida
Construcción,Obras,45215212,Trabajos de construcción de residencias de ancianos
Construcción,Obras,45215213,Trabajos de construcción de casas de reposo
Construcción,Obras,45215214,Trabajos de construcción de hogares residenciales
Construcción,Obras,45215215,Trabajos de construcción de centros de acogida infantil
Construcción,Obras,45215220,"Trabajos de construcción de edificios para instituciones sociales, excepto centros de acogida"
Construcción,Obras,45215221,Trabajos de construcción de centros de día
Construcción,Obras,45215222,Trabajos de construcción de centros cívicos
Construcción,Obras,45215300,Construcción de crematorio
Construcción,Obras,45215400,Cementerio
Construcción,Obras,45215500,Aseos públicos
Construcción,Obras,45216000,Trabajos de construcción de edificios relacionados con los servicios de orden público o con los servicios de emergencia y de edificios militares
Construcción,Obras,45216100,Trabajos de construcción de edificios relacionados con los servicios de orden público o servicios de emergencia
Construcción,Obras,45216110,Trabajos de construcción de edificios relacionados con los servicios de orden público
Construcción,Obras,45216111,Trabajos de construcción de comisarías de policía
Construcción,Obras,45216112,Trabajos de construcción de tribunales
Construcción,Obras,45216113,Trabajos de construcción de establecimientos penitenciarios
Construcción,Obras,45216114,Edificios destinados al Parlamento y a asambleas públicas
Construcción,Obras,45216120,Trabajos de construcción de edificios relacionados con los servicios de emergencia
Construcción,Obras,45216121,Trabajos de construcción de cuarteles de bomberos
Construcción,Obras,45216122,Trabajos de construcción de puestos de ambulancia
Construcción,Obras,45216123,Trabajos de construcción de edificios de rescate en montaña
Construcción,Obras,45216124,Trabajos de construcción de puestos de botes salvavidas
Construcción,Obras,45216125,Trabajos de construcción de edificios para servicios de emergencia
Construcción,Obras,45216126,Trabajos de construcción de puestos de guardacostas
Construcción,Obras,45216127,Trabajos de construcción de estaciones de salvamento
Construcción,Obras,45216128,Trabajos de construcción de faros
Construcción,Obras,45216129,Refugios de protección
Construcción,Obras,45216200,Trabajos de construcción de edificios e instalaciones militares
Construcción,Obras,45216220,Trabajos de construcción de búnkeres militares
Construcción,Obras,45216230,Trabajos de construcción de refugios militares
Construcción,Obras,45216250,Trabajos de construcción de trincheras defensivas
Construcción,Obras,45217000,Trabajos de construcción de edificios inflables
Construcción,Obras,45220000,Obras de ingeniería y trabajos de construcción
Construcción,Obras,45221000,"Trabajos de construcción de puentes y túneles, pozos y pasos subterráneos"
Construcción,Obras,45221100,Trabajos de construcción para puentes
Construcción,Obras,45221110,Trabajos de construcción de puentes
Construcción,Obras,45221111,Trabajos de construcción de puentes de carretera
Construcción,Obras,45221112,Trabajos de construcción de puentes de ferrocarril
Construcción,Obras,45221113,Trabajos de construcción de pasarelas
Construcción,Obras,45221114,Obras de construcción de puentes de hierro
Construcción,Obras,45221115,Obras de construcción de puentes de acero
Construcción,Obras,45221117,Trabajos de construcción de básculas puente
Construcción,Obras,45221118,Trabajos de construcción de puentes para conducciones
Construcción,Obras,45221119,Trabajos de renovación de puentes
Construcción,Obras,45221120,Trabajos de construcción de viaductos
Construcción,Obras,45221121,Trabajos de construcción de viaductos de carretera
Construcción,Obras,45221122,Trabajos de construcción de viaductos de ferrocarril
Construcción,Obras,45221200,"Trabajos de construcción de túneles, pozos y pasos subterráneos"
Construcción,Obras,45221210,Excavaciones cubiertas o parcialmente cubiertas
Construcción,Obras,45221211,Paso inferior
Construcción,Obras,45221213,Excavaciones cubiertas o parcialmente cubiertas de ferrocarril
Construcción,Obras,45221214,Excavaciones cubiertas o parcialmente cubiertas de carretera
Construcción,Obras,45221220,Alcantarillas
Construcción,Obras,45221230,Pozos de inspección
Construcción,Obras,45221240,Trabajos de construcción de túneles
Construcción,Obras,45221241,Trabajos de construcción de túneles de carretera
Construcción,Obras,45221242,Trabajos de construcción de túneles de ferrocarril
Construcción,Obras,45221243,Trabajos de construcción de túneles peatonales
Construcción,Obras,45221244,Trabajos de construcción de túneles de canal
Construcción,Obras,45221245,Trabajos de construcción de túneles subfluviales
Construcción,Obras,45221246,Trabajos de construcción de túneles submarinos
Construcción,Obras,45221247,Trabajos de tunelización
Construcción,Obras,45221248,Trabajos de construcción de revestimientos para túneles
Construcción,Obras,45221250,"Trabajos subterráneos distintos de los túneles, pozos y pasos subterráneos"
Construcción,Obras,45222000,"Trabajos de construcción de obras de ingeniería, excepto puentes, túneles, pozos y pasos subterráneos"
Construcción,Obras,45222100,Trabajos de construcción de plantas de tratamiento de residuos
Construcción,Obras,45222110,Trabajos de construcción de vertederos de residuos
Construcción,Obras,45222200,Trabajos de ingeniería para instalaciones militares
Construcción,Obras,45222300,Trabajos de ingeniería para instalaciones de seguridad
Construcción,Obras,45223000,Trabajos de construcción de estructuras
Construcción,Obras,45223100,Montaje de estructuras metálicas
Construcción,Obras,45223110,Instalación de estructuras metálicas
Construcción,Obras,45223200,Obras de estructura
Construcción,Obras,45223210,Obras de estructura de acero
Construcción,Obras,45223220,Trabajos de obra bruta
Construcción,Obras,45223300,Trabajos de construcción de estacionamientos
Construcción,Obras,45223310,Trabajos de construcción de estacionamientos subterráneos
Construcción,Obras,45223320,Trabajos de construcción de estacionamientos disuasorios
Construcción,Obras,45223400,Trabajos de construcción de estaciones de radar
Construcción,Obras,45223500,Estructuras de hormigón armado
Construcción,Obras,45223600,Trabajos de construcción de perreras
Construcción,Obras,45223700,Trabajos de construcción de áreas de servicio
Construcción,Obras,45223710,Trabajos de construcción de áreas de servicio de autopista
Construcción,Obras,45223720,Trabajos de construcción de gasolineras
Construcción,Obras,45223800,Montaje e instalación de estructuras prefabricadas
Construcción,Obras,45223810,Construcciones prefabricadas
Construcción,Obras,45223820,Elementos prefabricados y sus componentes
Construcción,Obras,45223821,Unidades prefabricadas
Construcción,Obras,45223822,Elementos prefabricados
Construcción,Obras,45230000,"Trabajos de construcción de tuberías, líneas de comunicación y líneas de conducción eléctrica, de autopistas, carreteras, aeródromos y vías férreas; trabajos de explanación"
Construcción,Obras,45231000,"Trabajos de construcción de tuberías, líneas de comunicación y líneas de conducción eléctrica"
Construcción,Obras,45231100,Trabajos generales de construcción de tuberías
Construcción,Obras,45231110,Trabajos de construcción de tendidos de tuberías
Construcción,Obras,45231111,Elevación y reinstalación de tuberías
Construcción,Obras,45231112,Instalación de sistema de tuberías
Construcción,Obras,45231113,Trabajos de reinstalación de tuberías
Construcción,Obras,45231200,Trabajos de construcción de oleoductos y gasoductos
Construcción,Obras,45231210,Construcción de oleoducto
Construcción,Obras,45231220,Construcción de gasoducto
Construcción,Obras,45231221,Trabajos de construcción de redes de suministro de gas
Construcción,Obras,45231222,Trabajos en gasómetros
Construcción,Obras,45231223,Obras auxiliares de distribución de gas
Construcción,Obras,45231300,Trabajos de construcción de tuberías para agua y aguas residuales
Construcción,Obras,45231400,Trabajos de construcción de líneas de conducción eléctrica
Construcción,Obras,45231500,Trabajos en conducciones de aire comprimido
Construcción,Obras,45231510,Trabajos en circuitos neumáticos de distribución postal
Construcción,Obras,45231600,Trabajos de construcción de líneas de comunicación
Construcción,Obras,45232000,Obras auxiliares para tuberías y cables
Construcción,Obras,45232100,Obras auxiliares para tuberías de agua
Construcción,Obras,45232120,Trabajos de regadío
Construcción,Obras,45232121,Trabajos de construcción de canalizaciones de riego
Construcción,Obras,45232130,Trabajos de construcción de canalizaciones de aguas pluviales
Construcción,Obras,45232140,Trabajos de construcción de redes de calefacción urbana
Construcción,Obras,45232141,Trabajos relacionados con la calefacción
Construcción,Obras,45232142,Trabajos de construcción de estaciones de termotransferencia
Construcción,Obras,45232150,Trabajos relacionados con tuberías de distribución de agua
Construcción,Obras,45232151,Trabajos de construcción de reacondicionamiento de canalizaciones de agua
Construcción,Obras,45232152,Trabajos de construcción de estaciones de bombeo
Construcción,Obras,45232153,Construcción de torre de agua
Construcción,Obras,45232154,Trabajos de construcción de cisternas elevadas de agua potable
Construcción,Obras,45232200,Obras auxiliares para líneas de conducción eléctrica
Construcción,Obras,45232210,Construcción de línea aérea
Construcción,Obras,45232220,Trabajos de construcción de subestaciones
Construcción,Obras,45232221,Subestación transformadora
Construcción,Obras,45232300,Trabajos de construcción y obras auxiliares de líneas telefónicas y de comunicación
Construcción,Obras,45232310,Trabajos de construcción de líneas telefónicas
Construcción,Obras,45232311,Líneas telefónicas de socorro en carretera
Construcción,Obras,45232320,Líneas de radiodifusión por cable
Construcción,Obras,45232330,Montaje de antenas
Construcción,Obras,45232331,Obras auxiliares para radiodifusión
Construcción,Obras,45232332,Obras auxiliares para telecomunicaciones
Construcción,Obras,45232340,Trabajos de construcción de estaciones de base de telefonía móvil
Construcción,Obras,45232400,Obras de alcantarillado
Construcción,Obras,45232410,Obras de saneamiento
Construcción,Obras,45232411,Trabajos de construcción de canalizaciones de aguas sucias
Construcción,Obras,45232420,Construcción de planta depuradora de aguas residuales
Construcción,Obras,45232421,Planta de tratamiento de aguas residuales
Construcción,Obras,45232422,Planta de tratamiento de lodos
Construcción,Obras,45232423,Trabajos de construcción de centrales de bombeo de aguas residuales
Construcción,Obras,45232424,Trabajos de construcción de descarga de aguas residuales
Construcción,Obras,45232430,Obras para el tratamiento de agua
Construcción,Obras,45232431,Estación de bombeo de aguas residuales
Construcción,Obras,45232440,Trabajos de construcción de tuberías para aguas residuales
Construcción,Obras,45232450,Trabajos de construcción de sistemas de desagÃ¼e
Construcción,Obras,45232451,Trabajos de drenaje y de superficie
Construcción,Obras,45232452,Trabajos de desagÃ¼e
Construcción,Obras,45232453,Trabajos de construcción de desagÃ¼es
Construcción,Obras,45232454,Trabajos de construcción de depósitos de aguas pluviales
Construcción,Obras,45232460,Trabajos sanitarios
Construcción,Obras,45232470,Centro de transferencia de residuos
Construcción,Obras,45233000,"Trabajos de construcción, cimentación y pavimentación de autopistas y carreteras"
Construcción,Obras,45233100,Trabajos de construcción de autopistas y carreteras
Construcción,Obras,45233110,Obras de construcción de autopistas
Construcción,Obras,45233120,Trabajos de construcción de carreteras
Construcción,Obras,45233121,Trabajos de construcción de carreteras de gran circulación
Construcción,Obras,45233122,Trabajos de construcción de carreteras de circunvalación
Construcción,Obras,45233123,Trabajos de construcción de carreteras secundarias
Construcción,Obras,45233124,Trabajos de construcción de carreteras principales
Construcción,Obras,45233125,Trabajos de construcción de intersecciones de carreteras
Construcción,Obras,45233126,Trabajos de construcción de intersecciones a desnivel
Construcción,Obras,45233127,Trabajos de construcción de intersecciones en T
Construcción,Obras,45233128,Trabajos de construcción de rotondas
Construcción,Obras,45233129,Trabajos de construcción de cruces de carreteras
Construcción,Obras,45233130,Trabajos de construcción de autopistas
Construcción,Obras,45233131,Trabajos de construcción de carreteras elevadas
Construcción,Obras,45233139,Mantenimiento de autopistas
Construcción,Obras,45233140,Obras viales
Construcción,Obras,45233141,Trabajos de mantenimiento de carreteras
Construcción,Obras,45233142,Trabajos de reparación de carreteras
Construcción,Obras,45233144,Trabajos de construcción de pasos elevados
Construcción,Obras,45233150,Trabajos destinados a la restricción del tráfico
Construcción,Obras,45233160,Caminos y otras superficies empedradas
Construcción,Obras,45233161,Trabajos de construcción de caminos peatonales
Construcción,Obras,45233162,Trabajos de construcción de pistas para bicicletas
Construcción,Obras,45233200,Trabajos diversos de pavimentación
Construcción,Obras,45233210,Trabajos de pavimentación de autopistas
Construcción,Obras,45233220,Trabajos de pavimentación de carreteras
Construcción,Obras,45233221,Trabajos de pintura de la superficie de la calzada
Construcción,Obras,45233222,Trabajos de pavimentación y asfaltado
Construcción,Obras,45233223,Trabajos de repavimentación de calzadas
Construcción,Obras,45233224,Trabajos de construcción de carreteras de calzada doble
Construcción,Obras,45233225,Trabajos de construcción de carreteras de calzada única
Construcción,Obras,45233226,Trabajos de construcción de vías de acceso
Construcción,Obras,45233227,Trabajos de construcción de ramales de enlace
Construcción,Obras,45233228,Trabajos de construcción de recubrimientos de superficies
Construcción,Obras,45233229,Mantenimiento de arcenes
Construcción,Obras,45233250,"Trabajos de pavimentación, excepto carreteras"
Construcción,Obras,45233251,Trabajos de repavimentación
Construcción,Obras,45233252,Trabajos de pavimentación de calles
Construcción,Obras,45233253,Trabajos de pavimentación de caminos peatonales
Construcción,Obras,45233260,Trabajos de construcción de vías peatonales
Construcción,Obras,45233261,Trabajos de construcción de pasos elevados de peatones
Construcción,Obras,45233262,Trabajos de construcción de zonas peatonales
Construcción,Obras,45233270,Trabajos de pintura de superficies de aparcamiento
Construcción,Obras,45233280,Instalación de barreras viarias
Construcción,Obras,45233290,Instalación de señales de tráfico
Construcción,Obras,45233291,Instalación de bolardos
Construcción,Obras,45233292,Instalación de equipo de seguridad
Construcción,Obras,45233293,Instalación de mobiliario urbano
Construcción,Obras,45233294,Instalación de señalización viaria
Construcción,Obras,45233300,"Trabajos de cimentación de autopistas, carreteras, calles y caminos peatonales"
Construcción,Obras,45233310,Trabajos de cimentación de autopistas
Construcción,Obras,45233320,Trabajos de cimentación de carreteras
Construcción,Obras,45233330,Trabajos de cimentación de calles
Construcción,Obras,45233340,Trabajos de cimentación de aceras
Construcción,Obras,45234000,Trabajos de construcción de vías férreas y sistemas de transporte por cable
Construcción,Obras,45234100,Trabajos de construcción ferroviaria
Construcción,Obras,45234110,Obras en vías férreas interurbanas
Construcción,Obras,45234111,Trabajos de construcción de ferrocarriles urbanos
Construcción,Obras,45234112,Trabajos de construcción de depósitos ferroviarios
Construcción,Obras,45234113,Demolición de vías
Construcción,Obras,45234114,Trabajos de construcción de terraplenes ferroviarios
Construcción,Obras,45234115,Trabajos de señalización ferroviaria
Construcción,Obras,45234116,Trabajos de construcción de vías férreas
Construcción,Obras,45234120,Obras en vías férreas urbanas
Construcción,Obras,45234121,Obras tranviarias
Construcción,Obras,45234122,Obras en la red de ferrocarriles subterráneos
Construcción,Obras,45234123,Obras en la red de ferrocarriles parcialmente subterráneos
Construcción,Obras,45234124,Transporte de pasajeros por ferrocarril subterráneo
Construcción,Obras,45234125,Estación de ferrocarril subterráneo
Construcción,Obras,45234126,Trabajos de construcción de línea tranviaria
Construcción,Obras,45234127,Trabajos de construcción de depósitos de tranvías
Construcción,Obras,45234128,Trabajos de construcción de plataformas de tranvías
Construcción,Obras,45234129,Trabajos de construcción de vías férreas urbanas
Construcción,Obras,45234130,Trabajos de construcción de balastado
Construcción,Obras,45234140,Trabajos de construcción de pasos a nivel
Construcción,Obras,45234160,Trabajos de construcción de catenarias
Construcción,Obras,45234170,Trabajos de construcción de subestaciones ferroviarias
Construcción,Obras,45234180,Trabajos de construcción para talleres ferroviarios
Construcción,Obras,45234181,Trabajos de construcción para cabinas de seccionamiento de vías férreas
Construcción,Obras,45234200,Sistemas de transporte por cable
Construcción,Obras,45234210,Sistemas de transporte por cable con cabinas
Construcción,Obras,45234220,Construcción de telesquí
Construcción,Obras,45234230,Construcción de telesilla
Construcción,Obras,45234240,Ferrocarril funicular
Construcción,Obras,45234250,Trabajos de construcción de teleféricos
Construcción,Obras,45235000,"Trabajos de construcción de aeródromos, pistas de despegue y aterrizaje y superficies de maniobra"
Construcción,Obras,45235100,Trabajos de construcción de aeropuertos
Construcción,Obras,45235110,Trabajos de construcción de aeródromos
Construcción,Obras,45235111,Trabajos de construcción de pavimentos de aeródromos
Construcción,Obras,45235200,Obras de construcción de pistas de despegue y aterrizaje
Construcción,Obras,45235210,Repavimentación de pistas
Construcción,Obras,45235300,Trabajos de construcción de superficies de maniobra de aeronaves
Construcción,Obras,45235310,Trabajos de construcción de pistas de rodaje
Construcción,Obras,45235311,Trabajos de construcción de pavimentos de pistas de rodaje
Construcción,Obras,45235320,Trabajos de construcción de zonas de estacionamiento de aeronaves
Construcción,Obras,45236000,Trabajos de explanación
Construcción,Obras,45236100,Trabajos de explanación para diversas instalaciones deportivas
Construcción,Obras,45236110,Trabajos de explanación para campos de deporte
Construcción,Obras,45236111,Trabajos de explanación para campo de golf
Construcción,Obras,45236112,Trabajos de explanación para pista de tenis
Construcción,Obras,45236113,Trabajos de explanación para hipódromo
Construcción,Obras,45236114,Trabajos de explanación para pista de pruebas deportivas
Construcción,Obras,45236119,Trabajos de reparación de campos de deporte
Construcción,Obras,45236200,Trabajos de explanación para instalaciones recreativas
Construcción,Obras,45236210,Trabajos de explanación de áreas de juego para niños
Construcción,Obras,45236220,Trabajos de explanación de parque zoológico
Construcción,Obras,45236230,Trabajos de explanación de jardines
Construcción,Obras,45236250,Trabajos de explanación de parques
Construcción,Obras,45236290,Trabajos de reparación de zonas recreativas
Construcción,Obras,45236300,Trabajos de explanación de cementerios
Construcción,Obras,45237000,Trabajos de construcción de escenarios
Construcción,Obras,45240000,Trabajos de construcción para proyectos hidráulicos
Construcción,Obras,45241000,Trabajos de construcción de instalaciones portuarias
Construcción,Obras,45241100,Trabajos de construcción de muelles
Construcción,Obras,45241200,"Trabajos de construcción ""in situ"" de terminales de alta mar"
Construcción,Obras,45241300,Trabajos de construcción de muelles (carga y descarga)
Construcción,Obras,45241400,Trabajos de construcción de diques
Construcción,Obras,45241500,Trabajos de construcción de embarcaderos
Construcción,Obras,45241600,Instalación de equipo de iluminación portuaria
Construcción,Obras,45242000,Trabajos de construcción de instalaciones de ocio ribereñas
Construcción,Obras,45242100,Trabajos de construcción de instalaciones para deportes acuáticos
Construcción,Obras,45242110,Trabajos de construcción de gradas de lanzamiento
Construcción,Obras,45242200,Trabajos de construcción de puertos deportivos
Construcción,Obras,45242210,Trabajos de construcción de puertos para yates
Construcción,Obras,45243000,Obras de defensa costera
Construcción,Obras,45243100,Obras de protección de acantilados
Construcción,Obras,45243110,Trabajos de estabilización de acantilados
Construcción,Obras,45243200,Trabajos de construcción de rompeolas
Construcción,Obras,45243300,Trabajos de construcción de malecones
Construcción,Obras,45243400,Obras de consolidación de playas
Construcción,Obras,45243500,Trabajos de construcción de defensas marítimas
Construcción,Obras,45243510,Obras de terraplenado
Construcción,Obras,45243600,Trabajos de construcción de muros de muelles
Construcción,Obras,45244000,Obras marítimas
Construcción,Obras,45244100,Instalaciones marítimas
Construcción,Obras,45244200,Espigones
Construcción,Obras,45245000,Trabajos de dragado y de bombeo para plantas depuradoras de agua
Construcción,Obras,45246000,Trabajos de regulación y control del caudal fluvial
Construcción,Obras,45246100,Construcción de muros de encauzamiento
Construcción,Obras,45246200,Trabajos de protección de riberas fluviales
Construcción,Obras,45246400,Obras de protección contra inundaciones
Construcción,Obras,45246410,Mantenimiento de defensas contra crecidas
Construcción,Obras,45246500,Trabajos de construcción de paseos marítimos
Construcción,Obras,45246510,Trabajos de construcción de pasarelas de madera
Construcción,Obras,45247000,"Trabajos de construcción de represas, canales, acequias y acueductos"
Construcción,Obras,45247100,Trabajos de construcción de vías acuáticas
Construcción,Obras,45247110,Construcción de canales
Construcción,Obras,45247111,Trabajos de construcción de acequias
Construcción,Obras,45247112,Trabajos de construcción de canales de desagÃ¼e
Construcción,Obras,45247120,"Vías acuáticas, excepto canales"
Construcción,Obras,45247130,Trabajos de construcción de acueductos
Construcción,Obras,45247200,Trabajos de construcción de presas y estructuras fijas similares
Construcción,Obras,45247210,Trabajos de construcción de presas
Construcción,Obras,45247211,Trabajos de construcción de muros de presa
Construcción,Obras,45247212,Trabajos de refuerzo de presas
Construcción,Obras,45247220,Trabajos de construcción de vertederos
Construcción,Obras,45247230,Trabajos de construcción de escolleras
Construcción,Obras,45247240,Trabajos de construcción de presas fijas
Construcción,Obras,45247270,Trabajos de construcción de embalses
Construcción,Obras,45248000,Trabajos de construcción de estructuras hidromecánicas
Construcción,Obras,45248100,Trabajos de construcción de esclusas de canal
Construcción,Obras,45248200,Trabajos de construcción de diques secos
Construcción,Obras,45248300,Construcción de diques flotantes
Construcción,Obras,45248400,Trabajos de construcción de pasarelas de embarque
Construcción,Obras,45248500,Trabajos de construcción de presas móviles
Construcción,Obras,45250000,"Trabajos de construcción de plantas, de instalaciones para la minería y la industria y de edificios relacionados con la industria del gas y del petróleo"
Construcción,Obras,45251000,Trabajos de construcción de centrales eléctricas y plantas de calefacción
Construcción,Obras,45251100,Trabajos de construcción de centrales eléctricas
Construcción,Obras,45251110,Trabajos de construcción de centrales nucleares
Construcción,Obras,45251111,Construcción de reactor nuclear
Construcción,Obras,45251120,Trabajos de construcción de centrales hidroeléctricas
Construcción,Obras,45251140,Trabajos de construcción de centrales térmicas
Construcción,Obras,45251141,Trabajos de construcción de centrales geotérmicas
Construcción,Obras,45251142,Trabajos de construcción de centrales eléctricas alimentadas con leña
Construcción,Obras,45251143,Trabajos de construcción de plantas generadoras de aire comprimido
Construcción,Obras,45251150,Construción de torre de refrigeración
Construcción,Obras,45251160,Trabajos relacionados con instalaciones eólicas
Construcción,Obras,45251200,Trabajos de construcción de plantas de calefacción
Construcción,Obras,45251220,Trabajos de construcción de centrales de cogeneración
Construcción,Obras,45251230,Trabajos de construcción de centrales generadoras de vapor
Construcción,Obras,45251240,Trabajos de construcción de plantas generadoras de electricidad alimentadas con gas de vertedero
Construcción,Obras,45251250,Trabajos de construcción de plantas de calefacción urbana
Construcción,Obras,45252000,"Trabajos de construcción de plantas de tratamiento de aguas residuales, plantas depuradoras y plantas de incineración de desperdicios"
Construcción,Obras,45252100,Trabajos de construcción de plantas depuradoras de aguas residuales
Construcción,Obras,45252110,Trabajos de construcción de estaciones móviles
Construcción,Obras,45252120,Trabajos de construcción de plantas de tratamiento de aguas
Construcción,Obras,45252121,Instalaciones de sedimentación
Construcción,Obras,45252122,Digestores de aguas residuales
Construcción,Obras,45252123,Instalaciones de cribado
Construcción,Obras,45252124,Trabajos de dragado y de bombeo
Construcción,Obras,45252125,Trabajos de descarga de rocas
Construcción,Obras,45252126,Trabajos de construcción de plantas de tratamiento de agua potable
Construcción,Obras,45252127,Trabajos de construcción de plantas de tratamiento de aguas residuales
Construcción,Obras,45252130,Equipo de planta depuradora de aguas residuales
Construcción,Obras,45252140,Trabajos de construcción de plantas de deshidratación de lodos
Construcción,Obras,45252150,Trabajos de construcción de plantas de manipulación de carbón
Construcción,Obras,45252200,Equipo de planta depuradora
Construcción,Obras,45252210,Trabajos de construcción de plantas de depuración de agua
Construcción,Obras,45252300,Trabajos de construcción de plantas de incineración de residuos
Construcción,Obras,45253000,Trabajos de construcción de plantas de tratamiento químico
Construcción,Obras,45253100,Trabajos de construcción de plantas de desmineralización
Construcción,Obras,45253200,Trabajos de construcción de plantas de desulfuración
Construcción,Obras,45253300,Trabajos de construcción de instalaciones de destilación o de rectificación
Construcción,Obras,45253310,Trabajos de construcción de instalaciones de destilación de agua
Construcción,Obras,45253320,Trabajos de construcción de instalaciones de destilación de alcohol
Construcción,Obras,45253400,Trabajos de construcción de plantas petroquímicas
Construcción,Obras,45253500,Trabajos de construcción de plantas farmacéuticas
Construcción,Obras,45253600,Trabajos de construcción de plantas de desionización
Construcción,Obras,45253700,Trabajos de construcción de plantas digestoras
Construcción,Obras,45253800,Trabajos de construcción de plantas de compostaje
Construcción,Obras,45254000,Trabajos de construcción para la minería y la industria
Construcción,Obras,45254100,Trabajos de construcción para la minería
Construcción,Obras,45254110,Trabajos de construcción de bocaminas
Construcción,Obras,45254200,Trabajos de construcción de fábricas
Construcción,Obras,45255000,Trabajos de construcción para la industria del petróleo y del gas
Construcción,Obras,45255100,Obras de construcción de plataformas de producción
Construcción,Obras,45255110,Trabajos de construcción de pozos de extracción
Construcción,Obras,45255120,Trabajos de construcción de instalaciones para plataformas
Construcción,Obras,45255121,Trabajos de construcción de instalaciones de superficie
Construcción,Obras,45255200,Trabajos de construcción de refinerías de petróleo
Construcción,Obras,45255210,Trabajos de construcción de terminales de petróleo
Construcción,Obras,45255300,Trabajos de construcción de terminales de gas
Construcción,Obras,45255400,Trabajos de montaje
Construcción,Obras,45255410,Trabajos de montaje en alta mar
Construcción,Obras,45255420,Trabajos de montaje en la costa
Construcción,Obras,45255430,Demolición de plataformas petrolíferas
Construcción,Obras,45255500,Trabajos de perforación y de exploración
Construcción,Obras,45255600,Trabajos en pozos con tubería helicoidal
Construcción,Obras,45255700,Trabajos de construcción de plantas de gasificación de carbón
Construcción,Obras,45255800,Trabajos de construcción de plantas de producción de gas
Construcción,Obras,45259000,Reparación y mantenimiento de instalaciones
Construcción,Obras,45259100,Reparación y mantenimiento de planta depuradora de aguas residuales
Construcción,Obras,45259200,Reparación y mantenimiento de planta de depuración
Construcción,Obras,45259300,Reparación y mantenimiento de plantas de calefacción
Construcción,Obras,45259900,Actualización de instalaciones
Construcción,Obras,45260000,Trabajos de techado y otros trabajos de construcción especializados
Construcción,Obras,45261000,"Trabajos de construcción de cubiertas y estructuras de cerramiento, y trabajos conexos"
Construcción,Obras,45261100,Trabajos de construcción de armaduras para cubiertas
Construcción,Obras,45261200,Trabajos de recubrimiento y pintura de cubiertas
Construcción,Obras,45261210,Trabajos de recubrimiento
Construcción,Obras,45261211,Colocación de tejas
Construcción,Obras,45261212,Empizarrado de tejados
Construcción,Obras,45261213,Colocación de cubiertas metálicas
Construcción,Obras,45261214,Revestimiento de cubiertas con tela asfáltica
Construcción,Obras,45261215,Revestimiento de cubiertas con placas solares
Construcción,Obras,45261220,Trabajos de pintura y demás trabajos de recubrimiento de cubiertas
Construcción,Obras,45261221,Trabajos de pintura de cubiertas
Construcción,Obras,45261222,Recubrimiento de cubiertas con cemento
Construcción,Obras,45261300,Colocación de vierteaguas y canalones
Construcción,Obras,45261310,Colocación de vierteaguas
Construcción,Obras,45261320,Colocación de canalones
Construcción,Obras,45261400,Trabajos de revestimiento
Construcción,Obras,45261410,Trabajos de aislamiento para tejados
Construcción,Obras,45261420,Trabajos de impermeabilización
Construcción,Obras,45261900,Reparación y mantenimiento de tejados
Construcción,Obras,45261910,Reparación de tejados
Construcción,Obras,45261920,Mantenimiento de tejados
Construcción,Obras,45262000,Trabajos de construcción especializados distintos de los trabajos de techado
Construcción,Obras,45262100,Trabajos de andamiaje
Construcción,Obras,45262110,Desmantelamiento de andamios
Construcción,Obras,45262120,Montaje de andamios
Construcción,Obras,45262200,Trabajos de cimentación y perforación de pozos de agua
Construcción,Obras,45262210,Trabajos de cimentación
Construcción,Obras,45262211,Instalación de pilotes
Construcción,Obras,45262212,Trabajos de entibación
Construcción,Obras,45262213,Procedimiento de rozas en los paramentos
Construcción,Obras,45262220,Perforación de pozos de agua
Construcción,Obras,45262300,Trabajos de hormigonado
Construcción,Obras,45262310,Trabajos con hormigón armado
Construcción,Obras,45262311,Trabajos de estructuras de hormigón
Construcción,Obras,45262320,Trabajos de enrasado
Construcción,Obras,45262321,Trabajos de enrasado de suelos
Construcción,Obras,45262330,Trabajos de reparación de hormigón
Construcción,Obras,45262340,Trabajos de inyección de cemento
Construcción,Obras,45262350,Trabajos con hormigón en masa
Construcción,Obras,45262360,Trabajos de consolidación con cemento
Construcción,Obras,45262370,Trabajos de colocación de recubrimientos de hormigón
Construcción,Obras,45262400,Trabajos de montaje de estructuras de acero
Construcción,Obras,45262410,Trabajos de montaje de estructuras de acero para edificios
Construcción,Obras,45262420,Trabajos de montaje de piezas de acero para la construcción de estructuras
Construcción,Obras,45262421,Trabajos de amarre en alta mar
Construcción,Obras,45262422,Trabajos de perforación submarina
Construcción,Obras,45262423,Trabajos de fabricación de pontones
Construcción,Obras,45262424,Trabajos de fabricación de módulos en alta mar
Construcción,Obras,45262425,Trabajos de fabricación de pilares de tubo de acero
Construcción,Obras,45262426,Trabajos de fabricación de pilotes
Construcción,Obras,45262500,Trabajos de mampostería y albañilería
Construcción,Obras,45262510,Cantería
Construcción,Obras,45262511,Tallado de piedras
Construcción,Obras,45262512,Trabajos con piedra tallada
Construcción,Obras,45262520,Trabajos de albañilería
Construcción,Obras,45262521,Obras de revestimiento con ladrillos
Construcción,Obras,45262522,Trabajos de mampostería
Construcción,Obras,45262600,Trabajos de construcción especializados diversos
Construcción,Obras,45262610,Chimeneas industriales
Construcción,Obras,45262620,Muros de contención
Construcción,Obras,45262630,Construcción de hornos
Construcción,Obras,45262640,Trabajos de mejoramiento del medio ambiente
Construcción,Obras,45262650,Trabajos de revestimiento de fachadas
Construcción,Obras,45262660,Trabajos de retirada de amianto
Construcción,Obras,45262670,Trabajos de metalistería
Construcción,Obras,45262680,Soldaduras
Construcción,Obras,45262690,Remozamiento de edificios degradados
Construcción,Obras,45262700,Trabajos de transformación de edificios
Construcción,Obras,45262710,Trabajos de mantenimiento de frescos
Construcción,Obras,45262800,Trabajos de ampliación de edificios
Construcción,Obras,45262900,Trabajos de balcones y terrazas
Construcción,Obras,45300000,Trabajos de instalación en edificios
Construcción,Obras,45310000,Trabajos de instalación eléctrica
Construcción,Obras,45311000,Trabajos de instalación de cableado y accesorios eléctricos
Construcción,Obras,45311100,Trabajos de cableado eléctrico
Construcción,Obras,45311200,Trabajos de instalación de accesorios eléctricos
Construcción,Obras,45312000,Instalación de sistemas de alarma y antenas
Construcción,Obras,45312100,Instalación de sistemas de alarma contra incendios
Construcción,Obras,45312200,Instalación de sistemas de alarma antirrobo
Construcción,Obras,45312300,Instalación de antenas
Construcción,Obras,45312310,Trabajos de protección contra rayos
Construcción,Obras,45312311,Instalación de pararrayos
Construcción,Obras,45312320,Instalación de antenas de televisión
Construcción,Obras,45312330,Instalación de antenas de radio
Construcción,Obras,45313000,Instalación de ascensores y escaleras mecánicas
Construcción,Obras,45313100,Instalación de ascensores
Construcción,Obras,45313200,Instalación de escaleras mecánicas
Construcción,Obras,45313210,Instalación de pasillos móviles
Construcción,Obras,45314000,Instalación de equipo de telecomunicaciones
Construcción,Obras,45314100,Instalación de centrales telefónicas
Construcción,Obras,45314120,Instalación de centros de conmutación
Construcción,Obras,45314200,Instalación de líneas telefónicas
Construcción,Obras,45314300,Infraestructura para cables
Construcción,Obras,45314310,Tendido de cables
Construcción,Obras,45314320,Instalación de cableado informático
Construcción,Obras,45315000,Trabajos de instalación eléctrica de equipos de calefacción y otros equipos eléctricos para edificios
Construcción,Obras,45315100,Trabajos de instalación de ingeniería eléctrica
Construcción,Obras,45315200,Trabajos relacionados con turbinas
Construcción,Obras,45315300,Instalaciones de suministro de electricidad
Construcción,Obras,45315400,Instalaciones de alta tensión
Construcción,Obras,45315500,Instalaciones de media tensión
Construcción,Obras,45315600,Instalaciones de baja tensión
Construcción,Obras,45315700,Instalación de puestos de seccionamiento
Construcción,Obras,45316000,Trabajos de instalación de sistemas de alumbrado y señalización
Construcción,Obras,45316100,Instalación de equipo de alumbrado exterior
Construcción,Obras,45316110,Instalación de equipo de alumbrado para carreteras
Construcción,Obras,45316200,Instalación de equipo de señalización
Construcción,Obras,45316210,Instalación de equipo de control del tráfico
Construcción,Obras,45316211,Instalación de señales luminosas para carretera
Construcción,Obras,45316212,Instalación de semáforos
Construcción,Obras,45316213,Instalación de equipo de balizamiento
Construcción,Obras,45316220,Instalación de equipo de señalización de aeropuertos
Construcción,Obras,45316230,Instalación de equipo de señalización de puertos
Construcción,Obras,45317000,Otros trabajos de instalación eléctrica
Construcción,Obras,45317100,Trabajos de instalación eléctrica de equipos de bombeo
Construcción,Obras,45317200,Trabajos de instalación eléctrica de transformadores
Construcción,Obras,45317300,Trabajos de instalación eléctrica de aparatos de distribución eléctrica
Construcción,Obras,45317400,Trabajos de instalación eléctrica de equipo de filtración
Construcción,Obras,45320000,Trabajos de aislamiento
Construcción,Obras,45321000,Trabajos de aislamiento térmico
Construcción,Obras,45323000,Trabajos de aislamiento acústico
Construcción,Obras,45324000,Trabajos de colocación de cartón-yeso
Construcción,Obras,45330000,Trabajos de fontanería
Construcción,Obras,45331000,"Trabajos de instalación de calefacción, ventilación y aire acondicionado"
Construcción,Obras,45331100,Trabajos de instalación de calefacción central
Construcción,Obras,45331110,Trabajos de instalación de calderas
Construcción,Obras,45331200,Trabajos de instalación de ventilación y aire acondicionado
Construcción,Obras,45331210,Trabajos de instalación de ventilación
Construcción,Obras,45331211,Trabajos de instalación de ventilación para intemperie
Construcción,Obras,45331220,Trabajos de instalación de aire acondicionado
Construcción,Obras,45331221,Trabajos de instalación de aire acondicionado que renueva el aire natural solamente de forma parcial
Construcción,Obras,45331230,Trabajos de instalación de equipos de refrigeración
Construcción,Obras,45331231,Trabajos de instalación de equipos técnicos de refrigeración
Construcción,Obras,45332000,Trabajos de instalación sanitaria y de colocación de tuberías de desagÃ¼e
Construcción,Obras,45332200,Trabajos de tendido de cañerías de agua
Construcción,Obras,45332300,Trabajos de tendido de cañerías de desagÃ¼e
Construcción,Obras,45332400,Trabajos de instalación de artículos sanitarios
Construcción,Obras,45333000,Trabajos de instalación de aparatos de gas
Construcción,Obras,45333100,Trabajos de instalación de equipos reguladores de gas
Construcción,Obras,45333200,Trabajos de instalación de contadores de gas
Construcción,Obras,45340000,"Trabajos de instalación de barandillas, pasamanos y dispositivos de seguridad"
Construcción,Obras,45341000,Instalación de pasamanos
Construcción,Obras,45342000,Instalación de barandillas
Construcción,Obras,45343000,Trabajos de instalación de dispositivos de protección contra incendios
Construcción,Obras,45343100,Trabajos de ignifugación
Construcción,Obras,45343200,Trabajos de instalación de dispositivos contra incendios
Construcción,Obras,45343210,Trabajos de instalación de dispositivos de extinción de incendios con CO2
Construcción,Obras,45343220,Trabajos de instalación de aparatos extintores
Construcción,Obras,45343230,Trabajos de instalación de sistemas de aspersión automática
Construcción,Obras,45350000,Instalaciones mecánicas
Construcción,Obras,45351000,Trabajos de instalación de ingeniería mecánica
Construcción,Obras,45400000,Acabado de edificios
Construcción,Obras,45410000,Trabajos de enlucido
Construcción,Obras,45420000,Trabajos de instalación de carpintería de madera
Construcción,Obras,45421000,Trabajos de ebanistería
Construcción,Obras,45421100,"Instalación de puertas, ventanas y elementos conexos"
Construcción,Obras,45421110,Instalación de marcos de puertas y ventanas
Construcción,Obras,45421111,Instalación de marcos de puertas
Construcción,Obras,45421112,Instalación de marcos de ventanas
Construcción,Obras,45421120,Instalación de umbrales
Construcción,Obras,45421130,Instalación de puertas y ventanas
Construcción,Obras,45421131,Instalación de puertas
Construcción,Obras,45421132,Instalación de ventanas
Construcción,Obras,45421140,"Instalación de carpintería metálica, excepto puertas y ventanas"
Construcción,Obras,45421141,Instalación de tabiques
Construcción,Obras,45421142,Instalación de contraventanas
Construcción,Obras,45421143,Trabajos de instalación de persianas
Construcción,Obras,45421144,Trabajos de instalación de toldos
Construcción,Obras,45421145,Trabajos de instalación de persianas enrollables
Construcción,Obras,45421146,Instalación de falsos techos
Construcción,Obras,45421147,Instalación de rejas
Construcción,Obras,45421148,Instalación de verjas
Construcción,Obras,45421150,Trabajos de instalación de carpintería no metálica
Construcción,Obras,45421151,Instalación de cocinas equipadas
Construcción,Obras,45421152,Instalación de paredes divisorias
Construcción,Obras,45421153,Instalación de muebles empotrados
Construcción,Obras,45421160,Trabajos de cerrajería y carpintería metálica
Construcción,Obras,45422000,Carpintería y ebanistería
Construcción,Obras,45422100,Trabajos en madera
Construcción,Obras,45430000,Trabajos de revestimiento de suelos y paredes
Construcción,Obras,45431000,Trabajos de alicatado
Construcción,Obras,45431100,Trabajos de alicatado de suelos
Construcción,Obras,45431200,Trabajos de alicatado de paredes
Construcción,Obras,45432000,"Trabajos de pavimentación, revestimiento y empapelado de paredes"
Construcción,Obras,45432100,Trabajos de pavimentación y revestimiento de suelos
Construcción,Obras,45432110,Trabajos de solado
Construcción,Obras,45432111,Colocación de pavimentos flexibles
Construcción,Obras,45432112,Colocación de adoquinado
Construcción,Obras,45432113,Revestimiento de parqué
Construcción,Obras,45432114,Trabajos de entarugado
Construcción,Obras,45432120,Trabajos de instalación de falsos suelos
Construcción,Obras,45432121,Pisos para salas de informática
Construcción,Obras,45432130,Trabajo de revestimiento de suelos
Construcción,Obras,45432200,Trabajos de revestimiento y empapelado de paredes
Construcción,Obras,45432210,Trabajos de revestimiento de paredes
Construcción,Obras,45432220,Trabajos de empapelado de paredes
Construcción,Obras,45440000,Trabajos de pintura y acristalamiento
Construcción,Obras,45441000,Trabajos de acristalamiento
Construcción,Obras,45442000,Aplicación de recubrimiento protector
Construcción,Obras,45442100,Trabajos de pintura
Construcción,Obras,45442110,Trabajos de pintura de edificios
Construcción,Obras,45442120,Trabajos de pintura y aplicación de recubrimiento protector de estructuras
Construcción,Obras,45442121,Trabajos de pintura de estructuras
Construcción,Obras,45442180,Trabajos de renovación de pintura
Construcción,Obras,45442190,Trabajos de decapado de pintura
Construcción,Obras,45442200,Aplicación de recubrimientos anticorrosivos
Construcción,Obras,45442210,Trabajos de galvanización
Construcción,Obras,45442300,Obras de protección de superficies
Construcción,Obras,45443000,Trabajos de fachada
Construcción,Obras,45450000,Otros trabajos de acabado de edificios
Construcción,Obras,45451000,Trabajos de decoración
Construcción,Obras,45451100,Trabajos de ornamentación
Construcción,Obras,45451200,Revestimiento con paneles
Construcción,Obras,45451300,Jardines interiores
Construcción,Obras,45452000,Trabajos de limpieza exterior de edificios
Construcción,Obras,45452100,Limpieza con chorro de arena de paredes exteriores
Construcción,Obras,45453000,Trabajos de revisión y reacondicionamiento
Construcción,Obras,45453100,Trabajos de reacondicionamiento
Construcción,Obras,45454000,Trabajos de reestructuración
Construcción,Obras,45454100,Trabajos de restauración
Construcción,Obras,45500000,Alquiler de maquinaria y equipo de construcción y de ingeniería civil con maquinista
Construcción,Obras,45510000,Alquiler de grúas con maquinista
Construcción,Obras,45520000,Alquiler de maquinaria para movimiento de tierras con maquinista
Software y licencias,Obras,48000000,Paquetes de software y sistemas de información
Software y licencias,Obras,48100000,Paquetes de software específico de un sector económico
Software y licencias,Obras,48110000,Paquetes de software de puntos de venta
Software y licencias,Obras,48120000,Paquetes de software de control de vuelos
Software y licencias,Obras,48121000,Paquetes de software de control del tránsito aéreo
Software y licencias,Obras,48130000,Paquetes de software de apoyo en tierra y de ensayos para la aviación
Software y licencias,Obras,48131000,Paquetes de software de apoyo en tierra para la aviación
Software y licencias,Obras,48132000,Paquetes de software de ensayos para la aviación
Software y licencias,Obras,48140000,Paquetes de software de control del tráfico ferroviario
Software y licencias,Obras,48150000,Paquetes de software de control industrial
Software y licencias,Obras,48151000,Sistema de control informático
Software y licencias,Obras,48160000,Paquetes de software de bibliotecas
Software y licencias,Obras,48161000,Sistema de gestión de biblioteca
Software y licencias,Obras,48170000,Paquetes de software de conformidad
Software y licencias,Obras,48180000,Paquetes de software médico
Software y licencias,Obras,48190000,Paquetes de software educativo
Software y licencias,Obras,48200000,"Paquetes de software de conexión en red, Internet e intranet"
Software y licencias,Obras,48210000,Paquetes de software de conexión en red
Software y licencias,Obras,48211000,Paquetes de software de interconectividad de plataformas
Software y licencias,Obras,48212000,Paquetes de software de servidor de discos ópticos
Software y licencias,Obras,48213000,Paquetes de software para mejorar el sistema operativo
Software y licencias,Obras,48214000,Paquetes de software de sistemas operativos en red
Software y licencias,Obras,48215000,Paquetes de software de desarrolladores de redes
Software y licencias,Obras,48216000,Paquetes de software de emulación de terminal de conectividad de redes
Software y licencias,Obras,48217000,Paquetes de software de proceso de transacciones
Software y licencias,Obras,48217100,Paquetes de software de proceso de transacciones de la unidad central
Software y licencias,Obras,48217200,Paquetes de software de proceso de transacciones para miniordenadores
Software y licencias,Obras,48217300,Paquetes de software de proceso de transacciones para microordenadores
Software y licencias,Obras,48218000,Paquetes de software de gestión de licencias
Software y licencias,Obras,48219000,Paquetes de software diversos de conexión en red
Software y licencias,Obras,48219100,Paquetes de software de pasarela
Software y licencias,Obras,48219200,Paquetes de software de servidor de discos compactos (CD)
Software y licencias,Obras,48219300,Paquetes de software de administración
Software y licencias,Obras,48219400,Paquetes de software de servidor de transacciones
Software y licencias,Obras,48219500,Paquetes de software de desvío o conmutación
Software y licencias,Obras,48219600,Paquetes de software de multiplexor
Software y licencias,Obras,48219700,Paquetes de software de servidor de comunicaciones
Software y licencias,Obras,48219800,Paquetes de software puente
Software y licencias,Obras,48220000,Paquetes de software de Internet e intranet
Software y licencias,Obras,48221000,Paquetes de software de navegación en Internet
Software y licencias,Obras,48222000,Paquetes de software de servidor web
Software y licencias,Obras,48223000,Paquetes de software de correo electrónico
Software y licencias,Obras,48224000,Paquetes de software de edición de páginas web
Software y licencias,Obras,48300000,"Paquetes de software de creación de documentos, dibujo, tratamiento de imágenes, planificación y productividad"
Software y licencias,Obras,48310000,Paquetes de software de creación de documentos
Software y licencias,Obras,48311000,Paquetes de software de gestión de documentos
Software y licencias,Obras,48311100,Sistema de gestión de documentos
Software y licencias,Obras,48312000,Paquetes de software de edición electrónica
Software y licencias,Obras,48313000,Paquetes de software de reconocimiento óptico de caracteres (OCR)
Software y licencias,Obras,48313100,Sistema de lectura óptica
Software y licencias,Obras,48314000,Paquetes de software de reconocimiento vocal
Software y licencias,Obras,48315000,Paquetes de software de autoedición
Software y licencias,Obras,48316000,Paquetes de software de presentación
Software y licencias,Obras,48317000,Paquetes de software de tratamiento de textos
Software y licencias,Obras,48318000,Paquetes de software de escáner
Software y licencias,Obras,48319000,Correctores ortográficos
Software y licencias,Obras,48320000,Paquetes de software de dibujo y tratamiento de imágenes
Software y licencias,Obras,48321000,Paquetes de software de diseño asistido por ordenador (DAO)
Software y licencias,Obras,48321100,Sistema de diseño asistido por ordenador (DAO)
Software y licencias,Obras,48322000,Paquetes de software de gráficos
Software y licencias,Obras,48323000,Paquetes de software de fabricación asistida por ordenador (FAO)
Software y licencias,Obras,48324000,Paquetes de software de trazado de diagramas
Software y licencias,Obras,48325000,Paquetes de software de diseño de formularios
Software y licencias,Obras,48326000,Paquetes de software cartográfico
Software y licencias,Obras,48326100,Sistema de cartografía digital
Software y licencias,Obras,48327000,Paquetes de software de dibujo y pintura
Software y licencias,Obras,48328000,Paquetes de software de tratamiento de imágenes
Software y licencias,Obras,48329000,Sistema de imágenes y archivo
Software y licencias,Obras,48330000,Paquetes de software de planificación y productividad
Software y licencias,Obras,48331000,Paquetes de software de gestión de proyectos
Software y licencias,Obras,48332000,Paquetes de software de planificación
Software y licencias,Obras,48333000,Paquetes de software de gestión de contactos
Software y licencias,Obras,48400000,Paquetes de software de transacciones comerciales y personales
Software y licencias,Obras,48410000,Paquetes de software de gestión de inversiones y elaboración de declaraciones fiscales
Software y licencias,Obras,48411000,Paquetes de software de gestión de inversiones
Software y licencias,Obras,48412000,Paquetes de software de elaboración de declaraciones fiscales
Software y licencias,Obras,48420000,"Paquetes de software de gestión de instalaciones y ""suite"" de paquetes de software"
Software y licencias,Obras,48421000,Paquetes de software de gestión de instalaciones
Software y licencias,Obras,48422000,"""Suites"" de paquetes de software"
Software y licencias,Obras,48430000,Paquetes de software de gestión de inventarios
Software y licencias,Obras,48440000,Paquetes de software de análisis financiero y contabilidad
Software y licencias,Obras,48441000,Paquetes de software de análisis financiero
Software y licencias,Obras,48442000,Paquetes de software de sistemas financieros
Software y licencias,Obras,48443000,Paquetes de software de contabilidad
Software y licencias,Obras,48444000,Sistema de contabilidad
Software y licencias,Obras,48444100,Sistema de facturación
Software y licencias,Obras,48445000,Paquetes de software de gestión de relaciones con el consumidor
Software y licencias,Obras,48450000,Paquetes de software de contabilización del tiempo o recursos humanos
Software y licencias,Obras,48451000,Paquetes de software de planificación de recursos empresariales
Software y licencias,Obras,48460000,"Paquetes de software analítico, científico, matemático o predictivo"
Software y licencias,Obras,48461000,Paquetes de software analítico o científico
Software y licencias,Obras,48462000,Paquetes de software matemático o predictivo
Software y licencias,Obras,48463000,Paquetes de software estadístico
Software y licencias,Obras,48470000,Paquetes de software de subastas
Software y licencias,Obras,48480000,"Paquetes de software de ventas, mercadotecnia e inteligencia empresarial"
Software y licencias,Obras,48481000,Paquetes de software de ventas o mercadotecnia
Software y licencias,Obras,48482000,Paquetes de software de inteligencia empresarial
Software y licencias,Obras,48490000,Paquetes de software de contratación administrativa
Software y licencias,Obras,48500000,Paquetes de software de comunicación y multimedia
Software y licencias,Obras,48510000,Paquetes de software de comunicación
Software y licencias,Obras,48511000,Paquetes de software de comunicaciones de escritorio
Software y licencias,Obras,48512000,Paquetes de software de respuesta vocal interactiva
Software y licencias,Obras,48513000,Paquetes de software de módem
Software y licencias,Obras,48514000,Paquetes de software de acceso remoto
Software y licencias,Obras,48515000,Paquetes de software de videoconferencia
Software y licencias,Obras,48516000,Paquetes de software de intercambio
Software y licencias,Obras,48517000,Paquetes de software de TI
Software y licencias,Obras,48518000,Paquetes de software de emulación
Software y licencias,Obras,48519000,Paquetes de software de gestión de memoria
Software y licencias,Obras,48520000,Paquetes de software multimedia
Software y licencias,Obras,48521000,Paquetes de software de edición de música o sonido
Software y licencias,Obras,48522000,Paquetes de software de teclado virtual
Software y licencias,Obras,48600000,Paquetes de software de bases de datos y de funcionamiento
Software y licencias,Obras,48610000,Sistemas de bases de datos
Software y licencias,Obras,48611000,Paquetes de software de bases de datos
Software y licencias,Obras,48612000,Sistema de gestión de base de datos
Software y licencias,Obras,48613000,Gestión electrónica de datos
Software y licencias,Obras,48614000,Sistema de recopilación de datos
Software y licencias,Obras,48620000,Sistemas operativos
Software y licencias,Obras,48621000,Paquetes de software de sistema operativo de unidad central
Software y licencias,Obras,48622000,Paquetes de software de sistema operativo de miniordenador
Software y licencias,Obras,48623000,Paquetes de software de sistema operativo de microordenador
Software y licencias,Obras,48624000,Paquetes de software de sistema operativo de ordenador personal (PC)
Software y licencias,Obras,48625000,Sistemas operativos de sistemas abiertos
Software y licencias,Obras,48626000,Paquetes de software de agrupamiento
Software y licencias,Obras,48627000,Paquetes de software de sistema operativo de tiempo real
Software y licencias,Obras,48628000,Arquitectura microcanal
Software y licencias,Obras,48700000,Utilidades de paquetes de software
Software y licencias,Obras,48710000,Paquetes de software de copia de seguridad o recuperación
Software y licencias,Obras,48720000,Paquetes de software de código de barras
Software y licencias,Obras,48730000,Paquetes de software de seguridad
Software y licencias,Obras,48731000,Paquetes de software de seguridad de archivos
Software y licencias,Obras,48732000,Paquetes de software de seguridad de datos
Software y licencias,Obras,48740000,Paquetes de software de traducción de lenguas extranjeras
Software y licencias,Obras,48750000,Paquetes de software de carga de medios de almacenamiento
Software y licencias,Obras,48760000,Paquetes de software de protección antivirus
Software y licencias,Obras,48761000,Paquetes de software antivirus
Software y licencias,Obras,48770000,"Paquetes de software de utilidades generales, de compresión y de impresión"
Software y licencias,Obras,48771000,Paquetes de software de utilidades generales
Software y licencias,Obras,48772000,Utilidades de compresión
Software y licencias,Obras,48773000,Paquetes de software de utilidades de impresión
Software y licencias,Obras,48773100,Paquetes de software de cola de impresión
Software y licencias,Obras,48780000,"Paquetes de software de gestión de sistemas, almacenamiento y contenido"
Software y licencias,Obras,48781000,Paquetes de software de gestión de sistemas
Software y licencias,Obras,48782000,Paquetes de software de gestión de almacenamiento
Software y licencias,Obras,48783000,Paquetes de software de gestión de contenido
Software y licencias,Obras,48790000,Paquetes de software de comprobación de versiones
Software y licencias,Obras,48800000,Sistemas y servidores de información
Software y licencias,Obras,48810000,Sistemas de información
Software y licencias,Obras,48811000,Sistema de correo electrónico
Software y licencias,Obras,48812000,Sistemas de información financiera
Software y licencias,Obras,48813000,Sistema de información al pasajero
Software y licencias,Obras,48813100,Tablones de anuncios electrónicos
Software y licencias,Obras,48813200,Sistema de información a los pasajeros en tiempo real
Software y licencias,Obras,48814000,Sistemas de información médica
Software y licencias,Obras,48814100,Sistema de información de enfermería
Software y licencias,Obras,48814200,Sistema de administración de pacientes
Software y licencias,Obras,48814300,Sistema de gestión de quirófanos
Software y licencias,Obras,48814400,Sistema de información clínica
Software y licencias,Obras,48814500,Sistema de gestión de pacientes (Casemix)
Software y licencias,Obras,48820000,Servidores
Software y licencias,Obras,48821000,Servidores de red
Software y licencias,Obras,48822000,Servidores de ordenador
Software y licencias,Obras,48823000,Servidores de fichero
Software y licencias,Obras,48824000,Servidores de impresora
Software y licencias,Obras,48825000,Servidores web
Software y licencias,Obras,48900000,Paquetes de software y sistemas informáticos diversos
Software y licencias,Obras,48910000,"Paquetes de software de juegos informáticos, juegos para la familia y salvapantallas"
Software y licencias,Obras,48911000,Paquetes de software de juegos informáticos
Software y licencias,Obras,48912000,Juegos para la familia
Software y licencias,Obras,48913000,Salvapantallas
Software y licencias,Obras,48920000,Paquetes de software ofimático
Software y licencias,Obras,48921000,Sistema de automatización
Software y licencias,Obras,48930000,Paquetes de software de formación y entretenimiento
Software y licencias,Obras,48931000,Paquetes de software de formación
Software y licencias,Obras,48932000,Paquetes de software de entretenimiento
Software y licencias,Obras,48940000,Paquetes de software de diseños y calendario
Software y licencias,Obras,48941000,Paquetes de software de diseños
Software y licencias,Obras,48942000,Paquetes de software de calendario
Software y licencias,Obras,48950000,Sistema de localización de barcos y de megafonía
Software y licencias,Obras,48951000,Sistema de localización de barcos
Software y licencias,Obras,48952000,Sistemas de megafonía
Software y licencias,Obras,48960000,Paquetes de software de controladores y sistemas
Software y licencias,Obras,48961000,Controladores de ethernet
Software y licencias,Obras,48962000,Controladores de tarjetas de gráficos
Software y licencias,Obras,48970000,Paquetes de software para imprenta
Software y licencias,Obras,48971000,Paquetes de software para crear libretas de direcciones
Software y licencias,Obras,48972000,Paquetes de software de elaboración de etiquetas
Software y licencias,Obras,48980000,Lenguajes y herramientas de programación
Software y licencias,Obras,48981000,Paquetes de software de compilación
Software y licencias,Obras,48982000,Paquetes de software de gestión de la configuración
Software y licencias,Obras,48983000,Paquetes de software de desarrollo
Software y licencias,Obras,48984000,Herramientas de interfaz gráfica de usuario (GUI)
Software y licencias,Obras,48985000,Lenguajes de programación
Software y licencias,Obras,48986000,Paquetes de software de ensayo de programas
Software y licencias,Obras,48987000,Paquetes de software de depuración
Software y licencias,Obras,48990000,Paquetes de software de hoja de cálculo y de mejora de hoja de cálculo
Software y licencias,Obras,48991000,Paquetes de software de hoja de cálculo
Reparación y mantenimiento,Servicios,50000000,Servicios de reparación y mantenimiento
Reparación y mantenimiento,Servicios,50100000,"Servicios de reparación, mantenimiento y servicios asociados de vehículos y equipo conexo"
Reparación y mantenimiento,Servicios,50110000,Servicios de reparación y mantenimiento de vehículos de motor y equipo asociado
Reparación y mantenimiento,Servicios,50111000,"Servicios de administración, reparación y mantenimiento de parque de vehículos"
Reparación y mantenimiento,Servicios,50111100,Servicios de gestión de parque de vehículos
Reparación y mantenimiento,Servicios,50111110,Servicios de soporte de parque de vehículos
Reparación y mantenimiento,Servicios,50112000,Servicios de reparación y mantenimiento de automóviles
Reparación y mantenimiento,Servicios,50112100,Servicios de reparación de automóviles
Reparación y mantenimiento,Servicios,50112110,Servicios de reparación de carrocerías de vehículos
Reparación y mantenimiento,Servicios,50112111,Servicios de chapistería
Reparación y mantenimiento,Servicios,50112120,Servicios de reemplazo de parabrisas
Reparación y mantenimiento,Servicios,50112200,Servicios de mantenimiento de automóviles
Reparación y mantenimiento,Servicios,50112300,Servicios de lavado de automóviles y similares
Reparación y mantenimiento,Servicios,50113000,Servicios de reparación y mantenimiento de autobuses
Reparación y mantenimiento,Servicios,50113100,Servicios de reparación de autobuses
Reparación y mantenimiento,Servicios,50113200,Servicios de mantenimiento de autobuses
Reparación y mantenimiento,Servicios,50114000,Servicios de reparación y mantenimiento de camiones
Reparación y mantenimiento,Servicios,50114100,Servicios de reparación de camiones
Reparación y mantenimiento,Servicios,50114200,Servicios de mantenimiento de camiones
Reparación y mantenimiento,Servicios,50115000,Servicios de reparación y mantenimiento de motocicletas
Reparación y mantenimiento,Servicios,50115100,Servicios de reparación de motocicletas
Reparación y mantenimiento,Servicios,50115200,Servicios de mantenimiento de motocicletas
Reparación y mantenimiento,Servicios,50116000,Servicios de mantenimiento y reparación relacionados con partes específicas de vehículos
Reparación y mantenimiento,Servicios,50116100,Servicios de reparación de sistemas eléctricos
Reparación y mantenimiento,Servicios,50116200,Servicios de reparación y mantenimiento de frenos y partes de frenos de vehículos
Reparación y mantenimiento,Servicios,50116300,Servicios de reparación y mantenimiento de cajas de cambio de vehículos
Reparación y mantenimiento,Servicios,50116400,Servicios de reparación y mantenimiento de transmisiones de vehículos
Reparación y mantenimiento,Servicios,50116500,"Servicios de reparación de neumáticos, incluidos el ajuste y el equilibrado de ruedas"
Reparación y mantenimiento,Servicios,50116510,Servicios de recauchutado de neumáticos
Reparación y mantenimiento,Servicios,50116600,Servicios de reparación y mantenimiento de motores de arranque
Reparación y mantenimiento,Servicios,50117000,Servicios de transformación y reacondicionamiento de vehículos
Reparación y mantenimiento,Servicios,50117100,Servicios de transformación de vehículos
Reparación y mantenimiento,Servicios,50117200,Servicios de transformación de ambulancias
Reparación y mantenimiento,Servicios,50117300,Servicios de reacondicionamiento de vehículos
Reparación y mantenimiento,Servicios,50118000,Servicios de auxilio de automóviles en carretera
Reparación y mantenimiento,Servicios,50118100,Servicios de reparación de averías y recuperación de automóviles
Reparación y mantenimiento,Servicios,50118110,Servicios de remolque de vehículos
Reparación y mantenimiento,Servicios,50118200,Servicios de reparación de averías y recuperación de vehículos comerciales
Reparación y mantenimiento,Servicios,50118300,Servicios de reparación de averías y recuperación de autobuses
Reparación y mantenimiento,Servicios,50118400,Servicios de reparación de averías y recuperación de vehículos de motor
Reparación y mantenimiento,Servicios,50118500,Servicios de reparación de averías y recuperación de motocicletas
Reparación y mantenimiento,Servicios,50190000,Servicios de demolición de vehículos
Reparación y mantenimiento,Servicios,50200000,"Servicios de reparación, mantenimiento y servicios asociados relacionados con aeronaves, vías férreas, carreteras y la marina"
Reparación y mantenimiento,Servicios,50210000,Servicios de reparación y mantenimiento y servicios asociados relacionados con aeronaves y otros equipos
Reparación y mantenimiento,Servicios,50211000,Servicios de reparación y mantenimiento de aeronaves
Reparación y mantenimiento,Servicios,50211100,Servicios de mantenimiento de aeronaves
Reparación y mantenimiento,Servicios,50211200,Servicios de reparación de aeronaves
Reparación y mantenimiento,Servicios,50211210,Servicios de reparación y mantenimiento de motores de aviación
Reparación y mantenimiento,Servicios,50211211,Servicios de mantenimiento de motores de aviación
Reparación y mantenimiento,Servicios,50211212,Servicios de reparación de motores de aviación
Reparación y mantenimiento,Servicios,50211300,Servicios de reacondicionamiento de aeronaves
Reparación y mantenimiento,Servicios,50211310,Servicios de reacondicionamiento de motores de aviación
Reparación y mantenimiento,Servicios,50212000,Servicios de reparación y mantenimiento de helicópteros
Reparación y mantenimiento,Servicios,50220000,"Servicios de reparación, mantenimiento y servicios asociados relacionados con vías férreas y otros equipos"
Reparación y mantenimiento,Servicios,50221000,Servicios de reparación y mantenimiento de locomotoras
Reparación y mantenimiento,Servicios,50221100,Servicios de reparación y mantenimiento de cajas de cambio de locomotoras
Reparación y mantenimiento,Servicios,50221200,Servicios de reparación y mantenimiento de sistemas de transmisión de locomotoras
Reparación y mantenimiento,Servicios,50221300,Servicios de reparación y mantenimiento de ejes de locomotoras
Reparación y mantenimiento,Servicios,50221400,Servicios de reparación y mantenimiento de frenos y partes de frenos de locomotoras
Reparación y mantenimiento,Servicios,50222000,Servicios de reparación y mantenimiento de material móvil
Reparación y mantenimiento,Servicios,50222100,Servicios de reparación y mantenimiento de amortiguadores
Reparación y mantenimiento,Servicios,50223000,Servicios de reacondicionamiento de locomotoras
Reparación y mantenimiento,Servicios,50224000,Servicios de reacondicionamiento de material móvil
Reparación y mantenimiento,Servicios,50224100,Servicios de reacondicionamiento de asientos de material móvil
Reparación y mantenimiento,Servicios,50224200,Servicios de reacondicionamiento de coches de pasajeros
Reparación y mantenimiento,Servicios,50225000,Servicios de mantenimiento de vías férreas
Reparación y mantenimiento,Servicios,50229000,Demolición de material móvil
Reparación y mantenimiento,Servicios,50230000,"Servicios de reparación, mantenimiento y servicios asociados relacionados con carreteras y otros equipos"
Reparación y mantenimiento,Servicios,50232000,Servicios de mantenimiento de instalaciones de alumbrado público y semáforos
Reparación y mantenimiento,Servicios,50232100,Servicios de mantenimiento de alumbrado público de calles
Reparación y mantenimiento,Servicios,50232110,Puesta a punto de instalaciones de iluminación pública
Reparación y mantenimiento,Servicios,50232200,Servicios de mantenimiento de señales de tráfico
Reparación y mantenimiento,Servicios,50240000,"Servicios de reparación, mantenimiento y servicios asociados relacionados con equipos navales y otros equipos"
Reparación y mantenimiento,Servicios,50241000,Servicios de reparación y mantenimiento de buques
Reparación y mantenimiento,Servicios,50241100,Servicios de reparación de barcos
Reparación y mantenimiento,Servicios,50241200,Servicios de reparación de transbordadores
Reparación y mantenimiento,Servicios,50242000,Servicios de transformación de buques
Reparación y mantenimiento,Servicios,50243000,Servicios de demolición de buques
Reparación y mantenimiento,Servicios,50244000,Servicios de reacondicionamiento de buques o barcos
Reparación y mantenimiento,Servicios,50245000,Servicios de modernización de buques
Reparación y mantenimiento,Servicios,50246000,Servicios de mantenimiento de equipo portuario
Reparación y mantenimiento,Servicios,50246100,Servicios de entrada en dique seco
Reparación y mantenimiento,Servicios,50246200,Servicios de mantenimiento de boyas
Reparación y mantenimiento,Servicios,50246300,Servicios de reparación y mantenimiento de estructuras flotantes
Reparación y mantenimiento,Servicios,50246400,Servicios de reparación y mantenimiento de plataformas flotantes
Reparación y mantenimiento,Servicios,50300000,"Servicios de reparación, mantenimiento y servicios asociados relacionados con ordenadores personales, equipo de oficina, telecomunicaciones y equipo audiovisual"
Reparación y mantenimiento,Servicios,50310000,Mantenimiento y reparación de máquinas de oficina
Reparación y mantenimiento,Servicios,50311000,Mantenimiento y reparación de máquinas de contabilidad de oficina
Reparación y mantenimiento,Servicios,50311400,Mantenimiento y reparación de calculadoras y máquinas de contabilidad
Reparación y mantenimiento,Servicios,50312000,Mantenimiento y reparación de equipo informático
Reparación y mantenimiento,Servicios,50312100,"Mantenimiento y reparación de ordenadores ""mainframe"""
Reparación y mantenimiento,Servicios,50312110,"Mantenimiento de ordenadores ""mainframe"""
Reparación y mantenimiento,Servicios,50312120,"Reparación de ordenadores ""mainframe"""
Reparación y mantenimiento,Servicios,50312200,Mantenimiento y reparación de miniordenadores
Reparación y mantenimiento,Servicios,50312210,Mantenimiento de miniordenadores
Reparación y mantenimiento,Servicios,50312220,Reparación de miniordenadores
Reparación y mantenimiento,Servicios,50312300,Mantenimiento y reparación de equipos de redes de datos
Reparación y mantenimiento,Servicios,50312310,Mantenimiento de equipos de redes de datos
Reparación y mantenimiento,Servicios,50312320,Reparación de equipos de redes de datos
Reparación y mantenimiento,Servicios,50312400,Mantenimiento y reparación de microordenadores
Reparación y mantenimiento,Servicios,50312410,Mantenimiento de microordenadores
Reparación y mantenimiento,Servicios,50312420,Reparación de microordenadores
Reparación y mantenimiento,Servicios,50312600,Mantenimiento y reparación de equipo de tecnología de la información
Reparación y mantenimiento,Servicios,50312610,Mantenimiento de equipo de tecnología de la información
Reparación y mantenimiento,Servicios,50312620,Reparación de equipo de tecnología de la información
Reparación y mantenimiento,Servicios,50313000,Mantenimiento y reparación de máquinas de reprografía
Reparación y mantenimiento,Servicios,50313100,Servicios de reparación de fotocopiadoras
Reparación y mantenimiento,Servicios,50313200,Servicios de mantenimiento de fotocopiadoras
Reparación y mantenimiento,Servicios,50314000,Servicios de reparación y mantenimiento de máquinas telecopiadoras
Reparación y mantenimiento,Servicios,50315000,Servicios de reparación y mantenimiento de contestadores telefónicos
Reparación y mantenimiento,Servicios,50316000,Mantenimiento y reparación de máquinas expendedoras de billetes
Reparación y mantenimiento,Servicios,50317000,Mantenimiento y reparación de máquinas de validación de billetes
Reparación y mantenimiento,Servicios,50320000,Servicios de reparación y mantenimiento de ordenadores personales
Reparación y mantenimiento,Servicios,50321000,Servicios de reparación de ordenadores personales
Reparación y mantenimiento,Servicios,50322000,Servicios de mantenimiento de ordenadores personales
Reparación y mantenimiento,Servicios,50323000,Mantenimiento y reparación de periféricos informáticos
Reparación y mantenimiento,Servicios,50323100,Mantenimiento de periféricos informáticos
Reparación y mantenimiento,Servicios,50323200,Reparación de periféricos informáticos
Reparación y mantenimiento,Servicios,50324000,Servicios de asistencia a ordenadores personales
Reparación y mantenimiento,Servicios,50324100,Servicios de mantenimiento de sistemas
Reparación y mantenimiento,Servicios,50324200,Servicios de mantenimiento preventivo
Reparación y mantenimiento,Servicios,50330000,Servicios de mantenimiento de equipo de telecomunicación
Reparación y mantenimiento,Servicios,50331000,Servicios de reparación y mantenimiento de líneas de telecomunicación
Reparación y mantenimiento,Servicios,50332000,Servicios de mantenimiento de infraestructura de telecomunicaciones
Reparación y mantenimiento,Servicios,50333000,Servicios de mantenimiento de equipo de radiocomunicaciones
Reparación y mantenimiento,Servicios,50333100,Servicios de reparación y mantenimiento de radiotransmisores
Reparación y mantenimiento,Servicios,50333200,Reparación y mantenimiento de aparatos de radiotelefonía
Reparación y mantenimiento,Servicios,50334000,Servicios de reparación y mantenimiento de equipos de telefonía por hilo y telegrafía por hilo
Reparación y mantenimiento,Servicios,50334100,Servicios de reparación y mantenimiento de equipos de telefonía por hilo
Reparación y mantenimiento,Servicios,50334110,Servicios de mantenimiento de redes telefónicas
Reparación y mantenimiento,Servicios,50334120,Servicios de actualización de equipos de conmutación telefónica
Reparación y mantenimiento,Servicios,50334130,Servicios de reparación y mantenimiento de aparatos de conmutación telefónica
Reparación y mantenimiento,Servicios,50334140,Servicios de reparación y mantenimiento de aparatos telefónicos
Reparación y mantenimiento,Servicios,50334200,Servicios de reparación y mantenimiento de equipos de telegrafía por hilo
Reparación y mantenimiento,Servicios,50334300,Servicios de reparación y mantenimiento de equipos de télex por hilo
Reparación y mantenimiento,Servicios,50334400,Servicios de mantenimiento de sistemas de comunicaciones
Reparación y mantenimiento,Servicios,50340000,Servicios de reparación y mantenimiento de equipos audiovisual y óptico
Reparación y mantenimiento,Servicios,50341000,Servicios de reparación y mantenimiento de equipos de televisión
Reparación y mantenimiento,Servicios,50341100,Servicios de reparación y mantenimiento de equipos de videotexto
Reparación y mantenimiento,Servicios,50341200,Servicios de reparación y mantenimiento de transmisores de televisión
Reparación y mantenimiento,Servicios,50342000,Servicios de reparación y mantenimiento de equipos de audio
Reparación y mantenimiento,Servicios,50343000,Servicios de reparación y mantenimiento de equipos de vídeo
Reparación y mantenimiento,Servicios,50344000,Servicios de reparación y mantenimiento de equipos ópticos
Reparación y mantenimiento,Servicios,50344100,Servicios de reparación y mantenimiento de equipos fotográficos
Reparación y mantenimiento,Servicios,50344200,Servicios de reparación y mantenimiento de equipos cinematográficos
Reparación y mantenimiento,Servicios,50400000,Servicios de reparación y mantenimiento de equipo médico y de precisión
Reparación y mantenimiento,Servicios,50410000,"Servicios de reparación y mantenimiento de aparatos de medida, pruebas y verificación"
Reparación y mantenimiento,Servicios,50411000,Servicios de reparación y mantenimiento de aparatos de medida
Reparación y mantenimiento,Servicios,50411100,Servicios de reparación y mantenimiento de contadores de agua
Reparación y mantenimiento,Servicios,50411200,Servicios de reparación y mantenimiento de contadores de gas
Reparación y mantenimiento,Servicios,50411300,Servicios de reparación y mantenimiento de contadores de electricidad
Reparación y mantenimiento,Servicios,50411400,Servicios de reparación y mantenimiento de tacómetros
Reparación y mantenimiento,Servicios,50411500,Servicios de reparación y mantenimiento de equipos industriales de cronomedición
Reparación y mantenimiento,Servicios,50412000,Servicios de reparación y mantenimiento de aparatos de pruebas
Reparación y mantenimiento,Servicios,50413000,Servicios de reparación y mantenimiento de aparatos de verificación
Reparación y mantenimiento,Servicios,50413100,Servicios de reparación y mantenimiento de equipos detectores de gas
Reparación y mantenimiento,Servicios,50413200,Servicios de reparación y mantenimiento de instalaciones contra incendios
Reparación y mantenimiento,Servicios,50420000,Servicios de reparación y mantenimiento de aparatos médicos y quirúrgicos
Reparación y mantenimiento,Servicios,50421000,Servicios de reparación y mantenimiento de equipos médicos
Reparación y mantenimiento,Servicios,50421100,Servicios de reparación y mantenimiento de sillas de ruedas
Reparación y mantenimiento,Servicios,50421200,Servicios de reparación y mantenimiento de equipos de rayos X
Reparación y mantenimiento,Servicios,50422000,Servicios de reparación y mantenimiento de equipos quirúrgicos
Reparación y mantenimiento,Servicios,50430000,Servicios de reparación y mantenimiento de equipos de precisión
Reparación y mantenimiento,Servicios,50431000,Servicios de reparación y mantenimiento de relojes de pulsera
Reparación y mantenimiento,Servicios,50432000,Servicios de reparación y mantenimiento de relojes de pared
Reparación y mantenimiento,Servicios,50433000,Servicios de calibrado
Reparación y mantenimiento,Servicios,50500000,"Servicios de reparación y mantenimiento de bombas, válvulas, grifos, contenedores metálicos y maquinaria"
Reparación y mantenimiento,Servicios,50510000,"Servicios de reparación y mantenimiento de bombas, válvulas, grifos y contenedores de metal"
Reparación y mantenimiento,Servicios,50511000,Servicios de reparación y mantenimiento de bombas
Reparación y mantenimiento,Servicios,50511100,Servicios de reparación y mantenimiento de bombas para líquidos
Reparación y mantenimiento,Servicios,50511200,Servicios de reparación y mantenimiento de bombas de gas
Reparación y mantenimiento,Servicios,50512000,Servicios de reparación y mantenimiento de válvulas
Reparación y mantenimiento,Servicios,50513000,Servicios de reparación y mantenimiento de grifos
Reparación y mantenimiento,Servicios,50514000,Servicios de reparación y mantenimiento de contenedores metálicos
Reparación y mantenimiento,Servicios,50514100,Servicios de reparación y mantenimiento de cisternas
Reparación y mantenimiento,Servicios,50514200,Servicios de reparación y mantenimiento de depósitos
Reparación y mantenimiento,Servicios,50514300,Servicios de reparación del revestimiento de los tubos de encamisado
Reparación y mantenimiento,Servicios,50530000,Servicios de reparación y mantenimiento de maquinaria
Reparación y mantenimiento,Servicios,50531000,Servicios de reparación y mantenimiento de maquinaria no eléctrica
Reparación y mantenimiento,Servicios,50531100,Servicios de reparación y mantenimiento de calderas
Reparación y mantenimiento,Servicios,50531200,Servicios de mantenimiento de aparatos de gas
Reparación y mantenimiento,Servicios,50531300,Servicios de reparación y mantenimiento de compresores
Reparación y mantenimiento,Servicios,50531400,Servicios de reparación y mantenimiento de grúas
Reparación y mantenimiento,Servicios,50531500,Servicios de reparación y mantenimiento de grúas derrick
Reparación y mantenimiento,Servicios,50531510,Servicios de desmontaje de torres de perforación
Reparación y mantenimiento,Servicios,50532000,"Servicios de reparación y mantenimiento de maquinaria eléctrica, aparatos y equipo asociado"
Reparación y mantenimiento,Servicios,50532100,Servicios de reparación y mantenimiento de motores eléctricos
Reparación y mantenimiento,Servicios,50532200,Servicios de reparación y mantenimiento de transformadores
Reparación y mantenimiento,Servicios,50532300,Servicios de reparación y mantenimiento de generadores
Reparación y mantenimiento,Servicios,50532400,Servicios de reparación y mantenimiento de equipos de distribución eléctrica
Reparación y mantenimiento,Servicios,50600000,Servicios de reparación y mantenimiento de materiales de seguridad y defensa
Reparación y mantenimiento,Servicios,50610000,Servicios de reparación y mantenimiento de equipos de seguridad
Reparación y mantenimiento,Servicios,50620000,Servicios de reparación y mantenimiento de armas de fuego y munición
Reparación y mantenimiento,Servicios,50630000,Servicios de reparación y mantenimiento de vehículos militares
Reparación y mantenimiento,Servicios,50640000,Servicios de reparación y mantenimiento de buques de guerra
Reparación y mantenimiento,Servicios,50650000,"Servicios de reparación y mantenimiento de aeronaves militares, misiles y naves espaciales"
Reparación y mantenimiento,Servicios,50660000,Servicios de reparación y mantenimiento de sistemas electrónicos militares
Reparación y mantenimiento,Servicios,50700000,Servicios de reparación y mantenimiento de equipos de edificios
Reparación y mantenimiento,Servicios,50710000,Servicios de reparación y mantenimiento de equipos eléctricos y mecánicos de edificios
Reparación y mantenimiento,Servicios,50711000,Servicios de reparación y mantenimiento de equipos eléctricos de edificios
Reparación y mantenimiento,Servicios,50712000,Servicios de reparación y mantenimiento de equipos mecánicos de edificios
Reparación y mantenimiento,Servicios,50720000,Servicios de reparación y mantenimiento de calefacción central
Reparación y mantenimiento,Servicios,50721000,Puesta a punto de instalaciones de calefacción
Reparación y mantenimiento,Servicios,50730000,Servicios de reparación y mantenimiento de grupos refrigeradores
Reparación y mantenimiento,Servicios,50740000,Servicios de reparación y mantenimiento de escaleras mecánicas
Reparación y mantenimiento,Servicios,50750000,Servicios de mantenimiento de ascensores
Reparación y mantenimiento,Servicios,50760000,Reparación y mantenimiento de aseos públicos
Reparación y mantenimiento,Servicios,50800000,Servicios varios de reparación y mantenimiento
Reparación y mantenimiento,Servicios,50810000,Servicios de reparación de joyería
Reparación y mantenimiento,Servicios,50820000,Servicios de reparación de artículos personales de cuero
Reparación y mantenimiento,Servicios,50821000,Servicios de reparación de botas
Reparación y mantenimiento,Servicios,50822000,Servicios de reparación de zapatos
Reparación y mantenimiento,Servicios,50830000,Servicios de reparación de ropa y tejidos
Reparación y mantenimiento,Servicios,50840000,Servicios de reparación y mantenimiento de armas y sistemas de armas
Reparación y mantenimiento,Servicios,50841000,Servicios de reparación y mantenimiento de armas
Reparación y mantenimiento,Servicios,50842000,Servicios de reparación y mantenimiento de sistemas de armas
Reparación y mantenimiento,Servicios,50850000,Servicios de reparación y mantenimiento de mobiliario
Reparación y mantenimiento,Servicios,50860000,Servicios de reparación y mantenimiento de instrumentos musicales
Reparación y mantenimiento,Servicios,50870000,Servicios de reparación y mantenimiento de equipos de terrenos de juegos
Reparación y mantenimiento,Servicios,50880000,Servicios de reparación y mantenimiento de equipos de hostelería y restaurante
Reparación y mantenimiento,Servicios,50881000,Servicios de reparación y mantenimiento de equipo de hostelería
Reparación y mantenimiento,Servicios,50882000,Servicios de reparación y mantenimiento de equipo de restaurante
Reparación y mantenimiento,Servicios,50883000,Servicios de reparación y mantenimiento de equipo de catering
Reparación y mantenimiento,Servicios,50884000,Servicios de reparación y mantenimiento de equipo de camping
Tecnología de la información,Servicios,51000000,Servicios de instalación (excepto software)
Tecnología de la información,Servicios,51100000,Servicios de instalación de equipos eléctrico y mecánico
Tecnología de la información,Servicios,51110000,Servicios de instalación de equipo eléctrico
Tecnología de la información,Servicios,51111000,"Servicios de instalación de motores eléctricos, generadores y transformadores"
Tecnología de la información,Servicios,51111100,Servicios de instalación de motores eléctricos
Tecnología de la información,Servicios,51111200,Servicios de instalación de generadores
Tecnología de la información,Servicios,51111300,Servicios de instalación de transformadores
Tecnología de la información,Servicios,51112000,Servicios de instalación de equipos de distribución y de control de electricidad
Tecnología de la información,Servicios,51112100,Servicios de instalación de equipos de distribución de electricidad
Tecnología de la información,Servicios,51112200,Servicios de instalación de equipos de control de electricidad
Tecnología de la información,Servicios,51120000,Servicios de instalación de equipos mecánicos
Tecnología de la información,Servicios,51121000,Servicios de instalación de aparatos de ejercicio físico
Tecnología de la información,Servicios,51122000,Servicios de instalación de mástiles de bandera
Tecnología de la información,Servicios,51130000,"Servicios de instalación de generadores de vapor, turbinas, compresores y quemadores"
Tecnología de la información,Servicios,51131000,Servicios de instalación de generadores de vapor
Tecnología de la información,Servicios,51133000,Servicios de instalación de turbinas
Tecnología de la información,Servicios,51133100,Servicios de instalación de turbinas de gas
Tecnología de la información,Servicios,51134000,Servicios de instalación de compresores
Tecnología de la información,Servicios,51135000,Servicios de instalación de hornos
Tecnología de la información,Servicios,51135100,Servicios de instalación de quemadores
Tecnología de la información,Servicios,51135110,Servicios de instalación de incineradores de residuos
Tecnología de la información,Servicios,51140000,Servicios de instalación de motores
Tecnología de la información,Servicios,51141000,Servicios de instalación de motores de gasolina
Tecnología de la información,Servicios,51142000,Servicios de instalación de motores diésel
Tecnología de la información,Servicios,51143000,Servicios de instalación de motores de ferrocarril
Tecnología de la información,Servicios,51144000,Servicios de instalación de motores de vehículos
Tecnología de la información,Servicios,51145000,Servicios de instalación de motores marinos
Tecnología de la información,Servicios,51146000,Servicios de instalación de motores de aeronaves
Tecnología de la información,Servicios,51200000,"Servicios de instalación de equipos de medida, verificación, pruebas y navegación"
Tecnología de la información,Servicios,51210000,Servicios de instalación de equipo de medida
Tecnología de la información,Servicios,51211000,Servicios de instalación de equipo de cronomedición
Tecnología de la información,Servicios,51212000,Servicios de instalación de equipos de registro de asistencia
Tecnología de la información,Servicios,51213000,Servicios de instalación de equipos de control horario (fechadores y contadores)
Tecnología de la información,Servicios,51214000,Servicios de instalación de equipos de parquímetros
Tecnología de la información,Servicios,51215000,Servicios de instalación de equipos meteorológicos
Tecnología de la información,Servicios,51216000,Servicios de instalación de equipos geológicos
Tecnología de la información,Servicios,51220000,Servicios de instalación de equipo de verificación
Tecnología de la información,Servicios,51221000,Servicios de instalación de dispositivos de facturación automática en aeropuertos
Tecnología de la información,Servicios,51230000,Servicios de instalación de equipo de pruebas
Tecnología de la información,Servicios,51240000,Servicios de instalación de equipo de navegación
Tecnología de la información,Servicios,51300000,Servicios de instalación de equipos de comunicaciones
Tecnología de la información,Servicios,51310000,"Servicios de instalación de equipos de radio, televisión, sonido y vídeo"
Tecnología de la información,Servicios,51311000,Servicios de instalación de equipo de radio
Tecnología de la información,Servicios,51312000,Servicios de instalación de equipo de televisión
Tecnología de la información,Servicios,51313000,Servicios de instalación de equipo de sonido
Tecnología de la información,Servicios,51314000,Servicios de instalación de equipo de vídeo
Tecnología de la información,Servicios,51320000,Servicios de instalación de transmisores de radio y televisión
Tecnología de la información,Servicios,51321000,Servicios de instalación de radiotransmisores
Tecnología de la información,Servicios,51322000,Servicios de instalación de transmisores de televisión
Tecnología de la información,Servicios,51330000,Servicios de instalación de aparatos de radiotelefonía
Tecnología de la información,Servicios,51340000,Servicios de instalación de equipo de telefonía por hilo
Tecnología de la información,Servicios,51350000,Servicios de instalación de equipo de telegrafía por hilo
Tecnología de la información,Servicios,51400000,Servicios de instalación de equipo médico y quirúrgico
Tecnología de la información,Servicios,51410000,Servicios de instalación de equipo médico
Tecnología de la información,Servicios,51411000,Servicios de instalación de equipos de imaginería
Tecnología de la información,Servicios,51412000,Servicios de instalación de equipos de odontología y sus especialidades
Tecnología de la información,Servicios,51413000,Servicios de instalación de equipos de radioterapia
Tecnología de la información,Servicios,51414000,Servicios de instalación de equipos de mecanoterapia
Tecnología de la información,Servicios,51415000,Servicios de instalación de equipos de electroterapia
Tecnología de la información,Servicios,51416000,Servicios de instalación de equipos de fisioterapia
Tecnología de la información,Servicios,51420000,Servicios de instalación de equipo quirúrgico
Tecnología de la información,Servicios,51430000,Servicios de instalación de equipo técnico de laboratorio
Tecnología de la información,Servicios,51500000,Servicios de instalación de maquinaria y equipos
Tecnología de la información,Servicios,51510000,Servicios de instalación de maquinaria y equipos de uso general
Tecnología de la información,Servicios,51511000,"Servicios de instalación de equipos de elevación y de manipulación, excepto ascensores y escaleras mecánicas"
Tecnología de la información,Servicios,51511100,Servicios de instalación de equipos de elevación
Tecnología de la información,Servicios,51511110,Servicios de instalación de grúas
Tecnología de la información,Servicios,51511200,Servicios de instalación de equipos de manipulación
Tecnología de la información,Servicios,51511300,Servicios de instalación de equipos suspendidos de acceso
Tecnología de la información,Servicios,51511400,Servicios de instalación de equipos transportadores automáticos
Tecnología de la información,Servicios,51514000,Servicios de instalación de maquinaria diversa de uso general
Tecnología de la información,Servicios,51514100,Servicios de instalación de maquinaria y aparatos para filtrar o depurar líquidos
Tecnología de la información,Servicios,51514110,Servicios de instalación de maquinaria y aparatos para filtrar o depurar agua
Tecnología de la información,Servicios,51520000,Servicios de instalación de maquinaria agrícola y forestal
Tecnología de la información,Servicios,51521000,Servicios de instalación de maquinaria agrícola
Tecnología de la información,Servicios,51522000,Servicios de instalación de maquinaria forestal
Tecnología de la información,Servicios,51530000,Servicios de instalación de máquinas herramienta
Tecnología de la información,Servicios,51540000,Servicios de instalación de maquinaria y equipos para usos especiales
Tecnología de la información,Servicios,51541000,"Servicios de instalación de maquinaria para extracción, construcción y metalurgia"
Tecnología de la información,Servicios,51541100,Servicios de instalación de maquinaria para la minería
Tecnología de la información,Servicios,51541200,Servicios de instalación de maquinaria para explotación de canteras
Tecnología de la información,Servicios,51541300,Servicios de instalación de maquinaria para la construcción
Tecnología de la información,Servicios,51541400,Servicios de instalación de maquinaria para la metalurgia
Tecnología de la información,Servicios,51542000,"Servicios de instalación de maquinaria para la elaboración de alimentos, bebidas y tabaco"
Tecnología de la información,Servicios,51542100,Servicios de instalación de maquinaria para la elaboración de alimentos
Tecnología de la información,Servicios,51542200,Servicios de instalación de maquinaria para la elaboración de bebidas
Tecnología de la información,Servicios,51542300,Servicios de instalación de maquinaria para la elaboración de tabaco
Tecnología de la información,Servicios,51543000,"Servicios de instalación de maquinaria para la producción de textiles, prendas de vestir y cuero"
Tecnología de la información,Servicios,51543100,Servicios de instalación de maquinaria para la producción de textiles
Tecnología de la información,Servicios,51543200,Servicios de instalación de maquinaria para la producción de prendas de vestir
Tecnología de la información,Servicios,51543300,Servicios de instalación de maquinaria para la producción de cuero
Tecnología de la información,Servicios,51543400,Servicios de instalación de máquinas para lavar y para secar ropa y máquinas para limpieza en seco
Tecnología de la información,Servicios,51544000,Servicios de instalación de maquinaria para la producción de papel y cartón
Tecnología de la información,Servicios,51544100,Servicios de instalación de maquinaria para la producción de papel
Tecnología de la información,Servicios,51544200,Servicios de instalación de maquinaria para la producción de cartón
Tecnología de la información,Servicios,51545000,Servicios de instalación de buzones de exterior
Tecnología de la información,Servicios,51550000,Servicios de instalación de sistemas de armas
Tecnología de la información,Servicios,51600000,Servicios de instalación de ordenadores y equipo de oficina
Tecnología de la información,Servicios,51610000,Servicios de instalación de ordenadores y de equipo para procesamiento de la información
Tecnología de la información,Servicios,51611000,Servicios de instalación de ordenadores
Tecnología de la información,Servicios,51611100,Servicios de instalación de equipo informático
Tecnología de la información,Servicios,51611110,Servicios de instalación de pantallas o paneles de anuncios de salidas y llegadas para aeropuertos
Tecnología de la información,Servicios,51611120,Servicios de instalación de pantallas o paneles de anuncios de salidas y llegadas para estaciones de tren
Tecnología de la información,Servicios,51612000,Servicios de instalación de equipo para procesamiento de la información
Tecnología de la información,Servicios,51620000,Servicios de instalación de equipo de oficina
Tecnología de la información,Servicios,51700000,Servicios de instalación de equipos de protección contra incendios
Tecnología de la información,Servicios,51800000,Servicios de instalación de recipientes de metal
Tecnología de la información,Servicios,51810000,Servicios de instalación de cisternas
Tecnología de la información,Servicios,51820000,Servicios de instalación de depósitos
Tecnología de la información,Servicios,51900000,Servicios de instalación de sistemas de guía y control
Hostelería y restauración,Servicios,55000000,Servicios comerciales al por menor de hostelería y restauración
Hostelería y restauración,Servicios,55100000,Servicios de hostelería
Hostelería y restauración,Servicios,55110000,Servicios de alojamiento hotelero
Hostelería y restauración,Servicios,55120000,Servicios de reuniones y congresos en hoteles
Hostelería y restauración,Servicios,55130000,Otros servicios hoteleros
Hostelería y restauración,Servicios,55200000,Zonas de acampada y otros alojamientos no hoteleros
Hostelería y restauración,Servicios,55210000,Servicios de albergues juveniles
Hostelería y restauración,Servicios,55220000,Servicios para acampada
Hostelería y restauración,Servicios,55221000,Servicios para acampada con caravana
Hostelería y restauración,Servicios,55240000,Servicios de centros de vacaciones y hogares de vacaciones
Hostelería y restauración,Servicios,55241000,Servicios de centros de vacaciones
Hostelería y restauración,Servicios,55242000,Servicios de hogares de vacaciones
Hostelería y restauración,Servicios,55243000,Servicios de colonias de vacaciones para niños
Hostelería y restauración,Servicios,55250000,Servicios de arrendamiento de alojamiento amueblado de corta duración
Hostelería y restauración,Servicios,55260000,Servicios de coches cama
Hostelería y restauración,Servicios,55270000,Servicios prestados por establecimientos de alojamiento que ofrecen cama y desayuno
Hostelería y restauración,Servicios,55300000,Servicios de restaurante y de suministro de comidas
Hostelería y restauración,Servicios,55310000,Servicios de camareros de restaurante
Hostelería y restauración,Servicios,55311000,Servicios de camareros de restaurante para clientela restringida
Hostelería y restauración,Servicios,55312000,Servicios de camareros de restaurante para clientela en general
Hostelería y restauración,Servicios,55320000,Servicios de suministro de comidas
Hostelería y restauración,Servicios,55321000,Servicios de preparación de comidas
Hostelería y restauración,Servicios,55322000,Servicios de elaboración de comidas
Hostelería y restauración,Servicios,55330000,Servicios de cafetería
Hostelería y restauración,Servicios,55400000,Servicios de suministro de bebidas
Hostelería y restauración,Servicios,55410000,Servicios de gestión de bares
Hostelería y restauración,Servicios,55500000,Servicios de cantina y de suministros de comidas desde el exterior
Hostelería y restauración,Servicios,55510000,Servicios de cantina
Hostelería y restauración,Servicios,55511000,Servicios de cantina y otros servicios de cafetería para clientela restringida
Hostelería y restauración,Servicios,55512000,Servicios de gestión de cantina
Hostelería y restauración,Servicios,55520000,Servicios de suministro de comidas desde el exterior
Hostelería y restauración,Servicios,55521000,Servicios de suministro de comidas para particulares
Hostelería y restauración,Servicios,55521100,Servicios de entrega de comidas a domicilio
Hostelería y restauración,Servicios,55521200,Servicios de entrega de comidas
Hostelería y restauración,Servicios,55522000,Servicios de suministro de comidas para empresas de transporte
Hostelería y restauración,Servicios,55523000,Servicios de suministro de comidas para otras empresas e instituciones
Hostelería y restauración,Servicios,55523100,Servicios de comidas para escuelas
Hostelería y restauración,Servicios,55524000,Servicios de suministro de comidas para escuelas
Hostelería y restauración,Servicios,55900000,Servicios comerciales al por menor
Transporte,Servicios,60000000,Servicios de transporte (excluido el transporte de residuos)
Transporte,Servicios,60100000,Servicios de transporte por carretera
Transporte,Servicios,60112000,Servicios de transporte por la vía pública
Transporte,Servicios,60120000,Servicios de taxi
Transporte,Servicios,60130000,Servicios especiales de transporte de pasajeros por carretera
Transporte,Servicios,60140000,Transporte no regular de pasajeros
Transporte,Servicios,60150000,Transporte de pasajeros en vehículos de tracción animal
Transporte,Servicios,60160000,Transporte de correspondencia por carretera
Transporte,Servicios,60161000,Servicios de transporte de paquetes
Transporte,Servicios,60170000,Alquiler de vehículos para el transporte de pasajeros con conductor
Transporte,Servicios,60171000,Alquiler de automóviles de pasajeros con conductor
Transporte,Servicios,60172000,Alquiler de autobuses y autocares con conductor
Transporte,Servicios,60180000,Alquiler de vehículos de transporte de mercancías con conductor
Transporte,Servicios,60181000,Alquiler de camiones con conductor
Transporte,Servicios,60182000,Alquiler de vehículos industriales con conductor
Transporte,Servicios,60183000,Alquiler de camionetas con conductor
Transporte,Servicios,60200000,Servicios de transporte ferroviario
Transporte,Servicios,60210000,Servicios de transporte público por ferrocarril
Transporte,Servicios,60220000,Transporte de correspondencia por ferrocarril
Transporte,Servicios,60300000,Servicios de transporte por tuberías
Transporte,Servicios,60400000,Servicios de transporte aéreo
Transporte,Servicios,60410000,Servicios de transporte aéreo regular
Transporte,Servicios,60411000,Servicios de transporte de correo aéreo regular
Transporte,Servicios,60420000,Servicios de transporte aéreo no regular
Transporte,Servicios,60421000,Servicios de transporte de correo aéreo no regular
Transporte,Servicios,60423000,Servicios chárter
Transporte,Servicios,60424000,Alquiler de medios de transporte aéreo con tripulación
Transporte,Servicios,60424100,Alquiler de aeronaves con tripulación
Transporte,Servicios,60424110,Alquiler de aeronaves de ala fija con tripulación
Transporte,Servicios,60424120,Alquiler de helicópteros con tripulación
Transporte,Servicios,60440000,Servicios aéreos y servicios conexos
Transporte,Servicios,60441000,Servicios de pulverización aérea
Transporte,Servicios,60442000,Servicios de extinción aérea de incendios forestales
Transporte,Servicios,60443000,Servicios de rescate aéreo
Transporte,Servicios,60443100,Servicios de rescate aéreo-marítimo
Transporte,Servicios,60444000,Servicios de explotación de aeronaves
Transporte,Servicios,60444100,Servicios de piloto
Transporte,Servicios,60445000,Servicios de operación de aeronaves
Transporte,Servicios,60500000,Servicios de transporte espacial
Transporte,Servicios,60510000,Servicios de lanzamiento de satélites
Transporte,Servicios,60520000,Servicios de carga útil experimental
Transporte,Servicios,60600000,Servicios de transporte por vías navegables
Transporte,Servicios,60610000,Servicios de transporte en transbordador
Transporte,Servicios,60620000,Transporte de correspondencia por vías navegables
Transporte,Servicios,60630000,Servicios de embarcaciones para tendido de cables
Transporte,Servicios,60640000,Transportes marítimos
Transporte,Servicios,60650000,Alquiler de medios de transporte por vías navegables con tripulación
Transporte,Servicios,60651000,Alquiler de embarcaciones con tripulación
Transporte,Servicios,60651100,"Alquiler de embarcaciones de navegación marítima, con tripulación"
Transporte,Servicios,60651200,Alquiler de barcos de navegación interior con tripulación
Transporte,Servicios,60651300,Servicios de buques anticontaminantes
Transporte,Servicios,60651400,Servicios de buques de cargas pesadas
Transporte,Servicios,60651500,Servicios de buques de socorro
Transporte,Servicios,60651600,Servicios de embarcaciones de suministro en alta mar
Transporte,Servicios,60653000,Alquiler de barcos con tripulación
Transporte,Servicios,63000000,Servicios de transporte complementarios y auxiliares; servicios de agencias de viajes
Transporte,Servicios,63100000,"Servicios de carga, descarga y almacenamiento"
Transporte,Servicios,63110000,Servicios de manipulación de la carga
Transporte,Servicios,63111000,Servicios de carga y descarga de contenedores
Transporte,Servicios,63112000,Servicios de manipulación de equipajes
Transporte,Servicios,63112100,Servicios de manipulación de equipajes de pasajeros
Transporte,Servicios,63112110,Servicios de recogida de equipaje
Transporte,Servicios,63120000,Servicios de almacenamiento y depósito
Transporte,Servicios,63121000,Servicios de almacenamiento y recuperación
Transporte,Servicios,63121100,Servicios de almacenamiento
Transporte,Servicios,63121110,Servicios de almacenamiento de gas
Transporte,Servicios,63122000,Servicios de depósito
Transporte,Servicios,63500000,"Servicios de agencia de viajes, operadores turísticos y asistencia al turista"
Transporte,Servicios,63510000,Servicios de agencias de viajes y servicios similares
Transporte,Servicios,63511000,Organización de viajes combinados
Transporte,Servicios,63512000,Servicios de venta de billetes y de viajes combinados
Transporte,Servicios,63513000,Servicios de información turística
Transporte,Servicios,63514000,Servicios de guías de turismo
Transporte,Servicios,63515000,Servicios de viajes
Transporte,Servicios,63516000,Servicios de gestión de viajes
Transporte,Servicios,63520000,Servicios de compañía de transporte
Transporte,Servicios,63521000,Servicios de compañía de transporte de carga
Transporte,Servicios,63522000,Servicios de corretaje marítimo
Transporte,Servicios,63523000,Servicios de agencias portuarias y expedidoras
Transporte,Servicios,63524000,Servicios de preparación de documentos de transporte
Transporte,Servicios,63700000,"Servicios complementarios para el transporte terrestre, marítimo y aéreo"
Transporte,Servicios,63710000,Servicios complementarios para el transporte terrestre
Transporte,Servicios,63711000,Servicios complementarios para el transporte ferroviario
Transporte,Servicios,63711100,Servicios de monitorización de trenes
Transporte,Servicios,63711200,Servicios de talleres móviles
Transporte,Servicios,63712000,Servicios complementarios para el transporte por carretera
Transporte,Servicios,63712100,Servicios de estaciones de autobuses
Transporte,Servicios,63712200,Servicios de explotación de autopistas
Transporte,Servicios,63712210,Servicios de peaje en autopistas
Transporte,Servicios,63712300,Servicios de explotación de puentes y túneles
Transporte,Servicios,63712310,Servicios de operación de puentes
Transporte,Servicios,63712311,Servicios de peaje en puentes
Transporte,Servicios,63712320,Servicios de explotación de túneles
Transporte,Servicios,63712321,Servicios de peaje en túneles
Transporte,Servicios,63712400,Servicios de estacionamiento
Transporte,Servicios,63712500,Servicios de puente-báscula
Transporte,Servicios,63712600,Servicios de repostaje de vehículos
Transporte,Servicios,63712700,Servicios de control del tráfico
Transporte,Servicios,63712710,Servicios de monitorización del tráfico
Transporte,Servicios,63720000,Servicios complementarios para transporte por vías navegables
Transporte,Servicios,63721000,Servicios de explotación de puertos y vías de navegación y servicios asociados
Transporte,Servicios,63721100,Servicios de reabastecimiento
Transporte,Servicios,63721200,Servicios de explotación de puertos
Transporte,Servicios,63721300,Servicios de explotación de vías de navegación
Transporte,Servicios,63721400,Servicios de repostaje de buques
Transporte,Servicios,63721500,Servicios de explotación de terminales de pasajeros
Transporte,Servicios,63722000,Servicios de pilotaje naval
Transporte,Servicios,63723000,Servicios de atraque
Transporte,Servicios,63724000,Servicios de navegación
Transporte,Servicios,63724100,Servicios de posicionamiento en alta mar
Transporte,Servicios,63724110,Servicios de posicionamiento de buques faro
Transporte,Servicios,63724200,Servicios de buques faro
Transporte,Servicios,63724300,Servicios de posicionamiento de boyas
Transporte,Servicios,63724310,Servicios de balizado con boyas
Transporte,Servicios,63724400,Servicios de faro
Transporte,Servicios,63725000,Servicios de salvamento y puesta a flote
Transporte,Servicios,63725100,Servicios de salvamento de embarcaciones
Transporte,Servicios,63725200,Servicios de embarcaciones de socorro
Transporte,Servicios,63725300,Servicios de puesta a flote de embarcaciones
Transporte,Servicios,63726000,Servicios varios de soporte al transporte por vías navegables
Transporte,Servicios,63726100,Servicios de matriculación de embarcaciones
Transporte,Servicios,63726200,Servicios de rompehielos
Transporte,Servicios,63726300,Servicios de depósito de barcos
Transporte,Servicios,63726400,Servicios de fletamento de barcos
Transporte,Servicios,63726500,Servicios de amarre de embarcaciones
Transporte,Servicios,63726600,Servicios de explotación de embarcaciones
Transporte,Servicios,63726610,Servicios de botadura de buques
Transporte,Servicios,63726620,Servicios de vehículos de control remoto (ROV)
Transporte,Servicios,63726700,Servicios de embarcaciones de pesca
Transporte,Servicios,63726800,Servicios de barcos de investigación
Transporte,Servicios,63726900,Servicios de manipulación de anclas
Transporte,Servicios,63727000,Servicios de embarcaciones de remolque y tracción
Transporte,Servicios,63727100,Servicios de remolque
Transporte,Servicios,63727200,Servicios de tracción
Transporte,Servicios,63730000,Servicios complementarios para el transporte aéreo
Transporte,Servicios,63731000,Servicios de explotación de aeropuertos
Transporte,Servicios,63731100,Servicios de coordinación de franjas horarias en los aeropuertos
Transporte,Servicios,63732000,Servicios de control del tráfico aéreo
Transporte,Servicios,63733000,Servicios de repostaje de aeronaves
Transporte,Servicios,63734000,Servicios de hangares
Telecomunicaciones y correos,Servicios,64000000,Servicios de correos y telecomunicaciones
Telecomunicaciones y correos,Servicios,64100000,Servicios postales y de correo rápido
Telecomunicaciones y correos,Servicios,64110000,Servicios postales
Telecomunicaciones y correos,Servicios,64111000,Servicios postales relacionados con periódicos y revistas
Telecomunicaciones y correos,Servicios,64112000,Servicios postales relacionados con cartas
Telecomunicaciones y correos,Servicios,64113000,Servicios postales relacionados con paquetes
Telecomunicaciones y correos,Servicios,64114000,Servicios de ventanilla de correos
Telecomunicaciones y correos,Servicios,64115000,Alquiler de apartados de correos
Telecomunicaciones y correos,Servicios,64116000,Servicios de lista de correos
Telecomunicaciones y correos,Servicios,64120000,Servicios de correo rápido
Telecomunicaciones y correos,Servicios,64121000,Servicios multimodales de correo
Telecomunicaciones y correos,Servicios,64121100,Servicios de distribución postal
Telecomunicaciones y correos,Servicios,64121200,Servicios de distribución de paquetes
Telecomunicaciones y correos,Servicios,64122000,Servicios de correo interno
Telecomunicaciones y correos,Servicios,64200000,Servicios de telecomunicaciones
Telecomunicaciones y correos,Servicios,64210000,Servicios telefónicos y de transmisión de datos
Telecomunicaciones y correos,Servicios,64211000,Servicios de teléfonos públicos
Telecomunicaciones y correos,Servicios,64211100,Servicios de telefonía local
Telecomunicaciones y correos,Servicios,64211200,Servicios de telefonía de larga distancia
Telecomunicaciones y correos,Servicios,64212000,Servicios de telefonía móvil
Telecomunicaciones y correos,Servicios,64212100,Servicios del Servicio de Mensajes Cortos (SMS)
Telecomunicaciones y correos,Servicios,64212200,Servicios del Servicio de Mensajería Multimedia (EMS)
Telecomunicaciones y correos,Servicios,64212300,Servicios del Servicio de Mensajes Multimedia (MMS)
Telecomunicaciones y correos,Servicios,64212400,Servicios del Protocolo de Acceso Inalámbrico (WAP)
Telecomunicaciones y correos,Servicios,64212500,Servicios del Servicio General de Radio por Paquetes (GPRS)
Telecomunicaciones y correos,Servicios,64212600,Servicios de Datos Ampliados para la Evolución de GSM (EDGE)
Telecomunicaciones y correos,Servicios,64212700,Servicios del Sistema Universal de Telefonía Móvil (UMTS)
Telecomunicaciones y correos,Servicios,64212800,Servicios de proveedor de telefonía de pago
Telecomunicaciones y correos,Servicios,64212900,Servicios de proveedor de tarjetas telefónicas de prepago
Telecomunicaciones y correos,Servicios,64213000,Servicios de redes telefónicas comerciales compartidas
Telecomunicaciones y correos,Servicios,64214000,Servicios de redes telefónicas comerciales especializadas
Telecomunicaciones y correos,Servicios,64214100,Servicios de alquiler de circuitos por satélite
Telecomunicaciones y correos,Servicios,64214200,Servicios de centralitas telefónicas
Telecomunicaciones y correos,Servicios,64214400,Alquiler de líneas terrestres de comunicación
Telecomunicaciones y correos,Servicios,64215000,Servicios telefónicos PI
Telecomunicaciones y correos,Servicios,64216000,Servicios de mensajería y de información electrónicas
Telecomunicaciones y correos,Servicios,64216100,Servicios de mensajería electrónica
Telecomunicaciones y correos,Servicios,64216110,Servicios de intercambio electrónico de datos
Telecomunicaciones y correos,Servicios,64216120,Servicios de correo electrónico
Telecomunicaciones y correos,Servicios,64216130,Servicios de télex
Telecomunicaciones y correos,Servicios,64216140,Servicios de telegrafía
Telecomunicaciones y correos,Servicios,64216200,Servicios de información electrónica
Telecomunicaciones y correos,Servicios,64216210,Servicios de información con valor añadido
Telecomunicaciones y correos,Servicios,64216300,Servicios de teletexto
Telecomunicaciones y correos,Servicios,64220000,"Servicios de telecomunicaciones, excepto servicios telefónicos y de transmisión de datos"
Telecomunicaciones y correos,Servicios,64221000,Servicios de interconexión
Telecomunicaciones y correos,Servicios,64222000,Servicios de teletrabajo
Telecomunicaciones y correos,Servicios,64223000,Servicios de radiobúsqueda
Telecomunicaciones y correos,Servicios,64224000,Servicios de teleconferencia
Telecomunicaciones y correos,Servicios,64225000,Servicios de telecomunicaciones aire-tierra
Telecomunicaciones y correos,Servicios,64226000,Servicios de telemática
Telecomunicaciones y correos,Servicios,64227000,Servicios de telecomunicaciones integradas
Telecomunicaciones y correos,Servicios,64228000,Servicios de transmisión de programas de televisión y de radio
Telecomunicaciones y correos,Servicios,64228100,Servicios de transmisión de programas de televisión
Telecomunicaciones y correos,Servicios,64228200,Servicios de transmisión de programas de radio
Servicios públicos,Servicios,65000000,Servicios públicos
Servicios públicos,Servicios,65100000,Distribución de agua y servicios conexos
Servicios públicos,Servicios,65110000,Distribución de agua
Servicios públicos,Servicios,65111000,Distribución de agua potable
Servicios públicos,Servicios,65120000,Explotación de una planta depuradora de agua
Servicios públicos,Servicios,65121000,Servicios de desmineralización del agua
Servicios públicos,Servicios,65122000,Servicios de desalinización del agua
Servicios públicos,Servicios,65123000,Servicios de ablandamiento del agua
Servicios públicos,Servicios,65130000,Explotación del suministro de agua
Servicios públicos,Servicios,65200000,Distribución de gas y servicios conexos
Servicios públicos,Servicios,65210000,Distribución de gas
Servicios públicos,Servicios,65300000,Distribución de electricidad y servicios conexos
Servicios públicos,Servicios,65310000,Distribución de electricidad
Servicios públicos,Servicios,65320000,Explotación de instalaciones eléctricas
Servicios públicos,Servicios,65400000,Otras fuentes de aprovisionamiento y distribución de energía
Servicios públicos,Servicios,65410000,Explotación de una central eléctrica
Servicios públicos,Servicios,65500000,Servicio de lectura de contadores
Servicios financieros y seguros,Servicios,66000000,Servicios financieros y de seguros
Servicios financieros y seguros,Servicios,66100000,Servicios bancarios y de inversión
Servicios financieros y seguros,Servicios,66110000,Servicios bancarios
Servicios financieros y seguros,Servicios,66111000,Servicios prestados por los bancos centrales
Servicios financieros y seguros,Servicios,66112000,Servicios de depósito de fondos
Servicios financieros y seguros,Servicios,66113000,Servicios de concesión de crédito
Servicios financieros y seguros,Servicios,66113100,Servicios de concesión de microcréditos
Servicios financieros y seguros,Servicios,66114000,Servicios de arrendamiento financiero
Servicios financieros y seguros,Servicios,66115000,Servicios de transferencias internacionales
Servicios financieros y seguros,Servicios,66120000,Servicios bancarios de inversiones y servicios relacionados
Servicios financieros y seguros,Servicios,66121000,Servicios de fusiones y adquisiciones
Servicios financieros y seguros,Servicios,66122000,Servicios de financiación de empresas y de capital riesgo
Servicios financieros y seguros,Servicios,66130000,Servicios de corretaje y servicios relativos a valores y mercancías
Servicios financieros y seguros,Servicios,66131000,Servicios de corretaje de valores
Servicios financieros y seguros,Servicios,66131100,Servicios de inversión en los fondos de jubilaciones
Servicios financieros y seguros,Servicios,66132000,Servicios de corretaje de mercancías
Servicios financieros y seguros,Servicios,66133000,Servicios de tramitación y liquidación
Servicios financieros y seguros,Servicios,66140000,Servicios de gestión de cartera
Servicios financieros y seguros,Servicios,66141000,Servicios de gestión de fondos de pensiones
Servicios financieros y seguros,Servicios,66150000,Servicios de administración de los mercados financieros
Servicios financieros y seguros,Servicios,66151000,Servicios operativos del mercado financiero
Servicios financieros y seguros,Servicios,66151100,Servicios de venta minorista electrónica
Servicios financieros y seguros,Servicios,66152000,Servicios de regulación del mercado financiero
Servicios financieros y seguros,Servicios,66160000,Servicios fiduciarios y de custodia
Servicios financieros y seguros,Servicios,66161000,Servicios fiduciarios
Servicios financieros y seguros,Servicios,66162000,Servicios de custodia
Servicios financieros y seguros,Servicios,66170000,"Servicios de asesoramiento financiero, de procesamiento de transacciones financieras y de cámara de compensación"
Servicios financieros y seguros,Servicios,66171000,Servicios de asesoramiento financiero
Servicios financieros y seguros,Servicios,66172000,Servicios de procesamiento de transacciones financieras y de cámara de compensación
Servicios financieros y seguros,Servicios,66180000,Servicios de cambio de divisas
Servicios financieros y seguros,Servicios,66190000,Servicios de corretaje de préstamos
Servicios financieros y seguros,Servicios,66500000,Servicios de seguros y pensiones
Servicios financieros y seguros,Servicios,66510000,Servicios de seguros
Servicios financieros y seguros,Servicios,66511000,Servicios de seguros de vida
Servicios financieros y seguros,Servicios,66512000,Servicios de seguros de accidentes y de enfermedad
Servicios financieros y seguros,Servicios,66512100,Servicios de seguros de accidentes
Servicios financieros y seguros,Servicios,66512200,Servicios de seguros de asistencia médica
Servicios financieros y seguros,Servicios,66512210,Servicios de seguro voluntario de asistencia médica
Servicios financieros y seguros,Servicios,66512220,Servicios de seguros médicos
Servicios financieros y seguros,Servicios,66513000,Servicios de seguros de defensa jurídica y de seguros a todo riesgo
Servicios financieros y seguros,Servicios,66513100,Servicios de seguros de defensa jurídica
Servicios financieros y seguros,Servicios,66513200,Servicios de seguros de todo riesgo para la construcción
Servicios financieros y seguros,Servicios,66514000,Seguros de flete y servicios de seguros relacionados con el transporte
Servicios financieros y seguros,Servicios,66514100,Seguros relacionados con el transporte
Servicios financieros y seguros,Servicios,66514110,Servicios de seguros de automóviles
Servicios financieros y seguros,Servicios,66514120,"Servicios de seguro marítimo, de aviación y de transportes de otro tipo"
Servicios financieros y seguros,Servicios,66514130,Servicios de seguros de ferrocarril
Servicios financieros y seguros,Servicios,66514140,Servicios de seguros de aeronaves
Servicios financieros y seguros,Servicios,66514150,Servicios de seguros de embarcaciones
Servicios financieros y seguros,Servicios,66514200,Servicios de seguros de fletes
Servicios financieros y seguros,Servicios,66515000,Servicios de seguros de daños
Servicios financieros y seguros,Servicios,66515100,Servicios de seguros de incendio
Servicios financieros y seguros,Servicios,66515200,Servicios de seguros de cosas
Servicios financieros y seguros,Servicios,66515300,Servicios de seguros contra inclemencias del tiempo y pérdida financiera
Servicios financieros y seguros,Servicios,66515400,Servicios de seguros contra las inclemencias del tiempo
Servicios financieros y seguros,Servicios,66515410,Servicios de seguros contra pérdidas financieras
Servicios financieros y seguros,Servicios,66515411,Servicios de seguros de pérdida pecuniaria
Servicios financieros y seguros,Servicios,66516000,Servicios de seguros de responsabilidad civil
Servicios financieros y seguros,Servicios,66516100,Servicios de seguros de responsabilidad civil de automóviles
Servicios financieros y seguros,Servicios,66516200,Servicios de seguros de responsabilidad civil de aeronaves
Servicios financieros y seguros,Servicios,66516300,Servicios de seguros de responsabilidad civil de embarcaciones
Servicios financieros y seguros,Servicios,66516400,Servicios de seguros de responsabilidad civil general
Servicios financieros y seguros,Servicios,66516500,Servicios de seguros de responsabilidad profesional
Servicios financieros y seguros,Servicios,66517000,Servicios de seguros de crédito y caución
Servicios financieros y seguros,Servicios,66517100,Servicios de seguros de crédito
Servicios financieros y seguros,Servicios,66517200,Servicios de seguros de caución
Servicios financieros y seguros,Servicios,66517300,Servicios de seguros de administración de riesgos
Servicios financieros y seguros,Servicios,66518000,Servicios de corretaje y de agencias de seguros
Servicios financieros y seguros,Servicios,66518100,Servicios de corretaje de seguros
Servicios financieros y seguros,Servicios,66518200,Servicios de compañías de seguros
Servicios financieros y seguros,Servicios,66518300,Servicios de peritaje de daños
Servicios financieros y seguros,Servicios,66519000,"Servicios de seguros de ingeniería, complementarios, de liquidación de avería gruesa, de liquidación de siniestros, actuariales y de rescates"
Servicios financieros y seguros,Servicios,66519100,Servicios de seguros de plataformas de petróleo o de gas
Servicios financieros y seguros,Servicios,66519200,Servicios de seguros de ingeniería
Servicios financieros y seguros,Servicios,66519300,Servicios de seguros complementarios
Servicios financieros y seguros,Servicios,66519310,Servicios de asesoramiento en materia de seguros
Servicios financieros y seguros,Servicios,66519400,Servicios de liquidación de avería gruesa
Servicios financieros y seguros,Servicios,66519500,Servicios de liquidación de siniestros
Servicios financieros y seguros,Servicios,66519600,Servicios actuariales
Servicios financieros y seguros,Servicios,66519700,Servicios de gestión de rescates
Servicios financieros y seguros,Servicios,66520000,Servicios de pensiones
Servicios financieros y seguros,Servicios,66521000,Servicios de planes de pensiones individuales
Servicios financieros y seguros,Servicios,66522000,Servicios de pensiones de grupo
Servicios financieros y seguros,Servicios,66523000,Servicios de asesoramiento sobre fondos de pensiones
Servicios financieros y seguros,Servicios,66523100,Servicios de administración de fondos de pensiones
Servicios financieros y seguros,Servicios,66600000,Servicios de tesorería
Servicios financieros y seguros,Servicios,66700000,Servicios de reaseguro
Servicios financieros y seguros,Servicios,66710000,Servicios de reaseguro de vida
Servicios financieros y seguros,Servicios,66720000,Servicios de reaseguro de accidente y enfermedad
Inmobiliario,Servicios,70000000,Servicios inmobiliarios
Inmobiliario,Servicios,70100000,Servicios inmobiliarios relacionados con bienes raíces propios
Inmobiliario,Servicios,70110000,Servicios de promoción de bienes raíces
Inmobiliario,Servicios,70111000,Promoción de bienes raíces residenciales
Inmobiliario,Servicios,70112000,Promoción de bienes raíces no residenciales
Inmobiliario,Servicios,70120000,Compraventa de bienes raíces
Inmobiliario,Servicios,70121000,Servicios de compra o venta de edificios
Inmobiliario,Servicios,70121100,Servicios de venta de edificios
Inmobiliario,Servicios,70121200,Servicios de compra de edificios
Inmobiliario,Servicios,70122000,Servicios de compra o venta de terrenos
Inmobiliario,Servicios,70122100,Servicios de venta de terrenos
Inmobiliario,Servicios,70122110,Servicios de venta de terrenos desocupados
Inmobiliario,Servicios,70122200,Servicios de compra de terrenos
Inmobiliario,Servicios,70122210,Servicios de compra de terrenos desocupados
Inmobiliario,Servicios,70123000,Venta de bienes raíces
Inmobiliario,Servicios,70123100,Venta de bienes raíces residenciales
Inmobiliario,Servicios,70123200,Venta de bienes raíces no residenciales
Inmobiliario,Servicios,70130000,Servicios de arrendamiento de bienes raíces propios
Inmobiliario,Servicios,70200000,Servicios de alquiler o arrendamiento financiero relativos a bienes raíces propios
Inmobiliario,Servicios,70210000,Servicios de alquiler o arrendamiento financiero relativos a bienes raíces residenciales propios
Inmobiliario,Servicios,70220000,Servicios de alquiler o arrendamiento financiero relativos a bienes raíces no residenciales propios
Inmobiliario,Servicios,70300000,Servicios varios de agencias inmobiliarias a comisión o por contrato
Inmobiliario,Servicios,70310000,Servicios de alquiler o venta de edificios
Inmobiliario,Servicios,70311000,Servicios de alquiler o venta de edificios residenciales
Inmobiliario,Servicios,70320000,Servicios de alquiler o venta de terrenos
Inmobiliario,Servicios,70321000,Servicios de alquiler de terrenos
Inmobiliario,Servicios,70322000,Servicios de alquiler o venta de terrenos desocupados
Inmobiliario,Servicios,70330000,Servicios de administración de bienes raíces a comisión o por contrato
Inmobiliario,Servicios,70331000,Servicios relacionados con propiedades residenciales
Inmobiliario,Servicios,70331100,Servicios de gestión de instituciones
Inmobiliario,Servicios,70332000,Servicios relacionados con propiedades no residenciales
Inmobiliario,Servicios,70332100,Servicios de administración de terrenos
Inmobiliario,Servicios,70332200,Servicios de administración de propiedades comerciales
Inmobiliario,Servicios,70332300,Servicios relacionados con la propiedad industrial
Inmobiliario,Servicios,70333000,Servicios relacionados con viviendas
Inmobiliario,Servicios,70340000,Servicios relacionados con la multipropiedad
Arquitectura e ingeniería,Servicios,71000000,"Servicios de arquitectura, construcción, ingeniería e inspección"
Arquitectura e ingeniería,Servicios,71200000,Servicios de arquitectura y servicios conexos
Arquitectura e ingeniería,Servicios,71210000,Servicios de asesoramiento en arquitectura
Arquitectura e ingeniería,Servicios,71220000,Servicios de diseño arquitectónico
Arquitectura e ingeniería,Servicios,71221000,Servicios de arquitectura para edificios
Arquitectura e ingeniería,Servicios,71222000,Servicios de arquitectura para instalaciones al aire libre
Arquitectura e ingeniería,Servicios,71222100,Servicios de cartografía de zonas urbanas
Arquitectura e ingeniería,Servicios,71222200,Servicios de cartografía de zonas rurales
Arquitectura e ingeniería,Servicios,71223000,Servicios de arquitectura para trabajos de ampliación de edificios
Arquitectura e ingeniería,Servicios,71230000,Servicios de organización de concursos de proyectos de arquitectura
Arquitectura e ingeniería,Servicios,71240000,"Servicios de arquitectura, ingeniería y planificación"
Arquitectura e ingeniería,Servicios,71241000,"Estudio de viabilidad, servicios de asesoramiento, análisis"
Arquitectura e ingeniería,Servicios,71242000,"Elaboración de proyectos y diseños, presupuestos"
Arquitectura e ingeniería,Servicios,71243000,Anteproyectos (sistemas e integración)
Arquitectura e ingeniería,Servicios,71244000,"Cálculo de costes, seguimiento de costes"
Arquitectura e ingeniería,Servicios,71245000,"Proyectos presentados para aprobación, planos de ejecución y especificaciones"
Arquitectura e ingeniería,Servicios,71246000,Determinación y listado de cantidades necesarias para la construcción
Arquitectura e ingeniería,Servicios,71247000,Supervisión del trabajo de construcción
Arquitectura e ingeniería,Servicios,71248000,Supervisión del proyecto y documentación
Arquitectura e ingeniería,Servicios,71250000,"Servicios de arquitectura, ingeniería y agrimensura"
Arquitectura e ingeniería,Servicios,71251000,Servicios de arquitectura y de planimetría de edificios
Arquitectura e ingeniería,Servicios,71300000,Servicios de ingeniería
Arquitectura e ingeniería,Servicios,71310000,Servicios de consultoría en ingeniería y construcción
Arquitectura e ingeniería,Servicios,71311000,Servicios de consultoría en ingeniería civil
Arquitectura e ingeniería,Servicios,71311100,Servicios de asistencia en ingeniería civil
Arquitectura e ingeniería,Servicios,71311200,Servicios de consultoría en sistemas de transporte
Arquitectura e ingeniería,Servicios,71311210,Servicios de consultoría en materia de carreteras
Arquitectura e ingeniería,Servicios,71311220,Servicios de ingeniería de caminos
Arquitectura e ingeniería,Servicios,71311230,Servicios de ingeniería ferroviaria
Arquitectura e ingeniería,Servicios,71311240,Servicios de ingeniería aeroportuaria
Arquitectura e ingeniería,Servicios,71311300,Servicios de consultoría en infraestructura
Arquitectura e ingeniería,Servicios,71312000,Servicios de consultoría en ingeniería de estructuras
Arquitectura e ingeniería,Servicios,71313000,Servicios de consultoría en ingeniería ambiental
Arquitectura e ingeniería,Servicios,71313100,Servicios de consultoría en control del ruido
Arquitectura e ingeniería,Servicios,71313200,Servicios de consultoría en aislamiento acústico y acústica arquitectural
Arquitectura e ingeniería,Servicios,71313400,Evaluación del impacto ambiental para la construcción
Arquitectura e ingeniería,Servicios,71313410,Evaluación del riesgo o peligro para la construcción
Arquitectura e ingeniería,Servicios,71313420,Normas ambientales para la construcción
Arquitectura e ingeniería,Servicios,71313430,Análisis de indicadores ambientales para la construcción
Arquitectura e ingeniería,Servicios,71313440,Servicios de evaluación del impacto ambiental (EIA) para la construcción
Arquitectura e ingeniería,Servicios,71313450,Seguimiento ambiental para la construcción
Arquitectura e ingeniería,Servicios,71314000,Servicios de energía y servicios conexos
Arquitectura e ingeniería,Servicios,71314100,Servicios de electricidad
Arquitectura e ingeniería,Servicios,71314200,Servicios de gestión de energía
Arquitectura e ingeniería,Servicios,71314300,Servicios de consultoría en rendimiento energético
Arquitectura e ingeniería,Servicios,71314310,Servicios de física térmica para edificios
Arquitectura e ingeniería,Servicios,71315000,Instalaciones técnicas de edificios
Arquitectura e ingeniería,Servicios,71315100,Servicios de consultoría en construcción de edificios
Arquitectura e ingeniería,Servicios,71315200,Servicios de consultoría en materia de edificios
Arquitectura e ingeniería,Servicios,71315210,Servicios de consultoría en acometidas de edificios
Arquitectura e ingeniería,Servicios,71315300,Servicios de planimetría de edificios
Arquitectura e ingeniería,Servicios,71315400,Servicios de inspección de edificios
Arquitectura e ingeniería,Servicios,71315410,Inspección del sistema de ventilación
Arquitectura e ingeniería,Servicios,71316000,Servicios de consultoría en telecomunicaciones
Arquitectura e ingeniería,Servicios,71317000,Servicios de consultoría en protección y control de riesgos
Arquitectura e ingeniería,Servicios,71317100,Servicios de consultoría en protección y control de incendios y explosiones
Arquitectura e ingeniería,Servicios,71317200,Servicios de salud y seguridad
Arquitectura e ingeniería,Servicios,71317210,Servicios de consultoría en salud y seguridad
Arquitectura e ingeniería,Servicios,71318000,Servicios de asesoramiento y consultoría en ingeniería
Arquitectura e ingeniería,Servicios,71318100,Servicios de luminotecnia y de iluminación natural
Arquitectura e ingeniería,Servicios,71319000,Servicios de peritaje
Arquitectura e ingeniería,Servicios,71320000,Servicios de diseño técnico
Arquitectura e ingeniería,Servicios,71321000,Servicios de diseño técnico de instalaciones mecánicas y eléctricas para edificios
Arquitectura e ingeniería,Servicios,71321100,Servicios de evaluación económica de la construcción
Arquitectura e ingeniería,Servicios,71321200,Servicios de diseño de sistemas de calefacción
Arquitectura e ingeniería,Servicios,71321300,Servicios de consultoría en fontanería
Arquitectura e ingeniería,Servicios,71321400,Servicios de consultoría en ventilación
Arquitectura e ingeniería,Servicios,71322000,Servicios de diseño técnico para la construcción de obras de ingeniería civil
Arquitectura e ingeniería,Servicios,71322100,Servicios de estudio de dimensiones para obras de ingeniería civil
Arquitectura e ingeniería,Servicios,71322200,Servicios de diseño de tuberías
Arquitectura e ingeniería,Servicios,71322300,Servicios de diseño de puentes
Arquitectura e ingeniería,Servicios,71322400,Servicios de diseño de represas
Arquitectura e ingeniería,Servicios,71322500,Servicios de diseño técnico de instalaciones de tráfico
Arquitectura e ingeniería,Servicios,71323000,Servicios de diseño técnico del proceso y la producción industriales
Arquitectura e ingeniería,Servicios,71323100,Servicios de diseño de sistemas eléctricos
Arquitectura e ingeniería,Servicios,71323200,Servicios de diseño de ingeniería de instalaciones
Arquitectura e ingeniería,Servicios,71324000,Servicios de estudio de dimensiones
Arquitectura e ingeniería,Servicios,71325000,Servicios de proyecto de cimientos
Arquitectura e ingeniería,Servicios,71326000,Servicios auxiliares de edificios
Arquitectura e ingeniería,Servicios,71327000,Servicios de diseño de la estructura
Arquitectura e ingeniería,Servicios,71328000,Servicios de verificación de la estructura
Arquitectura e ingeniería,Servicios,71330000,Servicios diversos de ingeniería
Arquitectura e ingeniería,Servicios,71331000,Servicios de ingeniería en materia de lodos de perforación
Arquitectura e ingeniería,Servicios,71332000,Servicios de ingeniería geotécnica
Arquitectura e ingeniería,Servicios,71333000,Servicios de ingeniería mecánica
Arquitectura e ingeniería,Servicios,71334000,Servicios de ingeniería mecánica y eléctrica
Arquitectura e ingeniería,Servicios,71335000,Estudios de ingeniería
Arquitectura e ingeniería,Servicios,71336000,Servicios complementarios de ingeniería
Arquitectura e ingeniería,Servicios,71337000,Servicios técnicos de protección contra la corrosión
Arquitectura e ingeniería,Servicios,71340000,Servicios integrados de ingeniería
Arquitectura e ingeniería,Servicios,71350000,Servicios científicos y técnicos relacionados con la ingeniería
Arquitectura e ingeniería,Servicios,71351000,"Servicios de prospección geológica, geofísica y otros tipos de prospección científica"
Arquitectura e ingeniería,Servicios,71351100,Servicios de preparación y análisis de testigos
Arquitectura e ingeniería,Servicios,71351200,Servicios de consultoría en materia geológica y geofísica
Arquitectura e ingeniería,Servicios,71351210,Servicios de consultoría en geofísica
Arquitectura e ingeniería,Servicios,71351220,Servicios de consultoría en geología
Arquitectura e ingeniería,Servicios,71351300,Servicios de análisis micropaleontológico
Arquitectura e ingeniería,Servicios,71351400,Servicios de interpretación petrofísica
Arquitectura e ingeniería,Servicios,71351500,Servicios de estudio de suelos
Arquitectura e ingeniería,Servicios,71351600,Servicios de predicción del tiempo
Arquitectura e ingeniería,Servicios,71351610,Servicios de meteorología
Arquitectura e ingeniería,Servicios,71351611,Servicios de climatología
Arquitectura e ingeniería,Servicios,71351612,Servicios de hidrometeorología
Arquitectura e ingeniería,Servicios,71351700,Servicios de prospección científica
Arquitectura e ingeniería,Servicios,71351710,Servicios de prospección geofísica
Arquitectura e ingeniería,Servicios,71351720,Levantamiento geofísico de yacimientos arqueológicos
Arquitectura e ingeniería,Servicios,71351730,Servicios de prospección geológica
Arquitectura e ingeniería,Servicios,71351800,Servicios topográficos y de radiestesia
Arquitectura e ingeniería,Servicios,71351810,Servicios topográficos
Arquitectura e ingeniería,Servicios,71351811,Levantamiento topográfico de yacimientos arqueológicos
Arquitectura e ingeniería,Servicios,71351820,Servicios de radiestesia
Arquitectura e ingeniería,Servicios,71351900,"Servicios de geología, oceanografía e hidrología"
Arquitectura e ingeniería,Servicios,71351910,Servicios de geología
Arquitectura e ingeniería,Servicios,71351911,Servicios de fotogeología
Arquitectura e ingeniería,Servicios,71351912,Servicios de geología estratigráfica
Arquitectura e ingeniería,Servicios,71351913,Servicios de exploración geológica
Arquitectura e ingeniería,Servicios,71351914,Servicios arqueológicos
Arquitectura e ingeniería,Servicios,71351920,Servicios de oceanografía e hidrología
Arquitectura e ingeniería,Servicios,71351921,Servicios de oceanografía estuarial
Arquitectura e ingeniería,Servicios,71351922,Servicios de oceanografía física
Arquitectura e ingeniería,Servicios,71351923,Servicios de mediciones batimétricas
Arquitectura e ingeniería,Servicios,71351924,Servicios de exploración subacuática
Arquitectura e ingeniería,Servicios,71352000,Servicios de topografía subterránea
Arquitectura e ingeniería,Servicios,71352100,Servicios de sismología
Arquitectura e ingeniería,Servicios,71352110,Servicios de estudios sismográficos
Arquitectura e ingeniería,Servicios,71352120,Servicios de adquisición de datos sísmicos
Arquitectura e ingeniería,Servicios,71352130,Servicios de recogida de datos sísmicos
Arquitectura e ingeniería,Servicios,71352140,Servicios de tratamiento de datos sísmicos
Arquitectura e ingeniería,Servicios,71352300,Servicios de exploración magnetométrica
Arquitectura e ingeniería,Servicios,71353000,Servicios de mediciones topográficas de superficie
Arquitectura e ingeniería,Servicios,71353100,Servicios de estudios hidrográficos
Arquitectura e ingeniería,Servicios,71353200,Servicios de topografía dimensional
Arquitectura e ingeniería,Servicios,71354000,Servicios de cartografía
Arquitectura e ingeniería,Servicios,71354100,Servicios de cartografía digital
Arquitectura e ingeniería,Servicios,71354200,Servicios de cartografía aérea
Arquitectura e ingeniería,Servicios,71354300,Servicios de estudios catastrales
Arquitectura e ingeniería,Servicios,71354400,Servicios hidrográficos
Arquitectura e ingeniería,Servicios,71354500,Servicios de investigación marítima
Arquitectura e ingeniería,Servicios,71355000,Servicios de agrimensura
Arquitectura e ingeniería,Servicios,71355100,Servicios de fotogrametría
Arquitectura e ingeniería,Servicios,71355200,Servicio oficial de topografía catastral
Arquitectura e ingeniería,Servicios,71356000,Servicios técnicos
Arquitectura e ingeniería,Servicios,71356100,Servicios de control técnico
Arquitectura e ingeniería,Servicios,71356200,Servicios de asistencia técnica
Arquitectura e ingeniería,Servicios,71356300,Servicios de apoyo técnico
Arquitectura e ingeniería,Servicios,71356400,Servicios de planificación técnica
Arquitectura e ingeniería,Servicios,71400000,Servicios de planificación urbana y de arquitectura paisajística
Arquitectura e ingeniería,Servicios,71410000,Servicios de urbanismo
Arquitectura e ingeniería,Servicios,71420000,Servicios de arquitectura paisajística
Arquitectura e ingeniería,Servicios,71421000,Servicios de jardinería paisajística
Arquitectura e ingeniería,Servicios,71500000,Servicios relacionados con la construcción
Arquitectura e ingeniería,Servicios,71510000,Servicios de estudio del emplazamiento
Arquitectura e ingeniería,Servicios,71520000,Servicios de supervisión de obras
Arquitectura e ingeniería,Servicios,71521000,Servicios de supervisión del emplazamiento de la obra
Arquitectura e ingeniería,Servicios,71530000,Servicios de consultoría en materia de construcción
Arquitectura e ingeniería,Servicios,71540000,Servicios de gestión de obras
Arquitectura e ingeniería,Servicios,71541000,Servicios de gestión de proyectos de construcción
Arquitectura e ingeniería,Servicios,71550000,Servicios de herrería
Arquitectura e ingeniería,Servicios,71600000,"Servicios de ensayo, análisis y consultoría técnicos"
Arquitectura e ingeniería,Servicios,71610000,Servicios de ensayo y análisis de composición y pureza
Arquitectura e ingeniería,Servicios,71620000,Servicios de análisis
Arquitectura e ingeniería,Servicios,71621000,Servicios de ensayo o consultoría técnicos
Arquitectura e ingeniería,Servicios,71630000,Servicios de inspección y ensayo técnicos
Arquitectura e ingeniería,Servicios,71631000,Servicios de inspección técnica
Arquitectura e ingeniería,Servicios,71631100,Servicios de inspección de maquinaria
Arquitectura e ingeniería,Servicios,71631200,Servicios de inspección técnica de automóviles
Arquitectura e ingeniería,Servicios,71631300,Servicios de inspección técnica de edificios
Arquitectura e ingeniería,Servicios,71631400,Servicios de inspección técnica de estructuras de ingeniería
Arquitectura e ingeniería,Servicios,71631420,Servicios de inspección relacionados con la seguridad marítima
Arquitectura e ingeniería,Servicios,71631430,Servicios de verificación de fugas
Arquitectura e ingeniería,Servicios,71631440,Servicios de control de flujos
Arquitectura e ingeniería,Servicios,71631450,Servicios de inspección de puentes
Arquitectura e ingeniería,Servicios,71631460,Servicios de inspección de represas
Arquitectura e ingeniería,Servicios,71631470,Servicios de inspección de vías férreas
Arquitectura e ingeniería,Servicios,71631480,Servicios de inspección de carreteras
Arquitectura e ingeniería,Servicios,71631490,Servicios de inspección de pistas de aterrizaje
Arquitectura e ingeniería,Servicios,71632000,Servicios de ensayo técnico
Arquitectura e ingeniería,Servicios,71632100,Servicios de ensayo de válvulas
Arquitectura e ingeniería,Servicios,71632200,Servicios de ensayo no destructivo
Arquitectura e ingeniería,Servicios,71700000,Servicios de monitorización y control
Arquitectura e ingeniería,Servicios,71730000,Servicios de inspección industrial
Arquitectura e ingeniería,Servicios,71731000,Servicios de control de calidad industrial
Arquitectura e ingeniería,Servicios,71800000,Servicios de consultoría en suministro de agua y en materia de desechos
Arquitectura e ingeniería,Servicios,71900000,Servicios de laboratorio
Tecnología de la información,Servicios,72000000,"Servicios TI: consultoría, desarrollo de software, Internet y apoyo"
Tecnología de la información,Servicios,72100000,Servicios de consultoría en equipo informático
Tecnología de la información,Servicios,72110000,Servicios de consultoría en la selección del equipo informático
Tecnología de la información,Servicios,72120000,Servicios de consultoría en recuperación de equipo informático en caso de catástrofe
Tecnología de la información,Servicios,72130000,Servicios de consultoría en planificación de instalaciones informáticas
Tecnología de la información,Servicios,72140000,Servicios de consultoría en pruebas de aceptación de equipo informático
Tecnología de la información,Servicios,72150000,Servicios de consultoría en auditoría informática y en equipo informático
Tecnología de la información,Servicios,72200000,Servicios de programación de software y de consultoría
Tecnología de la información,Servicios,72210000,Servicios de programación de paquetes de software
Tecnología de la información,Servicios,72211000,Servicios de programación de sistemas y software de usuario
Tecnología de la información,Servicios,72212000,Servicios de programación de software de aplicación
Tecnología de la información,Servicios,72212100,Servicios de desarrollo de software específico de un sector económico
Tecnología de la información,Servicios,72212110,Servicios de desarrollo de software de puntos de venta
Tecnología de la información,Servicios,72212120,Servicios de desarrollo de software de control de vuelos
Tecnología de la información,Servicios,72212121,Servicios de desarrollo de software de control del tránsito aéreo
Tecnología de la información,Servicios,72212130,Servicios de desarrollo de software de apoyo en tierra y de ensayos para la aviación
Tecnología de la información,Servicios,72212131,Servicios de desarrollo de software de equipos de apoyo en tierra para la aviación
Tecnología de la información,Servicios,72212132,Servicios de desarrollo de software de ensayos para la aviación
Tecnología de la información,Servicios,72212140,Servicios de desarrollo de software de control del tráfico ferroviario
Tecnología de la información,Servicios,72212150,Servicios de desarrollo de software de control industrial
Tecnología de la información,Servicios,72212160,Servicios de desarrollo de software de bibliotecas
Tecnología de la información,Servicios,72212170,Servicios de desarrollo de software de conformidad
Tecnología de la información,Servicios,72212180,Servicios de desarrollo de software médico
Tecnología de la información,Servicios,72212190,Servicios de desarrollo de software educativo
Tecnología de la información,Servicios,72212200,"Servicios de desarrollo de software de conexión en red, Internet e intranet"
Tecnología de la información,Servicios,72212210,Servicios de desarrollo de software de conexión en red
Tecnología de la información,Servicios,72212211,Servicios de desarrollo de software de interconectividad de plataformas
Tecnología de la información,Servicios,72212212,Servicios de desarrollo de software de servidor de discos ópticos
Tecnología de la información,Servicios,72212213,Servicios de desarrollo de software para mejorar el sistema operativo
Tecnología de la información,Servicios,72212214,Servicios de desarrollo de software de sistemas operativos en red
Tecnología de la información,Servicios,72212215,Servicios de desarrollo de software de desarrolladores de redes
Tecnología de la información,Servicios,72212216,Servicios de desarrollo de software de emulación de terminal de conectividad de redes
Tecnología de la información,Servicios,72212217,Servicios de desarrollo de software de proceso de transacciones
Tecnología de la información,Servicios,72212218,Servicios de desarrollo de software de gestión de licencias
Tecnología de la información,Servicios,72212219,Servicios diversos de desarrollo de software de conexión en red
Tecnología de la información,Servicios,72212220,Servicios de desarrollo de software de Internet e intranet
Tecnología de la información,Servicios,72212221,Servicios de desarrollo de software de navegación en Internet
Tecnología de la información,Servicios,72212222,Servicios de desarrollo de software de servidores web
Tecnología de la información,Servicios,72212223,Servicios de desarrollo de software de correo electrónico
Tecnología de la información,Servicios,72212224,Servicios de desarrollo de software de edición de páginas web
Tecnología de la información,Servicios,72212300,"Servicios de desarrollo de software de creación de documentos, dibujo, tratamiento de imágenes, planificación y productividad"
Tecnología de la información,Servicios,72212310,Servicios de desarrollo de software de creación de documentos
Tecnología de la información,Servicios,72212311,Servicios de desarrollo de software de gestión de documentos
Tecnología de la información,Servicios,72212312,Servicios de desarrollo de software de edición electrónica
Tecnología de la información,Servicios,72212313,Servicios de desarrollo de software de reconocimiento óptico de caracteres (OCR)
Tecnología de la información,Servicios,72212314,Servicios de desarrollo de software de reconocimiento vocal
Tecnología de la información,Servicios,72212315,Servicios de desarrollo de software de autoedición
Tecnología de la información,Servicios,72212316,Servicios de desarrollo de software de presentación
Tecnología de la información,Servicios,72212317,Servicios de desarrollo de software de tratamiento de textos
Tecnología de la información,Servicios,72212318,Servicios de desarrollo de software de escáner
Tecnología de la información,Servicios,72212320,Servicios de desarrollo de software de dibujo y tratamiento de imágenes
Tecnología de la información,Servicios,72212321,Servicios de desarrollo de software de diseño asistido por ordenador (DAO)
Tecnología de la información,Servicios,72212322,Servicios de desarrollo de software de gráficos
Tecnología de la información,Servicios,72212323,Servicios de desarrollo de software de fabricación asistida por ordenador (FAO)
Tecnología de la información,Servicios,72212324,Servicios de desarrollo de software de trazado de diagramas
Tecnología de la información,Servicios,72212325,Servicios de desarrollo de software de diseño de formularios
Tecnología de la información,Servicios,72212326,Servicios de desarrollo de software cartográfico
Tecnología de la información,Servicios,72212327,Servicios de desarrollo de software de dibujo y pintura
Tecnología de la información,Servicios,72212328,Servicios de desarrollo de software de tratamiento de imágenes
Tecnología de la información,Servicios,72212330,Servicios de desarrollo de software de planificación y productividad
Tecnología de la información,Servicios,72212331,Servicios de desarrollo de software de gestión de proyectos
Tecnología de la información,Servicios,72212332,Servicios de desarrollo de software de planificación
Tecnología de la información,Servicios,72212333,Servicios de desarrollo de software de gestión de contactos
Tecnología de la información,Servicios,72212400,Servicios de desarrollo de software de transacciones comerciales y personales
Tecnología de la información,Servicios,72212410,Servicios de desarrollo de software de gestión de inversiones y elaboración de declaraciones fiscales
Tecnología de la información,Servicios,72212411,Servicios de desarrollo de software de gestión de inversiones
Tecnología de la información,Servicios,72212412,Servicios de desarrollo de software de elaboración de declaraciones fiscales
Tecnología de la información,Servicios,72212420,"Servicios de desarrollo de software de la gestión de instalaciones y ""suite"" de servicios de desarrollo de software"
Tecnología de la información,Servicios,72212421,Servicios de desarrollo de software de gestión de instalaciones
Tecnología de la información,Servicios,72212422,"""Suites"" de servicios de desarrollo de software"
Tecnología de la información,Servicios,72212430,Servicios de desarrollo de software de gestión de inventarios
Tecnología de la información,Servicios,72212440,Servicios de desarrollo de software de análisis financiero y contabilidad
Tecnología de la información,Servicios,72212441,Servicios de desarrollo de software de análisis financiero
Tecnología de la información,Servicios,72212442,Servicios de desarrollo de software de sistemas financieros
Tecnología de la información,Servicios,72212443,Servicios de desarrollo de software de contabilidad
Tecnología de la información,Servicios,72212445,Servicios de desarrollo de software de gestión de relaciones con el consumidor
Tecnología de la información,Servicios,72212450,Servicios de desarrollo de software de contabilización del tiempo o recursos humanos
Tecnología de la información,Servicios,72212451,Servicios de desarrollo de software de planificación de recursos empresariales
Tecnología de la información,Servicios,72212460,"Servicios de desarrollo de software analítico, científico, matemático o predictivo"
Tecnología de la información,Servicios,72212461,Servicios de desarrollo de software analítico o científico
Tecnología de la información,Servicios,72212462,Servicios de desarrollo de software matemático o predictivo
Tecnología de la información,Servicios,72212463,Servicios de desarrollo de software estadístico
Tecnología de la información,Servicios,72212470,Servicios de desarrollo de software de subastas
Tecnología de la información,Servicios,72212480,"Servicios de desarrollo de software de ventas, mercadotecnia e inteligencia empresarial"
Tecnología de la información,Servicios,72212481,Servicios de desarrollo de software de ventas y mercadotecnia
Tecnología de la información,Servicios,72212482,Servicios de desarrollo de software de inteligencia empresarial
Tecnología de la información,Servicios,72212490,Servicios de desarrollo de software de contratación administrativa
Tecnología de la información,Servicios,72212500,Servicios de desarrollo de software de comunicación y multimedia
Tecnología de la información,Servicios,72212510,Servicios de desarrollo de software de comunicación
Tecnología de la información,Servicios,72212511,Servicios de desarrollo de software de comunicaciones de escritorio
Tecnología de la información,Servicios,72212512,Servicios de desarrollo de software de respuesta vocal interactiva
Tecnología de la información,Servicios,72212513,Servicios de desarrollo de software de módem
Tecnología de la información,Servicios,72212514,Servicios de desarrollo de software de acceso remoto
Tecnología de la información,Servicios,72212515,Servicios de desarrollo de software de videoconferencia
Tecnología de la información,Servicios,72212516,Servicios de desarrollo de software de intercambio
Tecnología de la información,Servicios,72212517,Servicios de desarrollo de software de TI
Tecnología de la información,Servicios,72212518,Servicios de desarrollo de software de emulación
Tecnología de la información,Servicios,72212519,Servicios de desarrollo de software de gestión de memoria
Tecnología de la información,Servicios,72212520,Servicios de desarrollo de software multimedia
Tecnología de la información,Servicios,72212521,Servicios de desarrollo de software de edición de música o sonido
Tecnología de la información,Servicios,72212522,Servicios de desarrollo de software de teclado virtual
Tecnología de la información,Servicios,72212600,Servicios de desarrollo de software de bases de datos y de funcionamiento
Tecnología de la información,Servicios,72212610,Servicios de desarrollo de software de bases de datos
Tecnología de la información,Servicios,72212620,Servicios de desarrollo de software del sistema operativo de la unidad central
Tecnología de la información,Servicios,72212630,Servicios de desarrollo de software de sistema operativo de miniordenador
Tecnología de la información,Servicios,72212640,Servicios de desarrollo de software de sistema operativo de microordenador
Tecnología de la información,Servicios,72212650,Servicios de desarrollo de software de sistema operativo de ordenador personal (PC)
Tecnología de la información,Servicios,72212660,Servicios de desarrollo de software de agrupamiento
Tecnología de la información,Servicios,72212670,Servicios de desarrollo de software de sistema operativo de tiempo real
Tecnología de la información,Servicios,72212700,Utilidades de servicios de desarrollo de software
Tecnología de la información,Servicios,72212710,Servicios de desarrollo de software de copia de seguridad o recuperación
Tecnología de la información,Servicios,72212720,Servicios de desarrollo de software de código de barras
Tecnología de la información,Servicios,72212730,Servicios de desarrollo de software de seguridad
Tecnología de la información,Servicios,72212731,Servicios de desarrollo de software de seguridad de archivos
Tecnología de la información,Servicios,72212732,Servicios de desarrollo de software de seguridad de datos
Tecnología de la información,Servicios,72212740,Servicios de desarrollo de software de traducción de lenguas extranjeras
Tecnología de la información,Servicios,72212750,Servicios de desarrollo de software de carga de medios de almacenamiento
Tecnología de la información,Servicios,72212760,Servicios de desarrollo de software de protección antivirus
Tecnología de la información,Servicios,72212761,Servicios de desarrollo de software antivirus
Tecnología de la información,Servicios,72212770,"Servicios de desarrollo de software de utilidades generales, de compresión y de impresión"
Tecnología de la información,Servicios,72212771,Servicios de desarrollo de software de utilidades generales
Tecnología de la información,Servicios,72212772,Servicios de desarrollo de software de utilidades de impresión
Tecnología de la información,Servicios,72212780,"Servicios de desarrollo de software de gestión de sistemas, almacenamiento y contenido"
Tecnología de la información,Servicios,72212781,Servicios de desarrollo de software de gestión de sistemas
Tecnología de la información,Servicios,72212782,Servicios de desarrollo de software de gestión de almacenamiento
Tecnología de la información,Servicios,72212783,Servicios de desarrollo de software de gestión de contenido
Tecnología de la información,Servicios,72212790,Servicios de desarrollo de software de comprobación de versiones
Tecnología de la información,Servicios,72212900,Servicios de desarrollo de software y sistemas informáticos diversos
Tecnología de la información,Servicios,72212910,"Servicios de desarrollo de software de juegos informáticos, títulos para toda la familia y salvapantallas"
Tecnología de la información,Servicios,72212911,Servicios de desarrollo de software de juegos informáticos
Tecnología de la información,Servicios,72212920,Servicios de desarrollo de software ofimático
Tecnología de la información,Servicios,72212930,Servicios de desarrollo de software de formación y entretenimiento
Tecnología de la información,Servicios,72212931,Servicios de desarrollo de software de formación
Tecnología de la información,Servicios,72212932,Servicios de desarrollo de software de entretenimiento
Tecnología de la información,Servicios,72212940,Servicios de desarrollo de software de diseños y calendario
Tecnología de la información,Servicios,72212941,Servicios de desarrollo de software de diseños
Tecnología de la información,Servicios,72212942,Servicios de desarrollo de software de calendario
Tecnología de la información,Servicios,72212960,Servicios de desarrollo de software de controladores y sistemas
Tecnología de la información,Servicios,72212970,Servicios de desarrollo de software para imprenta
Tecnología de la información,Servicios,72212971,Servicios de desarrollo de software de elaboración de libretas de direcciones
Tecnología de la información,Servicios,72212972,Servicios de desarrollo de software de elaboración de etiquetas
Tecnología de la información,Servicios,72212980,Servicios de lenguajes de programación y de desarrollo de herramientas
Tecnología de la información,Servicios,72212981,Servicios de desarrollo de software de compilación
Tecnología de la información,Servicios,72212982,Servicios de desarrollo de software de gestión de la configuración
Tecnología de la información,Servicios,72212983,Servicios de desarrollo de software de desarrollo
Tecnología de la información,Servicios,72212984,Servicios de desarrollo de software de ensayo de programas
Tecnología de la información,Servicios,72212985,Servicios de desarrollo de software de depuración
Tecnología de la información,Servicios,72212990,Servicios de desarrollo de software de hoja de cálculo y mejora de hoja de cálculo
Tecnología de la información,Servicios,72212991,Servicios de desarrollo de software de hoja de cálculo
Tecnología de la información,Servicios,72220000,Servicios de consultoría en sistemas y consultoría técnica
Tecnología de la información,Servicios,72221000,Servicios de consultoría en análisis empresarial
Tecnología de la información,Servicios,72222000,Servicios de planificación y revisión estratégica de sistemas de información o de tecnología de la información
Tecnología de la información,Servicios,72222100,Servicios de revisión estratégica de sistemas de información o de tecnología de la información
Tecnología de la información,Servicios,72222200,Servicios de planificación de sistemas de información o de tecnología de la información
Tecnología de la información,Servicios,72222300,Servicios de tecnología de la información
Tecnología de la información,Servicios,72223000,Servicios de revisión de las exigencias de tecnología de la información
Tecnología de la información,Servicios,72224000,Servicios de consultoría en gestión de proyectos
Tecnología de la información,Servicios,72224100,Servicios de planificación de la implementación de sistemas
Tecnología de la información,Servicios,72224200,Servicios de planificación de la garantía de calidad del sistema
Tecnología de la información,Servicios,72225000,Servicios de evaluación y revisión de la garantía de calidad del sistema
Tecnología de la información,Servicios,72226000,Servicios de consultoría en pruebas de aceptación del software del sistema
Tecnología de la información,Servicios,72227000,Servicios de consultoría en integración de software
Tecnología de la información,Servicios,72228000,Servicios de consultoría en integración del equipo informático
Tecnología de la información,Servicios,72230000,Servicios de desarrollo de software personalizado
Tecnología de la información,Servicios,72231000,Desarrollo de software para aplicaciones militares
Tecnología de la información,Servicios,72232000,Desarrollo de software de procesamiento de transacciones y software personalizado
Tecnología de la información,Servicios,72240000,Servicios de análisis de sistemas y de programación
Tecnología de la información,Servicios,72241000,Servicios de especificación de objetivos de diseños críticos
Tecnología de la información,Servicios,72242000,Servicios de modelado de diseños
Tecnología de la información,Servicios,72243000,Servicios de programación
Tecnología de la información,Servicios,72244000,Servicios de creación de prototipos
Tecnología de la información,Servicios,72245000,Servicios contractuales de programación y análisis de sistemas
Tecnología de la información,Servicios,72246000,Servicios de consultoría en sistemas
Tecnología de la información,Servicios,72250000,Servicios de sistemas y apoyo
Tecnología de la información,Servicios,72251000,Servicios de recuperación en caso de catástrofe
Tecnología de la información,Servicios,72252000,Servicios de archivo informático
Tecnología de la información,Servicios,72253000,Servicios de unidad de asistencia y de apoyo
Tecnología de la información,Servicios,72253100,Servicios de unidad de asistencia
Tecnología de la información,Servicios,72253200,Servicios de apoyo a sistemas
Tecnología de la información,Servicios,72254000,Ensayo de software
Tecnología de la información,Servicios,72254100,Servicios de prueba de sistemas
Tecnología de la información,Servicios,72260000,Servicios relacionados con el software
Tecnología de la información,Servicios,72261000,Servicios de apoyo al software
Tecnología de la información,Servicios,72262000,Servicios de desarrollo de software
Tecnología de la información,Servicios,72263000,Servicios de implementación de software
Tecnología de la información,Servicios,72264000,Servicios de reproducción de software
Tecnología de la información,Servicios,72265000,Servicios de configuración de software
Tecnología de la información,Servicios,72266000,Servicios de consultoría en software
Tecnología de la información,Servicios,72267000,Servicios de mantenimiento y reparación de software
Tecnología de la información,Servicios,72267100,Mantenimiento de software de tecnología de la información
Tecnología de la información,Servicios,72267200,Reparación de software de tecnología de la información
Tecnología de la información,Servicios,72268000,Servicios de suministro de software
Tecnología de la información,Servicios,72300000,Servicios relacionados con datos
Tecnología de la información,Servicios,72310000,Servicios de tratamiento de datos
Tecnología de la información,Servicios,72311000,Servicios de tabulación de datos
Tecnología de la información,Servicios,72311100,Servicios de conversión de datos
Tecnología de la información,Servicios,72311200,Servicios de procesamiento por lotes
Tecnología de la información,Servicios,72311300,Servicios informáticos de tiempo compartido
Tecnología de la información,Servicios,72312000,Servicios de introducción de datos
Tecnología de la información,Servicios,72312100,Servicios de preparación de datos
Tecnología de la información,Servicios,72312200,Servicios de reconocimiento óptico de caracteres
Tecnología de la información,Servicios,72313000,Servicios de recogida de datos
Tecnología de la información,Servicios,72314000,Servicios de recogida e intercalación de datos
Tecnología de la información,Servicios,72315000,Servicios de gestión de redes de datos y servicios de apoyo
Tecnología de la información,Servicios,72315100,Servicios de apoyo a redes de datos
Tecnología de la información,Servicios,72315200,Servicios de gestión de redes de datos
Tecnología de la información,Servicios,72316000,Servicios de análisis de datos
Tecnología de la información,Servicios,72317000,Servicios de almacenamiento de datos
Tecnología de la información,Servicios,72318000,Servicios de transmisión de datos
Tecnología de la información,Servicios,72319000,Servicios de suministro de datos
Tecnología de la información,Servicios,72320000,Servicios relacionados con bases de datos
Tecnología de la información,Servicios,72321000,Servicios de bases de datos con valor añadido
Tecnología de la información,Servicios,72322000,Servicios de gestión de datos
Tecnología de la información,Servicios,72330000,Servicios de normalización y clasificación de contenidos o datos
Tecnología de la información,Servicios,72400000,Servicios de Internet
Tecnología de la información,Servicios,72410000,Servicios de proveedor
Tecnología de la información,Servicios,72411000,Proveedor de servicios de Internet (PSI)
Tecnología de la información,Servicios,72412000,Proveedor de servicios de correo electrónico
Tecnología de la información,Servicios,72413000,Servicios de diseño de sitios web www
Tecnología de la información,Servicios,72414000,Proveedores de motores de búsqueda en la web
Tecnología de la información,Servicios,72415000,Servicios de hospedaje de operación de sitios web www
Tecnología de la información,Servicios,72416000,Proveedores de servicio de aplicaciones
Tecnología de la información,Servicios,72417000,Nombres de dominio de Internet
Tecnología de la información,Servicios,72420000,Servicios de desarrollo de Internet
Tecnología de la información,Servicios,72421000,Servicios de desarrollo de aplicaciones cliente en Internet o intranet
Tecnología de la información,Servicios,72422000,Servicios de desarrollo de aplicaciones servidor en Internet o intranet
Tecnología de la información,Servicios,72500000,Servicios informáticos
Tecnología de la información,Servicios,72510000,Servicios de gestión relacionados con la informática
Tecnología de la información,Servicios,72511000,Servicios de software de gestión de redes
Tecnología de la información,Servicios,72512000,Servicios de gestión de documentos
Tecnología de la información,Servicios,72513000,Servicios de ofimática
Tecnología de la información,Servicios,72514000,Servicios de gestión de instalaciones informáticas
Tecnología de la información,Servicios,72514100,Servicios de explotación de instalaciones que entrañan el manejo de ordenadores
Tecnología de la información,Servicios,72514200,Servicios de gestión de instalaciones para el desarrollo de sistemas informáticos
Tecnología de la información,Servicios,72514300,Servicios de gestión de instalaciones para el mantenimiento de sistemas informáticos
Tecnología de la información,Servicios,72540000,Servicios de actualización informática
Tecnología de la información,Servicios,72541000,Servicios de expansión informática
Tecnología de la información,Servicios,72541100,Servicios de expansión de memoria
Tecnología de la información,Servicios,72590000,Servicios profesionales relacionados con la informática
Tecnología de la información,Servicios,72591000,Elaboración de acuerdos de nivel de servicios
Tecnología de la información,Servicios,72600000,Servicios de apoyo informático y de consultoría
Tecnología de la información,Servicios,72610000,Servicios de apoyo informático
Tecnología de la información,Servicios,72611000,Servicios de apoyo informático técnico
Tecnología de la información,Servicios,72700000,Servicios de red informática
Tecnología de la información,Servicios,72710000,Servicios de red local
Tecnología de la información,Servicios,72720000,Servicios de red de amplia cobertura
Tecnología de la información,Servicios,72800000,Servicios de ensayo y auditoría informáticos
Tecnología de la información,Servicios,72810000,Servicios de auditoría informática
Tecnología de la información,Servicios,72820000,Servicios de ensayo informático
Tecnología de la información,Servicios,72900000,Servicios de copia de seguridad y de conversión informática de catálogos
Tecnología de la información,Servicios,72910000,Servicios de copia de seguridad
Tecnología de la información,Servicios,72920000,Servicios de conversión informática de catálogos
Jurídico/contabilidad/mercadotecnia,Servicios,73000000,Servicios de investigación y desarrollo y servicios de consultoría conexos
Jurídico/contabilidad/mercadotecnia,Servicios,73100000,Servicios de investigación y desarrollo experimental
Jurídico/contabilidad/mercadotecnia,Servicios,73110000,Servicios de investigación
Jurídico/contabilidad/mercadotecnia,Servicios,73111000,Servicios de laboratorio de investigación
Jurídico/contabilidad/mercadotecnia,Servicios,73112000,Servicios de investigación marina
Jurídico/contabilidad/mercadotecnia,Servicios,73120000,Servicios de desarrollo experimental
Jurídico/contabilidad/mercadotecnia,Servicios,73200000,Servicios de consultoría en investigación y desarrollo
Jurídico/contabilidad/mercadotecnia,Servicios,73210000,Servicios de consultoría en investigación
Jurídico/contabilidad/mercadotecnia,Servicios,73220000,Servicios de consultoría en desarrollo
Jurídico/contabilidad/mercadotecnia,Servicios,73300000,Diseño y ejecución en materia de investigación y desarrollo
Jurídico/contabilidad/mercadotecnia,Servicios,73400000,Servicios de investigación y desarrollo de materiales de seguridad y defensa
Jurídico/contabilidad/mercadotecnia,Servicios,73410000,Investigación y tecnología militares
Jurídico/contabilidad/mercadotecnia,Servicios,73420000,Estudio de previabilidad y demostración tecnológica
Jurídico/contabilidad/mercadotecnia,Servicios,73421000,Desarrollo de equipos de seguridad
Jurídico/contabilidad/mercadotecnia,Servicios,73422000,Desarrollo de armas de fuego y munición
Jurídico/contabilidad/mercadotecnia,Servicios,73423000,Desarrollo de vehículos militares
Jurídico/contabilidad/mercadotecnia,Servicios,73424000,Desarrollo de buques de guerra
Jurídico/contabilidad/mercadotecnia,Servicios,73425000,"Desarrollo de aeronaves militares, misiles y naves espaciales"
Jurídico/contabilidad/mercadotecnia,Servicios,73426000,Desarrollo de sistemas electrónicos militares
Jurídico/contabilidad/mercadotecnia,Servicios,73430000,Ensayo y evaluación
Jurídico/contabilidad/mercadotecnia,Servicios,73431000,Ensayo y evaluación de equipos de seguridad
Jurídico/contabilidad/mercadotecnia,Servicios,73432000,Ensayo y evaluación de armas de fuego y munición
Jurídico/contabilidad/mercadotecnia,Servicios,73433000,Ensayo y evaluación de vehículos militares
Jurídico/contabilidad/mercadotecnia,Servicios,73434000,Ensayo y evaluación de buques de guerra
Jurídico/contabilidad/mercadotecnia,Servicios,73435000,"Ensayo y evaluación de aeronaves militares, misiles y naves espaciales"
Jurídico/contabilidad/mercadotecnia,Servicios,73436000,Ensayo y evaluación de sistemas electrónicos militares
Seguridad,Servicios,75000000,"Servicios de administración pública, defensa y servicios de seguridad social"
Seguridad,Servicios,75100000,Servicios de administración pública
Seguridad,Servicios,75110000,Servicios públicos generales
Seguridad,Servicios,75111000,Servicios ejecutivos y legislativos
Seguridad,Servicios,75111100,Servicios ejecutivos
Seguridad,Servicios,75111200,Servicios legislativos
Seguridad,Servicios,75112000,Servicios administrativos para operaciones comerciales
Seguridad,Servicios,75112100,Servicios de administración de proyectos de desarrollo
Seguridad,Servicios,75120000,Servicios administrativos de agencias
Seguridad,Servicios,75121000,Servicios administrativos educativos
Seguridad,Servicios,75122000,Servicios administrativos relacionados con la asistencia sanitaria
Seguridad,Servicios,75123000,Servicios administrativos de alojamiento
Seguridad,Servicios,75124000,"Servicios administrativos en el ámbito del recreo, la cultura y la religión"
Seguridad,Servicios,75125000,Servicios administrativos relacionados con asuntos turísticos
Seguridad,Servicios,75130000,Servicios de apoyo a los poderes públicos
Seguridad,Servicios,75131000,Servicios gubernamentales
Seguridad,Servicios,75131100,Servicios generales de personal para el gobierno
Seguridad,Servicios,75200000,Prestación de servicios para la comunidad
Seguridad,Servicios,75210000,Servicios de asuntos exteriores y otros servicios
Seguridad,Servicios,75211000,Servicios de asuntos exteriores
Seguridad,Servicios,75211100,Servicios diplomáticos
Seguridad,Servicios,75211110,Servicios consulares
Seguridad,Servicios,75211200,Servicios relacionados con la ayuda económica exterior
Seguridad,Servicios,75211300,Servicios relacionados con la ayuda militar exterior
Seguridad,Servicios,75220000,Servicios de defensa
Seguridad,Servicios,75221000,Servicios de defensa militar
Seguridad,Servicios,75222000,Servicios de defensa civil
Seguridad,Servicios,75230000,Servicios de justicia
Seguridad,Servicios,75231000,Servicios judiciales
Seguridad,Servicios,75231100,Servicios administrativos relacionados con los tribunales de justicia
Seguridad,Servicios,75231200,Servicios relacionados con el encarcelamiento y la rehabilitación de delincuentes
Seguridad,Servicios,75231210,Servicios de encarcelamiento
Seguridad,Servicios,75231220,Servicios de escolta de prisioneros
Seguridad,Servicios,75231230,Servicios penitenciarios
Seguridad,Servicios,75231240,Servicios de reinserción
Seguridad,Servicios,75240000,Servicios de seguridad y orden públicos
Seguridad,Servicios,75241000,Servicios de seguridad pública
Seguridad,Servicios,75241100,Servicios de policía
Seguridad,Servicios,75242000,Servicios públicos de seguridad ciudadana
Seguridad,Servicios,75242100,Servicios de orden público
Seguridad,Servicios,75242110,Servicios de agentes judiciales
Seguridad,Servicios,75250000,Servicios de los cuerpos de bomberos y servicios de rescate
Seguridad,Servicios,75251000,Servicios de los cuerpos de bomberos
Seguridad,Servicios,75251100,Servicios de extinción de incendios
Seguridad,Servicios,75251110,Servicios de prevención de incendios
Seguridad,Servicios,75251120,Servicios de extinción de incendios forestales
Seguridad,Servicios,75252000,Servicios de rescate
Seguridad,Servicios,75300000,Servicios de seguridad social de afiliación obligatoria
Seguridad,Servicios,75310000,Servicios de prestaciones sociales
Seguridad,Servicios,75311000,Prestaciones de enfermedad
Seguridad,Servicios,75312000,Prestaciones de maternidad
Seguridad,Servicios,75313000,Prestaciones de invalidez
Seguridad,Servicios,75313100,Prestaciones de invalidez temporal
Seguridad,Servicios,75314000,Prestaciones de indemnización por desempleo
Seguridad,Servicios,75320000,Planes de pensiones de empleados públicos
Seguridad,Servicios,75330000,Prestaciones familiares
Seguridad,Servicios,75340000,Prestaciones por hijos a cargo
Industria y maquinaria,Servicios,76000000,Servicios relacionados con la industria del gas y del petróleo
Industria y maquinaria,Servicios,76100000,Servicios profesionales para la industria del gas
Industria y maquinaria,Servicios,76110000,Servicios relacionados con la extracción de gas
Industria y maquinaria,Servicios,76111000,Servicios de regasificación
Industria y maquinaria,Servicios,76120000,Servicios de buceo relacionados con la extracción de gas
Industria y maquinaria,Servicios,76121000,Servicios de buceo en pozos submarinos
Industria y maquinaria,Servicios,76200000,Servicios profesionales para la industria del petróleo
Industria y maquinaria,Servicios,76210000,Servicios relacionados con la extracción de petróleo
Industria y maquinaria,Servicios,76211000,Servicios de sujeción de tuberías colgantes
Industria y maquinaria,Servicios,76211100,Servicios de revestimiento
Industria y maquinaria,Servicios,76211110,Servicios de revestimiento de pozos de exploración
Industria y maquinaria,Servicios,76211120,Servicios de revestimiento de pozos en su emplazamiento
Industria y maquinaria,Servicios,76211200,Servicios de diagrafía de lodos de perforación
Industria y maquinaria,Servicios,76300000,Servicios de perforación
Industria y maquinaria,Servicios,76310000,Servicios de perforación relacionados con la extracción de gas
Industria y maquinaria,Servicios,76320000,Servicios de perforación en alta mar
Industria y maquinaria,Servicios,76330000,Servicios de turbosondeo
Industria y maquinaria,Servicios,76331000,Servicios de turbosondeo espiral
Industria y maquinaria,Servicios,76340000,Perforación con extracción de testigos
Industria y maquinaria,Servicios,76400000,Servicios de posicionamiento de plataformas de sondeo
Industria y maquinaria,Servicios,76410000,Servicios de revestimiento y entubado de pozos
Industria y maquinaria,Servicios,76411000,Servicios de revestimiento de pozos
Industria y maquinaria,Servicios,76411100,Servicios de suministro de personal de revestimiento de pozos
Industria y maquinaria,Servicios,76411200,Servicios de planificación de revestimiento de pozos
Industria y maquinaria,Servicios,76411300,Servicios de fresado de revestimiento de pozos
Industria y maquinaria,Servicios,76411400,Servicios de acabado de revestimiento de pozos
Industria y maquinaria,Servicios,76420000,Servicios de cementación de pozos
Industria y maquinaria,Servicios,76421000,Servicios de cementación de tuberías
Industria y maquinaria,Servicios,76422000,Servicios de cementación de obturadores
Industria y maquinaria,Servicios,76423000,Servicios de cementación con espuma
Industria y maquinaria,Servicios,76430000,Servicios de perforación y explotación de pozos
Industria y maquinaria,Servicios,76431000,Servicios de perforación de pozos
Industria y maquinaria,Servicios,76431100,Servicios de control de perforación de pozos
Industria y maquinaria,Servicios,76431200,Servicios de extracción de la herramienta de perforación de pozos
Industria y maquinaria,Servicios,76431300,Servicios de deposición de la herramienta de perforación de pozos
Industria y maquinaria,Servicios,76431400,Servicios de perforación de pozos de tamaño reducido
Industria y maquinaria,Servicios,76431500,Servicios de supervisión de perforación de pozos
Industria y maquinaria,Servicios,76431600,Servicios de control del equipo de perforación de pozos
Industria y maquinaria,Servicios,76440000,Servicios de diagrafía del sondeo
Industria y maquinaria,Servicios,76441000,Servicios de diagrafía de pozos entubados
Industria y maquinaria,Servicios,76442000,Servicios de diagrafía de pozos sin entubar
Industria y maquinaria,Servicios,76443000,Otros servicios de diagrafía
Industria y maquinaria,Servicios,76450000,Servicios de gestión de pozos
Industria y maquinaria,Servicios,76460000,Servicios de asistencia para pozos
Industria y maquinaria,Servicios,76470000,Servicios de pruebas en pozos
Industria y maquinaria,Servicios,76471000,Servicios de pruebas de fractura de pozos
Industria y maquinaria,Servicios,76472000,Servicios de inspección o pruebas de emplazamiento de pozos
Industria y maquinaria,Servicios,76473000,Servicios de pruebas de equipos de pozos
Industria y maquinaria,Servicios,76480000,Servicios de entubado
Industria y maquinaria,Servicios,76490000,Servicios de terminación de pozos
Industria y maquinaria,Servicios,76491000,Servicios de colmatado de pozos
Industria y maquinaria,Servicios,76492000,Servicios de posicionamiento de pozos
Industria y maquinaria,Servicios,76500000,Servicios prestados en tierra y en alta mar
Industria y maquinaria,Servicios,76510000,Servicios prestados en la costa
Industria y maquinaria,Servicios,76520000,Servicios prestados en alta mar
Industria y maquinaria,Servicios,76521000,Servicios de instalaciones en alta mar
Industria y maquinaria,Servicios,76522000,Servicios en alta mar de buques de apoyo logístico
Industria y maquinaria,Servicios,76530000,Servicios de fondo de pozo
Industria y maquinaria,Servicios,76531000,Servicios de diagrafía en fondo de pozo
Industria y maquinaria,Servicios,76532000,Servicios de bombeo de fondo de pozo
Industria y maquinaria,Servicios,76533000,Servicios de registro de fondo de pozo
Industria y maquinaria,Servicios,76534000,Servicios de ampliación de fondo de pozo
Industria y maquinaria,Servicios,76535000,Servicios de perforación de fondo de pozo
Industria y maquinaria,Servicios,76536000,Servicios de control de vibraciones de fondo de pozo
Industria y maquinaria,Servicios,76537000,Servicios de herramientas para fondo de pozo
Industria y maquinaria,Servicios,76537100,Servicios de herramientas de yacimiento petrolífero para fondo de pozo
Industria y maquinaria,Servicios,76600000,Servicios de inspección de tuberías
Servicios agrícolas y forestales,Servicios,77000000,"Servicios agrícolas, forestales, hortícolas, acuícolas y apícolas"
Servicios agrícolas y forestales,Servicios,77100000,Servicios agrícolas
Servicios agrícolas y forestales,Servicios,77110000,Servicios relacionados con la producción agrícola
Servicios agrícolas y forestales,Servicios,77111000,Alquiler de maquinaria agrícola con maquinista
Servicios agrícolas y forestales,Servicios,77112000,Alquiler de segadoras o equipo agrícola con maquinista
Servicios agrícolas y forestales,Servicios,77120000,Servicios de producción de compost
Servicios agrícolas y forestales,Servicios,77200000,Servicios forestales
Servicios agrícolas y forestales,Servicios,77210000,Servicios de explotación forestal
Servicios agrícolas y forestales,Servicios,77211000,Servicios relacionados con la explotación forestal
Servicios agrícolas y forestales,Servicios,77211100,Servicios de producción maderera
Servicios agrícolas y forestales,Servicios,77211200,Transporte de madera en el interior del bosque
Servicios agrícolas y forestales,Servicios,77211300,Servicios de deforestación
Servicios agrícolas y forestales,Servicios,77211400,Servicios de tala de árboles
Servicios agrícolas y forestales,Servicios,77211500,Servicios de mantenimiento de árboles
Servicios agrícolas y forestales,Servicios,77211600,Siembra de árboles
Servicios agrícolas y forestales,Servicios,77220000,Servicios de impregnación de madera
Servicios agrícolas y forestales,Servicios,77230000,Servicios relacionados con la silvicultura
Servicios agrícolas y forestales,Servicios,77231000,Servicios de gestión forestal
Servicios agrícolas y forestales,Servicios,77231100,Servicios de gestión de recursos forestales
Servicios agrícolas y forestales,Servicios,77231200,Servicios de control de plagas forestales
Servicios agrícolas y forestales,Servicios,77231300,Servicios de administración forestal
Servicios agrícolas y forestales,Servicios,77231400,Servicios de inventario forestal
Servicios agrícolas y forestales,Servicios,77231500,Servicios de seguimiento o evaluación forestal
Servicios agrícolas y forestales,Servicios,77231600,Servicios de repoblación forestal
Servicios agrícolas y forestales,Servicios,77231700,Servicios de extensión forestal
Servicios agrícolas y forestales,Servicios,77231800,Servicios de gestión de viveros forestales
Servicios agrícolas y forestales,Servicios,77231900,Servicios de planificación forestal sectorial
Servicios agrícolas y forestales,Servicios,77300000,Servicios hortícolas
Servicios agrícolas y forestales,Servicios,77310000,Servicios de plantación y mantenimiento de zonas verdes
Servicios agrícolas y forestales,Servicios,77311000,Servicios de mantenimiento de jardines y parques
Servicios agrícolas y forestales,Servicios,77312000,Servicios de desbrozo
Servicios agrícolas y forestales,Servicios,77312100,Servicios de eliminación de malezas
Servicios agrícolas y forestales,Servicios,77313000,Servicios de mantenimiento de parques
Servicios agrícolas y forestales,Servicios,77314000,Servicios de mantenimiento de terrenos
Servicios agrícolas y forestales,Servicios,77314100,Servicios de encespedado
Servicios agrícolas y forestales,Servicios,77315000,Trabajos de siembra
Servicios agrícolas y forestales,Servicios,77320000,Servicios de mantenimiento de campos deportivos
Servicios agrícolas y forestales,Servicios,77330000,Servicios de exposición floral
Servicios agrícolas y forestales,Servicios,77340000,Poda de árboles y setos
Servicios agrícolas y forestales,Servicios,77341000,Poda de árboles
Servicios agrícolas y forestales,Servicios,77342000,Poda de setos
Servicios agrícolas y forestales,Servicios,77400000,Servicios de parques zoológicos
Servicios agrícolas y forestales,Servicios,77500000,Servicios de cría de ganado
Servicios agrícolas y forestales,Servicios,77510000,Servicios de propagación de animales de caza
Servicios agrícolas y forestales,Servicios,77600000,Servicios relacionados con la caza
Servicios agrícolas y forestales,Servicios,77610000,Servicios de trampas
Servicios agrícolas y forestales,Servicios,77700000,Servicios relacionados con la pesca
Servicios agrícolas y forestales,Servicios,77800000,Servicios de acuicultura
Servicios agrícolas y forestales,Servicios,77810000,Servicios de maricultura
Servicios agrícolas y forestales,Servicios,77820000,Servicios de ostricultura
Servicios agrícolas y forestales,Servicios,77830000,Servicios de cultivo de mariscos
Servicios agrícolas y forestales,Servicios,77840000,Servicios de cría de camarones
Servicios agrícolas y forestales,Servicios,77850000,Servicios de piscicultura
Servicios agrícolas y forestales,Servicios,77900000,Servicios de apicultura
Jurídico/contabilidad/mercadotecnia,Servicios,79000000,"Servicios a empresas: legislación, mercadotecnia, asesoría, selección de personal, imprenta y seguridad"
Jurídico/contabilidad/mercadotecnia,Servicios,79100000,Servicios jurídicos
Jurídico/contabilidad/mercadotecnia,Servicios,79110000,Servicios de asesoría y representación jurídicas
Jurídico/contabilidad/mercadotecnia,Servicios,79111000,Servicios de asesoría jurídica
Jurídico/contabilidad/mercadotecnia,Servicios,79112000,Servicios de representación jurídica
Jurídico/contabilidad/mercadotecnia,Servicios,79112100,Servicios de representación de las partes interesadas
Jurídico/contabilidad/mercadotecnia,Servicios,79120000,Servicios de consultoría en patentes y derechos de autor
Jurídico/contabilidad/mercadotecnia,Servicios,79121000,Servicios de consultoría en derechos de autor
Jurídico/contabilidad/mercadotecnia,Servicios,79121100,Servicios de consultoría en materia de derechos de autor de software
Jurídico/contabilidad/mercadotecnia,Servicios,79130000,Servicios de documentación y certificación jurídicas
Jurídico/contabilidad/mercadotecnia,Servicios,79131000,Servicios de documentación
Jurídico/contabilidad/mercadotecnia,Servicios,79132000,Servicios de certificación
Jurídico/contabilidad/mercadotecnia,Servicios,79132100,Servicios de certificación relacionados con la firma electrónica
Jurídico/contabilidad/mercadotecnia,Servicios,79140000,Servicios de asesoría e información jurídica
Jurídico/contabilidad/mercadotecnia,Servicios,79200000,"Servicios de contabilidad, de auditoría y fiscales"
Jurídico/contabilidad/mercadotecnia,Servicios,79210000,Servicios de contabilidad y auditoría
Jurídico/contabilidad/mercadotecnia,Servicios,79211000,Servicios de contabilidad
Jurídico/contabilidad/mercadotecnia,Servicios,79211100,Servicios de contabilidad
Jurídico/contabilidad/mercadotecnia,Servicios,79211110,Servicios de gestión de nóminas
Jurídico/contabilidad/mercadotecnia,Servicios,79211120,Servicios de registro de compras y ventas
Jurídico/contabilidad/mercadotecnia,Servicios,79211200,Servicios de compilación de estados financieros
Jurídico/contabilidad/mercadotecnia,Servicios,79212000,Servicios de auditoría
Jurídico/contabilidad/mercadotecnia,Servicios,79212100,Servicios de auditoría financiera
Jurídico/contabilidad/mercadotecnia,Servicios,79212110,Servicios de calificación de gobernanza empresarial
Jurídico/contabilidad/mercadotecnia,Servicios,79212200,Servicios de auditoría interna
Jurídico/contabilidad/mercadotecnia,Servicios,79212300,Servicios de auditoría legal de cuentas
Jurídico/contabilidad/mercadotecnia,Servicios,79212400,Servicios de control de fraudes
Jurídico/contabilidad/mercadotecnia,Servicios,79212500,Servicios de verificación contable
Jurídico/contabilidad/mercadotecnia,Servicios,79220000,Servicios fiscales
Jurídico/contabilidad/mercadotecnia,Servicios,79221000,Servicios de asesoramiento tributario
Jurídico/contabilidad/mercadotecnia,Servicios,79222000,Servicios de preparación de declaraciones de impuestos
Jurídico/contabilidad/mercadotecnia,Servicios,79223000,Servicios de agente de aduanas
Jurídico/contabilidad/mercadotecnia,Servicios,79300000,Investigación mercadotécnica y económica; sondeos y estadísticas
Jurídico/contabilidad/mercadotecnia,Servicios,79310000,Servicios de estudios de mercado
Jurídico/contabilidad/mercadotecnia,Servicios,79311000,Servicios de estudios
Jurídico/contabilidad/mercadotecnia,Servicios,79311100,Servicios de concepción de estudios
Jurídico/contabilidad/mercadotecnia,Servicios,79311200,Servicios de dirección de estudios
Jurídico/contabilidad/mercadotecnia,Servicios,79311210,Servicios de encuesta telefónica
Jurídico/contabilidad/mercadotecnia,Servicios,79311300,Servicios de análisis de estudios
Jurídico/contabilidad/mercadotecnia,Servicios,79311400,Servicios de investigación económica
Jurídico/contabilidad/mercadotecnia,Servicios,79311410,Evaluación de repercusiones económicas
Jurídico/contabilidad/mercadotecnia,Servicios,79312000,Servicios de control de mercado
Jurídico/contabilidad/mercadotecnia,Servicios,79313000,Servicios de verificación de comportamiento
Jurídico/contabilidad/mercadotecnia,Servicios,79314000,Estudio de viabilidad
Jurídico/contabilidad/mercadotecnia,Servicios,79315000,Servicios de investigación social
Jurídico/contabilidad/mercadotecnia,Servicios,79320000,Servicios de encuestas de opinión pública
Jurídico/contabilidad/mercadotecnia,Servicios,79330000,Servicios estadísticos
Jurídico/contabilidad/mercadotecnia,Servicios,79340000,Servicios de publicidad y de marketing
Jurídico/contabilidad/mercadotecnia,Servicios,79341000,Servicios de publicidad
Jurídico/contabilidad/mercadotecnia,Servicios,79341100,Servicios de consultoría en publicidad
Jurídico/contabilidad/mercadotecnia,Servicios,79341200,Servicios de gestión publicitaria
Jurídico/contabilidad/mercadotecnia,Servicios,79341400,Servicios de campañas de publicidad
Jurídico/contabilidad/mercadotecnia,Servicios,79341500,Servicios de publicidad aérea
Jurídico/contabilidad/mercadotecnia,Servicios,79342000,Servicios de marketing
Jurídico/contabilidad/mercadotecnia,Servicios,79342100,Servicios de marketing directo
Jurídico/contabilidad/mercadotecnia,Servicios,79342200,Servicios de promoción
Jurídico/contabilidad/mercadotecnia,Servicios,79342300,Servicios al cliente
Jurídico/contabilidad/mercadotecnia,Servicios,79342310,Servicios de encuesta a clientes
Jurídico/contabilidad/mercadotecnia,Servicios,79342311,Servicios de evaluación de la satisfacción del cliente
Jurídico/contabilidad/mercadotecnia,Servicios,79342320,Servicios de atención al cliente
Jurídico/contabilidad/mercadotecnia,Servicios,79342321,Programa de fidelización del cliente
Jurídico/contabilidad/mercadotecnia,Servicios,79342400,Servicios de subasta
Jurídico/contabilidad/mercadotecnia,Servicios,79342410,Servicios de subasta electrónica
Jurídico/contabilidad/mercadotecnia,Servicios,79400000,Servicios de consultoría comercial y de gestión y servicios afines
Jurídico/contabilidad/mercadotecnia,Servicios,79410000,Servicios de consultoría comercial y en gestión
Jurídico/contabilidad/mercadotecnia,Servicios,79411000,Servicios generales de consultoría en gestión
Jurídico/contabilidad/mercadotecnia,Servicios,79411100,Servicios de consultoría en desarrollo comercial
Jurídico/contabilidad/mercadotecnia,Servicios,79412000,Servicios de consultoría en gestión financiera
Jurídico/contabilidad/mercadotecnia,Servicios,79413000,Servicios de consultoría en gestión de marketing
Jurídico/contabilidad/mercadotecnia,Servicios,79414000,Servicios de consultoría en gestión de recursos humanos
Jurídico/contabilidad/mercadotecnia,Servicios,79415000,Servicios de consultoría en gestión de la producción
Jurídico/contabilidad/mercadotecnia,Servicios,79415200,Servicios de consultoría en diseño
Jurídico/contabilidad/mercadotecnia,Servicios,79416000,Servicios de relaciones públicas
Jurídico/contabilidad/mercadotecnia,Servicios,79416100,Servicios de gestión en relaciones públicas
Jurídico/contabilidad/mercadotecnia,Servicios,79416200,Servicios de consultoría en relaciones públicas
Jurídico/contabilidad/mercadotecnia,Servicios,79417000,Servicios de consultoría en seguridad
Jurídico/contabilidad/mercadotecnia,Servicios,79418000,Servicios de consultoría en aprovisionamiento
Jurídico/contabilidad/mercadotecnia,Servicios,79419000,Servicios de consultoría en evaluación
Jurídico/contabilidad/mercadotecnia,Servicios,79420000,Servicios relacionados con la gestión
Jurídico/contabilidad/mercadotecnia,Servicios,79421000,Servicios de gestión de proyectos que no sean los de construcción
Jurídico/contabilidad/mercadotecnia,Servicios,79421100,Servicios de supervisión de proyectos que no sean los de construcción
Jurídico/contabilidad/mercadotecnia,Servicios,79421200,Servicios de concepción de proyectos que no sean los de construcción
Jurídico/contabilidad/mercadotecnia,Servicios,79422000,Servicios de arbitraje y conciliación
Jurídico/contabilidad/mercadotecnia,Servicios,79430000,Servicios de gestión de crisis
Jurídico/contabilidad/mercadotecnia,Servicios,79500000,Servicios de ayuda en las funciones de oficina
Jurídico/contabilidad/mercadotecnia,Servicios,79510000,Servicios de contestación de llamadas telefónicas
Jurídico/contabilidad/mercadotecnia,Servicios,79511000,Servicios de operador telefónico
Jurídico/contabilidad/mercadotecnia,Servicios,79512000,Centro de llamadas
Jurídico/contabilidad/mercadotecnia,Servicios,79520000,Servicios de reprografía
Jurídico/contabilidad/mercadotecnia,Servicios,79521000,Servicios de fotocopia
Jurídico/contabilidad/mercadotecnia,Servicios,79530000,Servicios de traducción
Jurídico/contabilidad/mercadotecnia,Servicios,79540000,Servicios de interpretación
Jurídico/contabilidad/mercadotecnia,Servicios,79550000,"Servicios de mecanografía, tratamiento de textos y autoedición"
Jurídico/contabilidad/mercadotecnia,Servicios,79551000,Servicios de mecanografía
Jurídico/contabilidad/mercadotecnia,Servicios,79552000,Servicios de tratamiento de textos
Jurídico/contabilidad/mercadotecnia,Servicios,79553000,Servicios de autoedición
Jurídico/contabilidad/mercadotecnia,Servicios,79560000,Servicios de archivo
Jurídico/contabilidad/mercadotecnia,Servicios,79570000,Servicios de recopilación de listas de direcciones y servicios de envío por correo
Jurídico/contabilidad/mercadotecnia,Servicios,79571000,Servicios de envío por correo
Jurídico/contabilidad/mercadotecnia,Servicios,79600000,Servicios de contratación
Jurídico/contabilidad/mercadotecnia,Servicios,79610000,Servicios de colocación de personal
Jurídico/contabilidad/mercadotecnia,Servicios,79611000,Servicios de búsqueda de trabajo
Jurídico/contabilidad/mercadotecnia,Servicios,79612000,Servicios de colocación de personal de apoyo para oficinas
Jurídico/contabilidad/mercadotecnia,Servicios,79613000,Servicios de reubicación de empleados
Jurídico/contabilidad/mercadotecnia,Servicios,79620000,"Servicios de suministro de personal, incluido personal temporal"
Jurídico/contabilidad/mercadotecnia,Servicios,79621000,Servicios de suministro de personal para oficinas
Jurídico/contabilidad/mercadotecnia,Servicios,79622000,Servicios de suministro de personal doméstico
Jurídico/contabilidad/mercadotecnia,Servicios,79623000,Servicios de suministro de personal para el comercio o la industria
Jurídico/contabilidad/mercadotecnia,Servicios,79624000,Servicios de suministro de personal de enfermería
Jurídico/contabilidad/mercadotecnia,Servicios,79625000,Servicios de suministro de personal médico
Jurídico/contabilidad/mercadotecnia,Servicios,79630000,"Servicios de personal, excepto servicios de colocación y suministro de personal"
Jurídico/contabilidad/mercadotecnia,Servicios,79631000,Servicios de personal y de nóminas
Jurídico/contabilidad/mercadotecnia,Servicios,79632000,Servicios de formación de personal
Jurídico/contabilidad/mercadotecnia,Servicios,79633000,Servicios de desarrollo del personal
Jurídico/contabilidad/mercadotecnia,Servicios,79634000,Servicios de orientación profesional
Jurídico/contabilidad/mercadotecnia,Servicios,79635000,Servicios de centros de evaluación para selección de personal
Jurídico/contabilidad/mercadotecnia,Servicios,79700000,Servicios de investigación y seguridad
Jurídico/contabilidad/mercadotecnia,Servicios,79710000,Servicios de seguridad
Jurídico/contabilidad/mercadotecnia,Servicios,79711000,Servicios de vigilancia de sistemas de alarma
Jurídico/contabilidad/mercadotecnia,Servicios,79713000,Servicios de guardias de seguridad
Jurídico/contabilidad/mercadotecnia,Servicios,79714000,Servicios de vigilancia
Jurídico/contabilidad/mercadotecnia,Servicios,79714100,Servicios relacionados con el sistema de localización
Jurídico/contabilidad/mercadotecnia,Servicios,79714110,Servicios de búsqueda de prófugos
Jurídico/contabilidad/mercadotecnia,Servicios,79715000,Servicios de patrullas
Jurídico/contabilidad/mercadotecnia,Servicios,79716000,Servicios de expedición de distintivos de identificación
Jurídico/contabilidad/mercadotecnia,Servicios,79720000,Servicios de investigación (criminológica)
Jurídico/contabilidad/mercadotecnia,Servicios,79721000,Servicios de agencia de detectives
Jurídico/contabilidad/mercadotecnia,Servicios,79722000,Servicios de grafología
Jurídico/contabilidad/mercadotecnia,Servicios,79723000,Servicios de análisis de residuos
Jurídico/contabilidad/mercadotecnia,Servicios,79800000,Servicios de impresión y servicios conexos
Jurídico/contabilidad/mercadotecnia,Servicios,79810000,Servicios de impresión
Jurídico/contabilidad/mercadotecnia,Servicios,79811000,Servicios de impresión digital
Jurídico/contabilidad/mercadotecnia,Servicios,79812000,Servicios de impresión de billetes de banco
Jurídico/contabilidad/mercadotecnia,Servicios,79820000,Servicios relacionados con la impresión
Jurídico/contabilidad/mercadotecnia,Servicios,79821000,Servicios de acabado de impresiones
Jurídico/contabilidad/mercadotecnia,Servicios,79821100,Servicios de lectura de pruebas
Jurídico/contabilidad/mercadotecnia,Servicios,79822000,Servicios de composición
Jurídico/contabilidad/mercadotecnia,Servicios,79822100,Servicios de estereotipia
Jurídico/contabilidad/mercadotecnia,Servicios,79822200,Servicios de fotograbado
Jurídico/contabilidad/mercadotecnia,Servicios,79822300,Servicios de tipografía
Jurídico/contabilidad/mercadotecnia,Servicios,79822400,Servicios de litografía
Jurídico/contabilidad/mercadotecnia,Servicios,79822500,Servicios de diseño gráfico
Jurídico/contabilidad/mercadotecnia,Servicios,79823000,Servicios de impresión y entrega
Jurídico/contabilidad/mercadotecnia,Servicios,79824000,Servicios de impresión y distribución
Jurídico/contabilidad/mercadotecnia,Servicios,79900000,Servicios comerciales diversos y otros servicios conexos
Jurídico/contabilidad/mercadotecnia,Servicios,79910000,Servicios de grupos holding
Jurídico/contabilidad/mercadotecnia,Servicios,79920000,Servicios de empaquetado y servicios conexos
Jurídico/contabilidad/mercadotecnia,Servicios,79921000,Servicios de empaquetado
Jurídico/contabilidad/mercadotecnia,Servicios,79930000,Servicios especializados de diseño
Jurídico/contabilidad/mercadotecnia,Servicios,79931000,Servicios de decoración de interiores
Jurídico/contabilidad/mercadotecnia,Servicios,79932000,Servicios de diseño de interiores
Jurídico/contabilidad/mercadotecnia,Servicios,79933000,Servicios de apoyo al diseño
Jurídico/contabilidad/mercadotecnia,Servicios,79934000,Servicios de diseño de mobiliario
Jurídico/contabilidad/mercadotecnia,Servicios,79940000,Servicios de agencias de recaudación de fondos
Jurídico/contabilidad/mercadotecnia,Servicios,79941000,Servicios de peajes
Jurídico/contabilidad/mercadotecnia,Servicios,79950000,"Servicios de organización de exposiciones, ferias y congresos"
Jurídico/contabilidad/mercadotecnia,Servicios,79951000,Servicio de organización de seminarios
Jurídico/contabilidad/mercadotecnia,Servicios,79952000,Servicios de eventos
Jurídico/contabilidad/mercadotecnia,Servicios,79952100,Servicios de organización de eventos culturales
Jurídico/contabilidad/mercadotecnia,Servicios,79953000,Servicios de organización de festivales
Jurídico/contabilidad/mercadotecnia,Servicios,79954000,Servicios de organización de fiestas
Jurídico/contabilidad/mercadotecnia,Servicios,79955000,Servicios de organización de desfiles de modas
Jurídico/contabilidad/mercadotecnia,Servicios,79956000,Servicios de organización de ferias y exposiciones
Jurídico/contabilidad/mercadotecnia,Servicios,79957000,Servicios de organización de subastas
Jurídico/contabilidad/mercadotecnia,Servicios,79960000,Servicios de fotografía y servicios auxiliares
Jurídico/contabilidad/mercadotecnia,Servicios,79961000,Servicios de fotografía
Jurídico/contabilidad/mercadotecnia,Servicios,79961100,Servicios de fotografía publicitaria
Jurídico/contabilidad/mercadotecnia,Servicios,79961200,Servicios de fotografía aérea
Jurídico/contabilidad/mercadotecnia,Servicios,79961300,Servicios especializados de fotografía
Jurídico/contabilidad/mercadotecnia,Servicios,79961310,Servicios de fotografía de fondo de pozo
Jurídico/contabilidad/mercadotecnia,Servicios,79961320,Servicios de fotografía submarina
Jurídico/contabilidad/mercadotecnia,Servicios,79961330,Servicios de microfilmación
Jurídico/contabilidad/mercadotecnia,Servicios,79961340,Servicios de fotografía por rayos X
Jurídico/contabilidad/mercadotecnia,Servicios,79961350,Servicios de fotografía de estudio
Jurídico/contabilidad/mercadotecnia,Servicios,79962000,Servicios de revelado fotográfico
Jurídico/contabilidad/mercadotecnia,Servicios,79963000,"Servicios de restauración, copia y retocado de fotografías"
Jurídico/contabilidad/mercadotecnia,Servicios,79970000,Servicios de edición
Jurídico/contabilidad/mercadotecnia,Servicios,79971000,Servicios de encuadernación y acabado de libros
Jurídico/contabilidad/mercadotecnia,Servicios,79971100,Servicios de acabado de libros
Jurídico/contabilidad/mercadotecnia,Servicios,79971200,Servicios de encuadernación de libros
Jurídico/contabilidad/mercadotecnia,Servicios,79972000,Servicios de edición de diccionarios lingÃ¼ísticos
Jurídico/contabilidad/mercadotecnia,Servicios,79972100,Servicios de edición de diccionarios de lenguas regionales
Jurídico/contabilidad/mercadotecnia,Servicios,79980000,Servicios de suscripción
Jurídico/contabilidad/mercadotecnia,Servicios,79990000,Servicios comerciales diversos
Jurídico/contabilidad/mercadotecnia,Servicios,79991000,Servicios de control de existencias
Jurídico/contabilidad/mercadotecnia,Servicios,79992000,Servicios de recepción
Jurídico/contabilidad/mercadotecnia,Servicios,79993000,Servicios de gestión de edificios e instalaciones
Jurídico/contabilidad/mercadotecnia,Servicios,79993100,Servicios de gestión de instalaciones
Jurídico/contabilidad/mercadotecnia,Servicios,79994000,Servicios de administración de contratos
Jurídico/contabilidad/mercadotecnia,Servicios,79995000,Servicios de gestión de bibliotecas
Jurídico/contabilidad/mercadotecnia,Servicios,79995100,Servicios de archivado
Jurídico/contabilidad/mercadotecnia,Servicios,79995200,Servicios de catalogación
Jurídico/contabilidad/mercadotecnia,Servicios,79996000,Servicios de organización de empresas
Jurídico/contabilidad/mercadotecnia,Servicios,79996100,Gestión de registros
Jurídico/contabilidad/mercadotecnia,Servicios,79997000,Servicios de viajes de negocios
Jurídico/contabilidad/mercadotecnia,Servicios,79998000,Servicios de autocar
Jurídico/contabilidad/mercadotecnia,Servicios,79999000,Servicios de escaneado y facturación
Jurídico/contabilidad/mercadotecnia,Servicios,79999100,Servicios de escaneado
Jurídico/contabilidad/mercadotecnia,Servicios,79999200,Servicios de facturación
Enseñanza y formación,Servicios,80000000,Servicios de enseñanza y formación
Enseñanza y formación,Servicios,80100000,Servicios de enseñanza primaria
Enseñanza y formación,Servicios,80110000,Servicios de enseñanza preescolar
Enseñanza y formación,Servicios,80200000,Servicios de enseñanza secundaria
Enseñanza y formación,Servicios,80210000,Servicios de enseñanza secundaria técnica y profesional
Enseñanza y formación,Servicios,80211000,Servicios de enseñanza secundaria técnica
Enseñanza y formación,Servicios,80212000,Servicios de enseñanza secundaria profesional
Enseñanza y formación,Servicios,80300000,Servicios de enseñanza superior
Enseñanza y formación,Servicios,80310000,Servicios de enseñanza para la juventud
Enseñanza y formación,Servicios,80320000,Servicios de enseñanza médica
Enseñanza y formación,Servicios,80330000,Servicios de enseñanza en temas de seguridad
Enseñanza y formación,Servicios,80340000,Servicios de educación especial
Enseñanza y formación,Servicios,80400000,Servicios de enseñanza para adultos y otros servicios de enseñanza
Enseñanza y formación,Servicios,80410000,Servicios escolares diversos
Enseñanza y formación,Servicios,80411000,Servicios de autoescuela
Enseñanza y formación,Servicios,80411100,Servicios para examen de conducir
Enseñanza y formación,Servicios,80411200,Clases de conducir
Enseñanza y formación,Servicios,80412000,Servicios de escuela de aviación
Enseñanza y formación,Servicios,80413000,Servicios de escuela de vela
Enseñanza y formación,Servicios,80414000,Servicios de escuela de buceo
Enseñanza y formación,Servicios,80415000,Servicios de entrenamiento de esquí
Enseñanza y formación,Servicios,80420000,Servicios de aprendizaje electrónico
Enseñanza y formación,Servicios,80430000,Servicios de enseñanza universitaria para adultos
Enseñanza y formación,Servicios,80490000,Explotación de un centro educacional
Enseñanza y formación,Servicios,80500000,Servicios de formación
Enseñanza y formación,Servicios,80510000,Servicios de formación especializada
Enseñanza y formación,Servicios,80511000,Servicios de formación del personal
Enseñanza y formación,Servicios,80512000,Servicios de adiestramiento de perros
Enseñanza y formación,Servicios,80513000,Servicios de escuelas de hípica
Enseñanza y formación,Servicios,80520000,Instalaciones para la formación
Enseñanza y formación,Servicios,80521000,Servicios de programación de la formación
Enseñanza y formación,Servicios,80522000,Seminarios de formación
Enseñanza y formación,Servicios,80530000,Servicios de formación profesional
Enseñanza y formación,Servicios,80531000,Servicios de formación industrial y técnica
Enseñanza y formación,Servicios,80531100,Servicios de formación industrial
Enseñanza y formación,Servicios,80531200,Servicios de formación técnica
Enseñanza y formación,Servicios,80532000,Servicios de formación en materia de gestión
Enseñanza y formación,Servicios,80533000,Servicios de familiarización y formación para el usuario de ordenadores
Enseñanza y formación,Servicios,80533100,Servicios de formación informática
Enseñanza y formación,Servicios,80533200,Cursos de informática
Enseñanza y formación,Servicios,80540000,Servicios de formación en materia ambiental
Enseñanza y formación,Servicios,80550000,Servicios de formación en materia de seguridad
Enseñanza y formación,Servicios,80560000,Servicios de formación en materia de salud y primeros auxilios
Enseñanza y formación,Servicios,80561000,Servicios de formación en materia de salud
Enseñanza y formación,Servicios,80562000,Servicios de formación en materia de primeros auxilios
Enseñanza y formación,Servicios,80570000,Servicios de formación para el perfeccionamiento personal
Enseñanza y formación,Servicios,80580000,Provisión de cursos de idiomas
Enseñanza y formación,Servicios,80590000,Servicios de tutoría
Enseñanza y formación,Servicios,80600000,Servicios de formación en materia de equipos de defensa y seguridad
Enseñanza y formación,Servicios,80610000,Formación y simulación en materia de equipos de seguridad
Enseñanza y formación,Servicios,80620000,Formación y simulación en materia de armas de fuego y munición
Enseñanza y formación,Servicios,80630000,Formación y simulación en materia de vehículos militares
Enseñanza y formación,Servicios,80640000,Formación y simulación en materia de buques de guerra
Enseñanza y formación,Servicios,80650000,"Formación y simulación en materia de aeronaves, misiles y naves espaciales"
Enseñanza y formación,Servicios,80660000,Formación y simulación en materia de sistemas electrónicos militares
Salud y servicios sociales,Servicios,85000000,Servicios de salud y asistencia social
Salud y servicios sociales,Servicios,85100000,Servicios de salud
Salud y servicios sociales,Servicios,85110000,Servicios hospitalarios y servicios conexos
Salud y servicios sociales,Servicios,85111000,Servicios hospitalarios
Salud y servicios sociales,Servicios,85111100,Servicios hospitalarios de cirugía
Salud y servicios sociales,Servicios,85111200,Servicios hospitalarios de medicina
Salud y servicios sociales,Servicios,85111300,Servicios hospitalarios de ginecología
Salud y servicios sociales,Servicios,85111310,Servicios de fertilización in vitro
Salud y servicios sociales,Servicios,85111320,Servicios hospitalarios de obstetricia
Salud y servicios sociales,Servicios,85111400,Servicios hospitalarios de rehabilitación
Salud y servicios sociales,Servicios,85111500,Servicios hospitalarios de psiquiatría
Salud y servicios sociales,Servicios,85111600,Servicios ortóticos
Salud y servicios sociales,Servicios,85111700,Servicios de oxigenoterapia
Salud y servicios sociales,Servicios,85111800,Servicios de patología
Salud y servicios sociales,Servicios,85111810,Servicios de análisis de sangre
Salud y servicios sociales,Servicios,85111820,Servicios de análisis bacteriológicos
Salud y servicios sociales,Servicios,85111900,Servicios de diálisis en el hospital
Salud y servicios sociales,Servicios,85112000,Servicios de asistencia hospitalaria
Salud y servicios sociales,Servicios,85112100,Servicios relacionados con ropa de cama para hospitales
Salud y servicios sociales,Servicios,85112200,Servicios de ambulatorio
Salud y servicios sociales,Servicios,85120000,Servicios de ejercicio de la medicina y servicios conexos
Salud y servicios sociales,Servicios,85121000,Servicios de ejercicio de la medicina
Salud y servicios sociales,Servicios,85121100,Servicios de médicos de medicina general
Salud y servicios sociales,Servicios,85121200,Servicios de médicos especialistas
Salud y servicios sociales,Servicios,85121210,Servicios ginecológicos u obstétricos
Salud y servicios sociales,Servicios,85121220,Servicios nefrológicos o neurológicos
Salud y servicios sociales,Servicios,85121230,Servicios cardiológicos o de neumología
Salud y servicios sociales,Servicios,85121231,Servicios cardiológicos
Salud y servicios sociales,Servicios,85121232,Servicios de neumología
Salud y servicios sociales,Servicios,85121240,Servicios de otorrinolaringología o audiología
Salud y servicios sociales,Servicios,85121250,Servicios gastroenterológicos y geriátricos
Salud y servicios sociales,Servicios,85121251,Servicios gastroenterológicos
Salud y servicios sociales,Servicios,85121252,Servicios geriátricos
Salud y servicios sociales,Servicios,85121270,Servicios psiquiátricos o psicológicos
Salud y servicios sociales,Servicios,85121271,Servicios a domicilio para personas con trastornos psicológicos
Salud y servicios sociales,Servicios,85121280,"Servicios oftalmológicos, dermatológicos u ortopédicos"
Salud y servicios sociales,Servicios,85121281,Servicios oftalmológicos
Salud y servicios sociales,Servicios,85121282,Servicios dermatológicos
Salud y servicios sociales,Servicios,85121283,Servicios ortopédicos
Salud y servicios sociales,Servicios,85121290,Servicios pediátricos o urológicos
Salud y servicios sociales,Servicios,85121291,Servicios pediátricos
Salud y servicios sociales,Servicios,85121292,Servicios urológicos
Salud y servicios sociales,Servicios,85121300,Servicios de cirujanos especialistas
Salud y servicios sociales,Servicios,85130000,Servicios de odontología y servicios conexos
Salud y servicios sociales,Servicios,85131000,Servicios de odontología
Salud y servicios sociales,Servicios,85131100,Servicios de ortodoncia
Salud y servicios sociales,Servicios,85131110,Servicios quirúrgicos de ortodoncia
Salud y servicios sociales,Servicios,85140000,Servicios varios de salud
Salud y servicios sociales,Servicios,85141000,Servicios prestados por personal médico
Salud y servicios sociales,Servicios,85141100,Servicios prestados por comadronas
Salud y servicios sociales,Servicios,85141200,Servicios prestados por enfermeros
Salud y servicios sociales,Servicios,85141210,Servicios de tratamiento médico a domicilio
Salud y servicios sociales,Servicios,85141211,Servicios de tratamiento médico de diálisis a domicilio
Salud y servicios sociales,Servicios,85141220,Servicios de asesoramiento prestados por personal de enfermería
Salud y servicios sociales,Servicios,85142000,Servicios paramédicos
Salud y servicios sociales,Servicios,85142100,Servicios fisioterapéuticos
Salud y servicios sociales,Servicios,85142200,Servicios homeopáticos
Salud y servicios sociales,Servicios,85142300,Servicios de higiene
Salud y servicios sociales,Servicios,85142400,Entrega a domicilio de productos para incontinentes
Salud y servicios sociales,Servicios,85143000,Servicios de ambulancia
Salud y servicios sociales,Servicios,85144000,Servicios de instituciones residenciales de salud
Salud y servicios sociales,Servicios,85144100,Servicios de cuidados de enfermería de residencias
Salud y servicios sociales,Servicios,85145000,Servicios prestados por laboratorios médicos
Salud y servicios sociales,Servicios,85146000,Servicios prestados por bancos de sangre
Salud y servicios sociales,Servicios,85146100,Servicios prestados por bancos de esperma
Salud y servicios sociales,Servicios,85146200,Servicios prestados por bancos de órganos para transplante
Salud y servicios sociales,Servicios,85147000,Servicios de sanidad de las empresas
Salud y servicios sociales,Servicios,85148000,Servicios de análisis médicos
Salud y servicios sociales,Servicios,85149000,Servicios farmacéuticos
Salud y servicios sociales,Servicios,85150000,Servicios de imaginería
Salud y servicios sociales,Servicios,85160000,Servicios ópticos
Salud y servicios sociales,Servicios,85170000,Servicios de acupuntura y quiropráctica
Salud y servicios sociales,Servicios,85171000,Servicios de acupuntura
Salud y servicios sociales,Servicios,85172000,Servicios de quiropráctica
Salud y servicios sociales,Servicios,85200000,Servicios de veterinaria
Salud y servicios sociales,Servicios,85210000,Guarderías para animales de compañía
Salud y servicios sociales,Servicios,85300000,Servicios de asistencia social y servicios conexos
Salud y servicios sociales,Servicios,85310000,Servicios de asistencia social
Salud y servicios sociales,Servicios,85311000,Servicios de asistencia social con alojamiento
Salud y servicios sociales,Servicios,85311100,Servicios de bienestar social proporcionados a ancianos
Salud y servicios sociales,Servicios,85311200,Servicios de bienestar social proporcionados a minusválidos
Salud y servicios sociales,Servicios,85311300,Servicios de bienestar social proporcionados a niños y jóvenes
Salud y servicios sociales,Servicios,85312000,Servicios de asistencia social sin alojamiento
Salud y servicios sociales,Servicios,85312100,Servicios de centros de día
Salud y servicios sociales,Servicios,85312110,Servicios de cuidado diurno para niños
Salud y servicios sociales,Servicios,85312120,Servicios de cuidado diurno para niños y jóvenes discapacitados
Salud y servicios sociales,Servicios,85312200,Reparto a domicilio de alimentos
Salud y servicios sociales,Servicios,85312300,Servicios de orientación y asesoramiento
Salud y servicios sociales,Servicios,85312310,Servicios de orientación
Salud y servicios sociales,Servicios,85312320,Servicios de asesoramiento
Salud y servicios sociales,Servicios,85312330,Servicios de planificación familiar
Salud y servicios sociales,Servicios,85312400,Servicios de bienestar social no prestados por instituciones residenciales
Salud y servicios sociales,Servicios,85312500,Servicios de rehabilitación
Salud y servicios sociales,Servicios,85312510,Servicios de rehabilitación profesional
Salud y servicios sociales,Servicios,85320000,Servicios sociales
Salud y servicios sociales,Servicios,85321000,Servicios sociales administrativos
Salud y servicios sociales,Servicios,85322000,Programa de acción municipal
Salud y servicios sociales,Servicios,85323000,Servicio municipal de salud
Medio ambiente,Servicios,90000000,"Servicios de alcantarillado, basura, limpieza y medio ambiente"
Medio ambiente,Servicios,90400000,Servicios de alcantarillado
Medio ambiente,Servicios,90410000,Servicios de retirada de aguas residuales
Medio ambiente,Servicios,90420000,Servicios de tratamiento de aguas residuales
Medio ambiente,Servicios,90430000,Servicios de utilización de aguas residuales
Medio ambiente,Servicios,90440000,Servicios de tratamiento de pozos negros
Medio ambiente,Servicios,90450000,Servicios de tratamiento de fosas sépticas
Medio ambiente,Servicios,90460000,Servicios de vaciado de pozos negros y fosas sépticas
Medio ambiente,Servicios,90470000,Servicios de limpieza de alcantarillas
Medio ambiente,Servicios,90480000,Servicios de gestión de alcantarillados
Medio ambiente,Servicios,90481000,Explotación de una planta de tratamiento de aguas residuales
Medio ambiente,Servicios,90490000,Servicios de inspección de alcantarillas y de asesoramiento en materia de aguas residuales
Medio ambiente,Servicios,90491000,Servicios de inspección de alcantarillas
Medio ambiente,Servicios,90492000,Servicios de consultoría en tratamiento de aguas residuales
Medio ambiente,Servicios,90500000,Servicios relacionados con desperdicios y residuos
Medio ambiente,Servicios,90510000,Eliminación y tratamiento de desperdicios
Medio ambiente,Servicios,90511000,Servicios de recogida de desperdicios
Medio ambiente,Servicios,90511100,Servicios de recogida de desperdicios sólidos urbanos
Medio ambiente,Servicios,90511200,Servicios de recogida de desperdicios domésticos
Medio ambiente,Servicios,90511300,Servicios de recogida de basuras
Medio ambiente,Servicios,90511400,Servicios de recogida de papel
Medio ambiente,Servicios,90512000,Servicios de transporte de desperdicios
Medio ambiente,Servicios,90513000,Servicios de tratamiento y eliminación de desperdicios y residuos no peligrosos
Medio ambiente,Servicios,90513100,Servicios de eliminación de desperdicios domésticos
Medio ambiente,Servicios,90513200,Servicios de eliminación de desperdicios sólidos urbanos
Medio ambiente,Servicios,90513300,Servicios de incineración de desperdicios
Medio ambiente,Servicios,90513400,Servicios de evacuación de cenizas
Medio ambiente,Servicios,90513500,Tratamiento y eliminación de líquidos residuales
Medio ambiente,Servicios,90513600,Servicios de retirada de lodos
Medio ambiente,Servicios,90513700,Servicios de transporte de lodos
Medio ambiente,Servicios,90513800,Servicios de tratamiento de lodos
Medio ambiente,Servicios,90513900,Servicios de eliminación de lodos
Medio ambiente,Servicios,90514000,Servicios de reciclado de desperdicios
Medio ambiente,Servicios,90520000,"Servicios de residuos radiactivos, tóxicos, médicos y peligrosos"
Medio ambiente,Servicios,90521000,Servicios de tratamiento de desechos radiactivos
Medio ambiente,Servicios,90521100,Recogida de desechos radiactivos
Medio ambiente,Servicios,90521200,Servicios de almacenamiento de desechos radiactivos
Medio ambiente,Servicios,90521300,Eliminación de desechos radiactivos
Medio ambiente,Servicios,90521400,Transporte de desechos radiactivos
Medio ambiente,Servicios,90521410,Transporte de desechos nucleares de baja actividad
Medio ambiente,Servicios,90521420,Transporte de desechos nucleares de actividad media
Medio ambiente,Servicios,90521500,Embalaje de desechos radiactivos
Medio ambiente,Servicios,90521510,Embalaje de desechos nucleares de baja actividad
Medio ambiente,Servicios,90521520,Embalaje de desechos nucleares de actividad media
Medio ambiente,Servicios,90522000,Servicios relacionados con los terrenos contaminados
Medio ambiente,Servicios,90522100,Retirada de terrenos contaminados
Medio ambiente,Servicios,90522200,Eliminación de terrenos contaminados
Medio ambiente,Servicios,90522300,Servicios de tratamiento de terrenos contaminados
Medio ambiente,Servicios,90522400,Limpieza y tratamiento de terrenos
Medio ambiente,Servicios,90523000,"Servicios de eliminación de desechos tóxicos, excepto desechos radiactivos y terrenos contaminados"
Medio ambiente,Servicios,90523100,Servicios de neutralización de armas y municiones
Medio ambiente,Servicios,90523200,Servicios de destrucción o desarme de bombas sin explosionar
Medio ambiente,Servicios,90523300,Servicios de retirada de minas
Medio ambiente,Servicios,90524000,Servicios relacionados con los desechos médicos
Medio ambiente,Servicios,90524100,Servicios de recogida de desechos clínicos
Medio ambiente,Servicios,90524200,Servicios de eliminación de desechos clínicos
Medio ambiente,Servicios,90524300,Servicios de evacuación de desechos biológicos
Medio ambiente,Servicios,90524400,"Recogida, transporte y eliminación de desechos hospitalarios"
Medio ambiente,Servicios,90530000,Explotación de una instalación de vertido de desechos
Medio ambiente,Servicios,90531000,Servicios de gestión de vertederos públicos
Medio ambiente,Servicios,90532000,Servicios de gestión de escoriales
Medio ambiente,Servicios,90533000,Servicios de gestión de vertederos
Medio ambiente,Servicios,90600000,Servicios de saneamiento y limpieza en áreas urbanas o rurales y relacionados con ellos
Medio ambiente,Servicios,90610000,Servicios de limpieza y barrido de calles
Medio ambiente,Servicios,90611000,Servicios de limpieza de calles
Medio ambiente,Servicios,90612000,Servicios de barrido de calles
Medio ambiente,Servicios,90620000,Servicios de limpieza y eliminación de nieve
Medio ambiente,Servicios,90630000,Servicios de limpieza y eliminación de hielo
Medio ambiente,Servicios,90640000,Servicios de limpieza y vaciado de sumideros
Medio ambiente,Servicios,90641000,Servicios de limpieza de sumideros
Medio ambiente,Servicios,90642000,Servicios de vaciado de sumideros
Medio ambiente,Servicios,90650000,Servicios de retirada de amianto
Medio ambiente,Servicios,90660000,Servicios de eliminación del plomo
Medio ambiente,Servicios,90670000,Servicios de desinfección y exterminio en áreas urbanas o rurales
Medio ambiente,Servicios,90680000,Servicios de limpieza de playas
Medio ambiente,Servicios,90690000,Servicios de limpieza de pintadas
Medio ambiente,Servicios,90700000,Servicios medioambientales
Medio ambiente,Servicios,90710000,Gestión medioambiental
Medio ambiente,Servicios,90711000,Evaluación del impacto medioambiental que no sea para la construcción
Medio ambiente,Servicios,90711100,Evaluación de riesgos o peligros que no sea para la construcción
Medio ambiente,Servicios,90711200,Criterios medioambientales que no sean para la construcción
Medio ambiente,Servicios,90711300,Análisis de indicadores medioambientales que no sean para la construcción
Medio ambiente,Servicios,90711400,Servicios de evaluación del impacto medioambiental (EIA) que no sean para la construcción
Medio ambiente,Servicios,90711500,Seguimiento medioambiental que no sea para la construcción
Medio ambiente,Servicios,90712000,Planificación medioambiental
Medio ambiente,Servicios,90712100,Planificación del desarrollo medioambiental urbano
Medio ambiente,Servicios,90712200,Planificación de la estrategia de conservación forestal
Medio ambiente,Servicios,90712300,Planificación de la estrategia de conservación marítima
Medio ambiente,Servicios,90712400,Servicios de planificación de la estrategia de gestión o conservación de recursos naturales
Medio ambiente,Servicios,90712500,Creación o planificación de instituciones medioambientales
Medio ambiente,Servicios,90713000,Servicios de asesoramiento sobre asuntos ambientales
Medio ambiente,Servicios,90713100,Servicios de asesoramiento sobre suministro de agua y sobre aguas residuales que no sean para la construcción
Medio ambiente,Servicios,90714000,Auditoría medioambiental
Medio ambiente,Servicios,90714100,Sistemas de información medioambiental
Medio ambiente,Servicios,90714200,Servicios de auditoría medioambiental de empresas
Medio ambiente,Servicios,90714300,Servicios de auditoría medioambiental sectoriales
Medio ambiente,Servicios,90714400,Servicios de auditoría medioambiental de actividades específicas
Medio ambiente,Servicios,90714500,Servicios de control de la calidad medioambiental
Medio ambiente,Servicios,90714600,Servicios de control de la seguridad medioambiental
Medio ambiente,Servicios,90715000,Servicios de estudio de la contaminación
Medio ambiente,Servicios,90715100,Servicios de estudio de la contaminación química y petrolera
Medio ambiente,Servicios,90715110,Estudio de emplazamientos de fábricas de gas
Medio ambiente,Servicios,90715120,Estudio de emplazamientos de vertederos de desechos de fábricas de productos químicos o refinerías de petróleo
Medio ambiente,Servicios,90715200,Otros servicios de estudio de la contaminación
Medio ambiente,Servicios,90715210,Estudio de emplazamientos de depósitos o terminales petroleros
Medio ambiente,Servicios,90715220,Estudio de emplazamientos industriales
Medio ambiente,Servicios,90715230,Estudio de vertederos de desechos industriales
Medio ambiente,Servicios,90715240,Estudio de emplazamientos de plantas de tratamiento de la madera
Medio ambiente,Servicios,90715250,Estudio de emplazamientos de plantas de limpieza en seco
Medio ambiente,Servicios,90715260,Estudio de emplazamientos de fundición
Medio ambiente,Servicios,90715270,Estudio de emplazamientos de planta de reciclado
Medio ambiente,Servicios,90715280,Estudio de emplazamientos de planta de transformación de alimentos
Medio ambiente,Servicios,90720000,Protección del medio ambiente
Medio ambiente,Servicios,90721000,Servicios de seguridad medioambiental
Medio ambiente,Servicios,90721100,Servicios de protección del paisaje
Medio ambiente,Servicios,90721200,Servicios de protección de la capa de ozono
Medio ambiente,Servicios,90721300,Servicios de protección contra la contaminación de alimentos y piensos
Medio ambiente,Servicios,90721400,Servicios de protección de los recursos genéticos
Medio ambiente,Servicios,90721500,Servicios de protección contra las sustancias tóxicas
Medio ambiente,Servicios,90721600,Servicios de protección contra la radiación
Medio ambiente,Servicios,90721700,Servicios de protección de las especies en peligro
Medio ambiente,Servicios,90721800,Servicios de protección contra los riesgos o peligros naturales
Medio ambiente,Servicios,90722000,Rehabilitación medioambiental
Medio ambiente,Servicios,90722100,Rehabilitación de emplazamientos industriales
Medio ambiente,Servicios,90722200,Servicios de descontaminación medioambiental
Medio ambiente,Servicios,90722300,Servicios de recuperación del suelo
Medio ambiente,Servicios,90730000,Rastreo y seguimiento de la contaminación y rehabilitación
Medio ambiente,Servicios,90731000,Servicios relacionados con la contaminación atmosférica
Medio ambiente,Servicios,90731100,Gestión de la calidad del aire
Medio ambiente,Servicios,90731200,Servicios de gestión o control de la contaminación atmosférica transfronteriza
Medio ambiente,Servicios,90731210,Compra de créditos de emisión de CO2
Medio ambiente,Servicios,90731300,Servicios de protección contra la contaminación atmosférica
Medio ambiente,Servicios,90731400,Servicios de seguimiento o medición de la contaminación atmosférica
Medio ambiente,Servicios,90731500,Servicios de detección de gases tóxicos
Medio ambiente,Servicios,90731600,Seguimiento del metano
Medio ambiente,Servicios,90731700,Servicios de seguimiento del dióxido de carbono
Medio ambiente,Servicios,90731800,Seguimiento de partículas en suspensión
Medio ambiente,Servicios,90731900,Servicios de seguimiento de la disminución de la capa de ozono
Medio ambiente,Servicios,90732000,Servicios relacionados con la contaminación del suelo
Medio ambiente,Servicios,90732100,Servicios de protección contra la contaminación del suelo
Medio ambiente,Servicios,90732200,Servicios de retirada de suelos contaminados
Medio ambiente,Servicios,90732300,Tratamiento o rehabilitación de suelos contaminados
Medio ambiente,Servicios,90732400,Servicios de asesoramiento sobre la contaminación del suelo
Medio ambiente,Servicios,90732500,Cartografía de contaminación del suelo
Medio ambiente,Servicios,90732600,Medición o seguimiento de la contaminación del suelo
Medio ambiente,Servicios,90732700,Evaluación de la contaminación por abonos orgánicos
Medio ambiente,Servicios,90732800,Evaluación de la contaminación por pesticidas
Medio ambiente,Servicios,90732900,Evaluación de la contaminación por nitratos y fosfatos
Medio ambiente,Servicios,90732910,Evaluación de la contaminación por nitratos
Medio ambiente,Servicios,90732920,Evaluación de la contaminación por fosfatos
Medio ambiente,Servicios,90733000,Servicios relacionados con la contaminación del agua
Medio ambiente,Servicios,90733100,Servicios de seguimiento o control de la contaminación de aguas superficiales
Medio ambiente,Servicios,90733200,Servicios de rehabilitación de la contaminación de aguas superficiales
Medio ambiente,Servicios,90733300,Servicios de protección contra la contaminación de aguas superficiales
Medio ambiente,Servicios,90733400,Servicios de tratamiento de aguas superficiales
Medio ambiente,Servicios,90733500,Servicios de drenaje de la contaminación de aguas superficiales
Medio ambiente,Servicios,90733600,Servicios de gestión o control de la contaminación transfronteriza de aguas
Medio ambiente,Servicios,90733700,Servicios de seguimiento o control de la contaminación de aguas subterráneas
Medio ambiente,Servicios,90733800,Servicios de drenaje de la contaminación de aguas subterráneas
Medio ambiente,Servicios,90733900,Tratamiento o rehabilitación de la contaminación de aguas subterráneas
Medio ambiente,Servicios,90740000,Servicios de rastreo y seguimiento de productos contaminantes y rehabilitación
Medio ambiente,Servicios,90741000,Servicios relacionados con la contaminación por hidrocarburos
Medio ambiente,Servicios,90741100,Servicios de seguimiento de vertidos de hidrocarburos
Medio ambiente,Servicios,90741200,Servicios de control de vertidos de hidrocarburos
Medio ambiente,Servicios,90741300,Servicios de rehabilitación por vertido de hidrocarburos
Medio ambiente,Servicios,90742000,Servicios relacionados con la contaminación acústica
Medio ambiente,Servicios,90742100,Servicios de control del ruido
Medio ambiente,Servicios,90742200,Servicios de protección contra la contaminación acústica
Medio ambiente,Servicios,90742300,Servicios de seguimiento de la contaminación acústica
Medio ambiente,Servicios,90742400,Servicios de asesoramiento sobre la contaminación acústica
Medio ambiente,Servicios,90743000,Servicios relacionados con la contaminación de sustancias tóxicas
Medio ambiente,Servicios,90743100,Servicios de seguimiento de sustancias tóxicas
Medio ambiente,Servicios,90743200,Servicios de rehabilitación de sustancias tóxicas
Medio ambiente,Servicios,90900000,Servicios sanitarios y de limpieza
Medio ambiente,Servicios,90910000,Servicios de limpieza
Medio ambiente,Servicios,90911000,"Servicios de limpieza de viviendas, edificios y ventanas"
Medio ambiente,Servicios,90911100,Servicios de limpieza de viviendas
Medio ambiente,Servicios,90911200,Servicios de limpieza de edificios
Medio ambiente,Servicios,90911300,Servicios de limpieza de ventanas
Medio ambiente,Servicios,90912000,Servicios de limpieza de estructuras tubulares por chorro de arena o de perdigones
Medio ambiente,Servicios,90913000,Servicios de limpieza de tanques y depósitos
Medio ambiente,Servicios,90913100,Servicios de limpieza de tanques
Medio ambiente,Servicios,90913200,Servicios de limpieza de depósitos
Medio ambiente,Servicios,90914000,Servicios de limpieza de aparcamientos
Medio ambiente,Servicios,90915000,Servicios de limpieza de hornos y chimeneas
Medio ambiente,Servicios,90916000,Servicios de limpieza de equipos telefónicos
Medio ambiente,Servicios,90917000,Servicios de limpieza de medios de transporte
Medio ambiente,Servicios,90918000,Servicios de limpieza de cubos de basura
Medio ambiente,Servicios,90919000,"Servicios de limpieza de oficinas, escuelas y equipo de oficina"
Medio ambiente,Servicios,90919100,Servicios de limpieza de equipo de oficina
Medio ambiente,Servicios,90919200,Servicios de limpieza de oficinas
Medio ambiente,Servicios,90919300,Servicios de limpieza de escuelas
Medio ambiente,Servicios,90920000,Servicios de higienización de instalaciones
Medio ambiente,Servicios,90921000,Servicios de desinfección y exterminio
Medio ambiente,Servicios,90922000,Servicios de control de plagas
Medio ambiente,Servicios,90923000,Servicios de desratización
Medio ambiente,Servicios,90924000,Servicios de fumigación
Cultura y deporte,Servicios,92000000,"Servicios de esparcimiento, culturales y deportivos"
Cultura y deporte,Servicios,92100000,Servicios de cine y vídeo
Cultura y deporte,Servicios,92110000,Servicios de producción de películas de cine y videocintas y servicios conexos
Cultura y deporte,Servicios,92111000,Servicios de producción de películas de cine y vídeo
Cultura y deporte,Servicios,92111100,Producción de películas y videocintas de formación
Cultura y deporte,Servicios,92111200,"Producción de películas y videocintas de publicidad, propaganda e información"
Cultura y deporte,Servicios,92111210,Producción de películas publicitarias
Cultura y deporte,Servicios,92111220,Producción de videocintas publicitarias
Cultura y deporte,Servicios,92111230,Producción de películas de propaganda
Cultura y deporte,Servicios,92111240,Producción de videocintas de propaganda
Cultura y deporte,Servicios,92111250,Producción de películas informativas
Cultura y deporte,Servicios,92111260,Producción de videocintas informativas
Cultura y deporte,Servicios,92111300,Producción de películas y videocintas de entretenimiento
Cultura y deporte,Servicios,92111310,Producción de películas de entretenimiento
Cultura y deporte,Servicios,92111320,Producción de videocintas de entretenimiento
Cultura y deporte,Servicios,92112000,Servicios relacionados con la producción de películas cinematográficas y videocintas
Cultura y deporte,Servicios,92120000,Servicios de distribución de películas cinematográficas o videocintas
Cultura y deporte,Servicios,92121000,Servicios de distribución de videocintas
Cultura y deporte,Servicios,92122000,Servicios de distribución de películas cinematográficas
Cultura y deporte,Servicios,92130000,Servicios de proyección cinematográfica
Cultura y deporte,Servicios,92140000,Servicios de proyección de videocintas
Cultura y deporte,Servicios,92200000,Servicios de radio y televisión
Cultura y deporte,Servicios,92210000,Servicios de radio
Cultura y deporte,Servicios,92211000,Servicios de producción radiofónica
Cultura y deporte,Servicios,92213000,Servicios de sistemas de radio de corto alcance
Cultura y deporte,Servicios,92214000,Servicios de equipos o estudios radiofónicos
Cultura y deporte,Servicios,92215000,Servicios de radio móvil general (GMRS)
Cultura y deporte,Servicios,92216000,Servicios de radio familiar (FRS)
Cultura y deporte,Servicios,92217000,Servicios de radio móvil general/Servicios de radio familiar (GMRS/FRS)
Cultura y deporte,Servicios,92220000,Servicios de televisión
Cultura y deporte,Servicios,92221000,Servicios de producción de televisión
Cultura y deporte,Servicios,92222000,Servicios de televisión en circuito cerrado
Cultura y deporte,Servicios,92224000,Televisión digital
Cultura y deporte,Servicios,92225000,Televisión interactiva
Cultura y deporte,Servicios,92225100,Televisión con películas a la carta
Cultura y deporte,Servicios,92226000,Teleprogramación
Cultura y deporte,Servicios,92230000,Servicios de radio y televisión por cable
Cultura y deporte,Servicios,92231000,Servicios bilaterales internacionales y líneas privadas internacionales arrendadas
Cultura y deporte,Servicios,92232000,Televisión por cable
Cultura y deporte,Servicios,92300000,Servicios de entretenimiento
Cultura y deporte,Servicios,92310000,Servicios de creación e interpretación de obras artísticas y literarias
Cultura y deporte,Servicios,92311000,Obras de arte
Cultura y deporte,Servicios,92312000,Servicios artísticos
Cultura y deporte,Servicios,92312100,"Servicios artísticos de productores de teatro, grupos de cantantes, bandas y orquestas"
Cultura y deporte,Servicios,92312110,Servicios artísticos de productores de teatro
Cultura y deporte,Servicios,92312120,Servicios artísticos de grupos de cantantes
Cultura y deporte,Servicios,92312130,Servicios artísticos de bandas de músicos
Cultura y deporte,Servicios,92312140,Servicios artísticos de orquestas
Cultura y deporte,Servicios,92312200,"Servicios proporcionados por autores, compositores, escultores, artistas del espectáculo y otros artistas que trabajan individualmente"
Cultura y deporte,Servicios,92312210,Servicios prestados por autores
Cultura y deporte,Servicios,92312211,Servicios de agencia de redacción
Cultura y deporte,Servicios,92312212,Servicios relacionados con la preparación de manuales de formación
Cultura y deporte,Servicios,92312213,Servicios de autoría técnica
Cultura y deporte,Servicios,92312220,Servicios prestados por compositores
Cultura y deporte,Servicios,92312230,Servicios prestados por escultores
Cultura y deporte,Servicios,92312240,Servicios prestados por artistas del espectáculo
Cultura y deporte,Servicios,92312250,Servicios prestados por artistas que trabajan individualmente
Cultura y deporte,Servicios,92312251,Servicios de disc jockey
Cultura y deporte,Servicios,92320000,Servicios de explotación de instalaciones artísticas
Cultura y deporte,Servicios,92330000,Servicios de zona recreativa
Cultura y deporte,Servicios,92331000,Servicios de ferias y parques de atracciones
Cultura y deporte,Servicios,92331100,Servicios de ferias
Cultura y deporte,Servicios,92331200,Servicios de parques de atracciones
Cultura y deporte,Servicios,92331210,Servicios de animación para niños
Cultura y deporte,Servicios,92332000,Servicios de playas
Cultura y deporte,Servicios,92340000,Servicios de baile y de diversión
Cultura y deporte,Servicios,92341000,Servicios de circo
Cultura y deporte,Servicios,92342000,Servicios de enseñanza de baile
Cultura y deporte,Servicios,92342100,Servicios de enseñanza de bailes de salón
Cultura y deporte,Servicios,92342200,Servicios de enseñanza de bailes de discoteca
Cultura y deporte,Servicios,92350000,Servicios de juegos de azar y apuestas
Cultura y deporte,Servicios,92351000,Servicios de juegos de azar
Cultura y deporte,Servicios,92351100,Servicios de explotación de loterías
Cultura y deporte,Servicios,92351200,Servicios de explotación de casinos
Cultura y deporte,Servicios,92352000,Servicios de apuestas
Cultura y deporte,Servicios,92352100,Servicios de explotación de sistema de apuestas mutuas
Cultura y deporte,Servicios,92352200,Servicios de corretaje de apuestas
Cultura y deporte,Servicios,92360000,Servicios de pirotecnia
Cultura y deporte,Servicios,92370000,Técnico de sonido
Cultura y deporte,Servicios,92400000,Servicios de agencias de noticias
Cultura y deporte,Servicios,92500000,"Servicios de bibliotecas, archivos, museos y otros servicios culturales"
Cultura y deporte,Servicios,92510000,Servicios de bibliotecas y archivos
Cultura y deporte,Servicios,92511000,Servicios de bibliotecas
Cultura y deporte,Servicios,92512000,Servicios de archivos
Cultura y deporte,Servicios,92512100,Servicios de destrucción de archivos
Cultura y deporte,Servicios,92520000,Servicios de museos y de preservación de lugares y edificios históricos
Cultura y deporte,Servicios,92521000,Servicios de museos
Cultura y deporte,Servicios,92521100,Servicios de exposición en museos
Cultura y deporte,Servicios,92521200,Servicios de preservación de material y especímenes de exposición
Cultura y deporte,Servicios,92521210,Servicios de preservación del material de exposición
Cultura y deporte,Servicios,92521220,Servicios de preservación de especímenes
Cultura y deporte,Servicios,92522000,Servicios de preservación de lugares y edificios históricos
Cultura y deporte,Servicios,92522100,Servicios de preservación de lugares históricos
Cultura y deporte,Servicios,92522200,Servicios de preservación de edificios históricos
Cultura y deporte,Servicios,92530000,Servicios de jardines botánicos y zoológicos y de reservas naturales
Cultura y deporte,Servicios,92531000,Servicios de jardines botánicos
Cultura y deporte,Servicios,92532000,Servicios de jardines zoológicos
Cultura y deporte,Servicios,92533000,Servicios de reservas naturales
Cultura y deporte,Servicios,92534000,Servicios de preservación de la vida silvestre
Cultura y deporte,Servicios,92600000,Servicios deportivos
Cultura y deporte,Servicios,92610000,Servicios de explotación de instalaciones deportivas
Cultura y deporte,Servicios,92620000,Servicios relacionados con los deportes
Cultura y deporte,Servicios,92621000,Servicios de promoción de espectáculos deportivos
Cultura y deporte,Servicios,92622000,Servicios de organización de espectáculos deportivos
Cultura y deporte,Servicios,92700000,Servicios de cibercafé
Salud y servicios sociales,Servicios,98000000,"Otros servicios comunitarios, sociales o personales"
Salud y servicios sociales,Servicios,98100000,Servicios de asociaciones
Salud y servicios sociales,Servicios,98110000,"Servicios proporcionados por organizaciones comerciales, profesionales y asociaciones especializadas"
Salud y servicios sociales,Servicios,98111000,Servicios proporcionados por organizaciones comerciales
Salud y servicios sociales,Servicios,98112000,Servicios prestados por organizaciones profesionales
Salud y servicios sociales,Servicios,98113000,Servicios proporcionados por organizaciones especializadas
Salud y servicios sociales,Servicios,98113100,Servicios relacionados con la seguridad nuclear
Salud y servicios sociales,Servicios,98120000,Servicios prestados por sindicatos
Salud y servicios sociales,Servicios,98130000,Servicios diversos prestados por asociaciones
Salud y servicios sociales,Servicios,98131000,Servicios religiosos
Salud y servicios sociales,Servicios,98132000,Servicios prestados por organizaciones políticas
Salud y servicios sociales,Servicios,98133000,Servicios prestados por asociaciones de carácter social
Salud y servicios sociales,Servicios,98133100,Servicios para el mejoramiento cívico y de apoyo a los servicios para la comunidad
Salud y servicios sociales,Servicios,98133110,Servicios proporcionados por asociaciones juveniles
Salud y servicios sociales,Servicios,98200000,Servicios de asesoramiento sobre igualdad de oportunidades
Salud y servicios sociales,Servicios,98300000,Servicios diversos
Salud y servicios sociales,Servicios,98310000,Servicios de lavado y limpieza en seco
Salud y servicios sociales,Servicios,98311000,Servicios de recogida de lavandería
Salud y servicios sociales,Servicios,98311100,Servicios de gestión de lavanderías
Salud y servicios sociales,Servicios,98311200,Servicios de explotación de lavanderías
Salud y servicios sociales,Servicios,98312000,Servicios de limpieza de artículos textiles
Salud y servicios sociales,Servicios,98312100,Servicios de impregnación de artículos textiles
Salud y servicios sociales,Servicios,98313000,Servicios de limpieza de artículos de piel
Salud y servicios sociales,Servicios,98314000,Servicios de coloración
Salud y servicios sociales,Servicios,98315000,Servicios de planchado
Salud y servicios sociales,Servicios,98316000,Servicios de teñido
Salud y servicios sociales,Servicios,98320000,Servicios de peluquería y tratamiento de belleza
Salud y servicios sociales,Servicios,98321000,Servicios de peluquería
Salud y servicios sociales,Servicios,98321100,Servicios de barbería
Salud y servicios sociales,Servicios,98322000,Servicios de tratamiento de belleza
Salud y servicios sociales,Servicios,98322100,"Servicios de tratamiento cosmético, manicura y pedicura"
Salud y servicios sociales,Servicios,98322110,Servicios de tratamiento con cosméticos
Salud y servicios sociales,Servicios,98322120,Servicios de manicura
Salud y servicios sociales,Servicios,98322130,Servicios de pedicura
Salud y servicios sociales,Servicios,98322140,Servicios de maquillaje
Salud y servicios sociales,Servicios,98330000,Servicios relacionados con el bienestar físico
Salud y servicios sociales,Servicios,98331000,Servicios de baños turcos
Salud y servicios sociales,Servicios,98332000,Servicios de balneario
Salud y servicios sociales,Servicios,98333000,Servicios de masajes
Salud y servicios sociales,Servicios,98334000,Servicios de bienestar físico
Salud y servicios sociales,Servicios,98336000,"Servicios de entrenamiento, ejercicio o aeróbic"
Salud y servicios sociales,Servicios,98340000,Servicios de alojamiento y de oficina
Salud y servicios sociales,Servicios,98341000,Servicios de alojamiento
Salud y servicios sociales,Servicios,98341100,Servicios de gestión de alojamientos
Salud y servicios sociales,Servicios,98341110,Servicios de administración interna
Salud y servicios sociales,Servicios,98341120,Servicios de portería
Salud y servicios sociales,Servicios,98341130,Servicios de conserjería
Salud y servicios sociales,Servicios,98341140,Servicios de vigilancia de inmuebles
Salud y servicios sociales,Servicios,98342000,Servicios relativos al entorno de trabajo
Salud y servicios sociales,Servicios,98350000,Servicios de instalaciones municipales
Salud y servicios sociales,Servicios,98351000,Servicios de gestión de aparcamientos
Salud y servicios sociales,Servicios,98351100,Servicios de aparcamientos
Salud y servicios sociales,Servicios,98351110,Servicios de aplicación de la reglamentación de aparcamientos
Salud y servicios sociales,Servicios,98360000,Servicios marítimos
Salud y servicios sociales,Servicios,98361000,Servicios relacionados con la flora y fauna marina
Salud y servicios sociales,Servicios,98362000,Servicios de gestión de puertos
Salud y servicios sociales,Servicios,98362100,Servicios de apoyo de bases marítimas
Salud y servicios sociales,Servicios,98363000,Servicios de buceo
Salud y servicios sociales,Servicios,98370000,Servicios funerarios y servicios conexos
Salud y servicios sociales,Servicios,98371000,Servicios funerarios
Salud y servicios sociales,Servicios,98371100,Servicios de cementerio y de cremación
Salud y servicios sociales,Servicios,98371110,Servicios de cementerio
Salud y servicios sociales,Servicios,98371111,Servicios de mantenimiento de cementerios
Salud y servicios sociales,Servicios,98371120,Servicios de cremación
Salud y servicios sociales,Servicios,98371200,Servicios de empresa funeraria
Salud y servicios sociales,Servicios,98380000,Servicios de perrera
Salud y servicios sociales,Servicios,98390000,Otros servicios
Salud y servicios sociales,Servicios,98391000,Servicios de desmantelamiento
Salud y servicios sociales,Servicios,98392000,Servicios de traslado
Salud y servicios sociales,Servicios,98393000,Servicios de sastrería
Salud y servicios sociales,Servicios,98394000,Servicios de tapicería
Salud y servicios sociales,Servicios,98395000,Servicios de cerrajería
Salud y servicios sociales,Servicios,98396000,Servicios de afinación de instrumentos
Salud y servicios sociales,Servicios,98500000,Casas particulares con personas empleadas
Salud y servicios sociales,Servicios,98510000,Servicios de trabajadores del comercio y la industria
Salud y servicios sociales,Servicios,98511000,Servicios de trabajadores del comercio
Salud y servicios sociales,Servicios,98512000,Servicios de trabajadores de la industria
Salud y servicios sociales,Servicios,98513000,Servicios de mano de obra para particulares
Salud y servicios sociales,Servicios,98513100,Servicios de personal de agencia para particulares
Salud y servicios sociales,Servicios,98513200,Servicios de personal administrativo para particulares
Salud y servicios sociales,Servicios,98513300,Personal temporal para particulares
Salud y servicios sociales,Servicios,98513310,Servicios de ayuda en tareas domésticas
Salud y servicios sociales,Servicios,98514000,Servicios domésticos
Salud y servicios sociales,Servicios,98900000,Servicios prestados por organizaciones y entidades extraterritoriales
Salud y servicios sociales,Servicios,98910000,Servicios específicos de organizaciones y entidades extraterritoriales
